0.00019322454889448003,0.00019540971484455376,0.00019689032394698325,0.0001987753623669458,0.00020192036160854076,0.00020664495009470492,0.00021286099105104084,0.00022024208678712916,0.00022835076537502193,0.00023670245794074407,0.00024479820020939665,0.0002521481804091099,0.0002583032837433557,0.00026291055480036146,0.0002657841569721072,0.00026689392347170214,0.0002662979422750569,0.00026411576691029985,0.00026050735639867657,0.00025565540562149216,0.000249751370204904,0.0002429850123680857,0.00023553704102239763,0.00022757431748384163,0.00021924709014203302,0.0002106877659690024,0.00020201079599615256,0.00019331332830575823,0.00018467635550801164,0.0001761661489012596,0.00016783582648678767,0.00015972694654802056,0.00015187105343812703,0.00014429112884228884,0.00013700292151250603,0.0001300161426783746,0.0001233355242296859,0.00011696174337414488,0.0001108922216356228,0.000105121808443176,9.964336068656251e-5,9.444822987531254e-5,8.952666822896226e-5,8.486816436176343e-5,8.04617183597771e-5,7.629606508961178e-5,7.235985359933834e-5,6.864178952086722e-5,6.513074648902934e-5,6.181585177137254e-5
0.0001783731784851832,0.0001805548730996455,0.00018201413204799874,0.0001837449746144984,0.00018657460371826254,0.00019086297071426974,0.00019658831762176844,0.00020348660134164497,0.00021117002528945342,0.0002191932177258633,0.00022709077791269227,0.00023440206451177083,0.00024069877828363228,0.00024563412657839935,0.0002490065503501189,0.00025075837571793,0.00025091740028538646,0.00024957280259783416,0.00024685608190647536,0.0002429246092757888,0.00023794825954670488,0.00023209911658762138,0.0002255439707685476,0.00021843919722258707,0.0002109275664166364,0.00020313655732505042,0.00019517779172404913,0.00018714726842401801,0.00017912613795252044,0.00017118181531243273,0.00016336927810460582,0.0001557324386136047,0.00014830551163634952,0.00014111432570570776,0.00013417754499339235,0.00012750778367487205,0.000121112604940391,0.00011499540404742915,0.00010915617959500274,0.00010359220018002733,9.829857526419682e-5,9.326873981872995e-5,8.849486241601628e-5,8.396818611896974e-5,7.967931094079647e-5,7.561842592427962e-5,7.177549810086625e-5,6.814042479072722e-5,6.470315493085177e-5,6.145378439139093e-5
0.0001648719987017162,0.00016704622067377958,0.0001684865966948282,0.00017009207126981952,0.0001726424165665802,0.00017653260821209662,0.00018179386178617,0.00018822138665159347,0.00019547260606069493,0.00020314387185908924,0.00021080192684752014,0.0002180150121421327,0.00022437607678451983,0.00022954701271116234,0.00023331566556761496,0.0002356017742669361,0.00023640704361994324,0.00023579367832774834,0.00023386728468261414,0.00023076169453757666,0.00022662630652966413,0.00022161607362141287,0.00021588398207630363,0.00020957571612319374,0.0002028261422915236,0.00019575724427663542,0.00018847716876598523,0.00018108008812170242,0.00017364663633620867,0.0001662447237740204,0.0001589305804103471,0.00015174991507013795,0.00014473910926835734,0.000137926389049117,0.00013133293745795752,0.0001249739248202213,0.00011885944469919959,0.00011299535105572767,0.00010738399740821087,0.00010202488226771864,9.691520725909189e-5,9.205035550183759e-5,8.742429829839309e-5,8.302993817892103e-5,7.885939604305859e-5,7.490424963932234e-5,7.115573001752133e-5,6.760488193912003e-5,6.424269357565684e-5,6.106020019325126e-5
0.00015257712296458032,0.00015473685901201613,0.00015616300538126134,0.00015766251736983194,0.00015997111044743656,0.0001634979049818973,0.0001683248086403467,0.00017429714554460408,0.00018111776447888626,0.0001884222777324129,0.00019581078574552549,0.00020287859396186266,0.00020924036344754644,0.0002145685966369952,0.00021864476915469657,0.00022137041675496369,0.00022272498709718458,0.000222746912460547,0.00022151840443591542,0.000219151568797661,0.00021577652658225874,0.0002115317804065447,0.00020655677865425231,0.00020098646566452203,0.0001949475278114454,0.00018855602404812605,0.00018191610280921563,0.00017511953920939683,0.00016824586654181343,0.00016136291742305527,0.00015452762864340147,0.0001477869978864256,0.00014117910925314135,0.0001347341679868079,0.00012847550338744527,0.00012242051326239004,0.00011658153407143592,0.00011096662885554357,0.00010558029068434697,0.00010042406323330035,9.549708263255231e-5,9.079654626155891e-5,8.63181149697569e-5,8.205625549647363e-5,7.800452980417516e-5,7.415583775016404e-5,7.05026190918709e-5,6.703702031411956e-5,6.375103122913383e-5,6.063659576177071e-5
0.00014136414144758492,0.00014350202024294837,0.0001449185677488451,0.0001463284662256974,0.00014842344756225273,0.0001516225353599845,0.0001560442213323461,0.0001615798064283579,0.00016797793180951806,0.00017490961615469815,0.00018200703819923136,0.00018889290291633382,0.00019520337246889708,0.00020062295115394442,0.00020493021830183812,0.00020801236232389627,0.00020983005028893273,0.00021040092558193363,0.0002097862042964558,0.0002080780718679057,0.0002053886278874266,0.00020184070434506974,0.00019756059996815987,0.0001926726009646382,0.00018729506693366624,0.00018153782464640927,0.0001755006118224547,0.00016927233313071248,0.00016293092108728006,0.00015654362850015294,0.0001501676124365493,0.00014385070003567746,0.0001376322527728784,0.00013154406770781425,0.00012561127199503015,0.00011985318092231342,0.00011428410049957678,0.00010891406369370452,0.00010374949530577274,9.879380467124481e-5,9.404790821887389e-5,8.951068577134087e-5,8.517937556868491e-5,8.104991355022695e-5,7.711722260034949e-5,7.337545737059221e-5,6.981821002597895e-5,6.643868189467591e-5,6.32298255755457e-5,6.0184461612713764e-5
0.00013112228992653553,0.00013323371808072026,0.00013463831373853824,0.00013597367131654037,0.0001378828254117335,0.00014078497123545377,0.00014483074871134404,0.0001499525106774764,0.00015593933806961574,0.00016249762092866924,0.00016928998098369107,0.00017596593846232368,0.00018218305164560152,0.00018763874302840742,0.0001921115214693975,0.00019547759837227192,0.00019768198829707746,0.00019872430218871183,0.00019864703905721564,0.00019752423410953027,0.0001954512489813578,0.0001925360947425457,0.0001888924043493386,0.0001846339957462332,0.0001798708660294058,0.00017470640942216013,0.00016923563958656752,0.0001635442064469025,0.0001577080194264229,0.00015179331609125446,0.000145857043330361,0.0001399474448029716,0.0001341047720901434,0.000128362057237319,0.00012274590111303549,0.0001172772454678033,0.00011197210713577386,0.00010684226091147082,0.00010189586368493236,9.713801682572154e-5,9.257126691815454e-5,8.819604705914214e-5,8.401106228033709e-5,8.001362344213123e-5,7.619993432378087e-5,7.256533672113877e-5,6.910451825369814e-5,6.581168734428773e-5,6.268071951907517e-5,5.970527881973542e-5
0.00012175080355385284,0.00012383314703391716,0.00012522323497079766,0.00012649601514745542,0.00012824312589247515,0.00013087908234702376,0.0001345780975253871,0.00013930977209465305,0.00014490037781781417,0.00015108807608517471,0.0001575675940719387,0.0001640131278332526,0.0001701032448675222,0.00017554909775984874,0.0001801313493269333,0.0001837181550359217,0.0001862416725788189,0.00018768600767584139,0.0001880770853736006,0.00018747250350875273,0.00018595217194126325,0.00018361017575108172,0.00018054803863220073,0.00017686938794045663,0.0001726759162749649,0.00016806447801650623,0.0001631251374683305,0.00015793998590183416,0.00015258255875467695,0.00014711770498081374,0.00014160178376563165,0.00013608308676159563,0.0001306024050994187,0.0001251936789116985,0.00011988468271662886,0.00011469771281219813,0.00010965025306886087,0.00010475560350562516,0.0001000234621408204,9.546045516083898e-5,9.107061375390247e-5,8.685579827715967e-5,8.281607198769447e-5,7.895002755556541e-5,7.525507013796076e-5,7.172766104474713e-5,6.836352605861934e-5,6.515783235714671e-5,6.210533777165012e-5,5.9200515848418826e-5
0.00011316322590554834,0.00011521300697449127,0.00011658964196762614,0.00011780844802571032,0.00011941313623781231,0.00012181027353961126,0.00012519096209424023,0.00012955685775160994,0.00013476679209022046,0.00014059215870695335,0.0001467559743405972,0.00015295661207289117,0.00015889335459764046,0.00016429143548863008,0.000168935506249045,0.00017268817612319743,0.00017547122876465014,0.00017725556581506158,0.00017805253755817543,0.00017790494405946463,0.0001768785125317626,0.00017505432145883715,0.0001725223944562226,0.0001693765157325267,0.00016571020953800092,0.00016161376319622064,0.00015717214390444364,0.000152463652541936,0.00014755916482867207,0.00014252182517352884,0.00013740707716530242,0.00013226293408449092,0.00012713041133135928,0.00012204405933314869,0.00011703254989198855,0.00011211928098224344,0.00010732297482133028,0.00010265825184777738,9.813616931812331e-5,9.376471785929282e-5,8.954927274997042e-5,8.549299918924007e-5,8.159721254750387e-5,7.786169575408427e-5,7.428497669863505e-5,7.086456892169729e-5,6.759717903308656e-5,6.447888429438483e-5,6.150528368681552e-5,5.867162559826097e-5
0.00010528363844079763,0.00010729827913933059,0.00010866031895088651,0.00010983195432217777,0.00011131304283739973,0.00011349586244153775,0.00011658486256626358,0.00012060806948157796,0.00012545589459712718,0.00013092977286271058,0.00013677873186649107,0.00014272493537222919,0.00014848799902013614,0.00015380728699685903,0.0001584728710357073,0.00016234395414831994,0.00016533413774099493,0.00016740320156120536,0.00016854977248002156,0.00016880340783291363,0.00016821688878590067,0.00016685921391633877,0.0001648095515287633,0.0001621522440096634,0.00015897284750541305,0.0001553551232016934,0.00015137886116342402,0.0001471184044465916,0.00014264174237145106,0.00013801005168968664,0.00013327757875295873,0.0001284917718830007,0.0001236935891464097,0.00011891792158219886,0.00011419408506493953,0.00010954634520437765,0.00010499444899400732,0.0001005541444641907,9.623767557132381e-5,9.205424418865921e-5,8.801043457992384e-5,8.411059834029458e-5,8.035719966406321e-5,7.675112210112631e-5,7.329193882634461e-5,6.997814897416304e-5,6.680738287190737e-5,6.377657910689228e-5,6.088213633796246e-5,5.812004265233852e-5
9.804421979197097e-5,0.00010002109302823955,0.00010136698992567422,0.00010249677911572223,0.00010386994957452896,0.00010586120520889642,0.00010868403168779278,0.00011238884336209984,0.00011689388555159507,0.00012202817559087068,0.0001275658792903624,0.00013325248268735243,0.00013882668528524014,0.00014404209701269292,0.0001486953141396233,0.0001526439361004178,0.00015579530560857073,0.00015809995364124725,0.00015954548690475052,0.00016014968308312156,0.0001599535695551321,0.00015901498499763675,0.00015740290827371677,0.00015519268130180522,0.00015246214392131317,0.00014928862934004852,0.00014574672904445546,0.0001419067176994954,0.00013783352469509048,0.00013358614428605022,0.00012921738679063364,0.00012477388629150235,0.00012029629387352091,0.00011581959847974058,0.00011137352931491589,0.00010698300406405263,0.00010266859593932108,9.844699977935463e-5,9.433148323644797e-5,9.033231367393253e-5,8.645715494064587e-5,8.27114308703149e-5,7.909865433241442e-5,7.562072207939035e-5,7.227817661491542e-5,6.907043694920719e-5,6.599600049319805e-5,6.305261853961901e-5,6.023744783802239e-5,5.754718073338455e-5
9.138399375606504e-5,9.332141483491327e-5,9.464976067273252e-5,9.574294208525503e-5,9.70210079748175e-5,9.884112738396665e-5,0.0001014214381495207,0.00010483080825807513,0.0001090126873892266,0.00011382094531442809,0.00011905367591370692,0.00012447895632219133,0.00012985346056254552,0.00013494502055886408,0.00013955759746492064,0.00014354870566568286,0.0001468211074927462,0.00014931776098826307,0.00015101681040685818,0.00015192562066743042,0.00015207460458146842,0.00015151134306569684,0.0001502953003887878,0.0001484932874127934,0.0001461757199076107,0.00014341364865004647,0.0001402764952543097,0.00013683040530016523,0.0001331371222285436,0.00012925328679862962,0.00012523007395303442,0.00012111308904256068,0.00011694245666879232,0.00011275304670389605,0.00010857479260862112,0.00010443306659921907,0.00010034908434805367,9.63403187290173e-5,9.24209077138089e-5,8.860204601488653e-5,8.489235360142421e-5,8.129821693483387e-5,7.782410082131121e-5,7.447283028717062e-5,7.124584295886107e-5,6.814341316776464e-5,6.516484947736265e-5,6.230866761140987e-5,5.9572740896729227e-5,5.6954430363997075e-5
8.524899624884811e-5,8.714597454135342e-5,8.845526949791193e-5,8.95156732314675e-5,9.071015692970804e-5,9.237764696887387e-5,9.473713541543909e-5,9.787321950909244e-5,0.00010175083698400663,0.00010624774171441287,0.00011118432138889229,0.0001163490919512554,0.0001215166207223855,0.0001264687168561596,0.0001310172617435794,0.00013502094678973867,0.00013837940958468087,0.0001410295266927442,0.00014294139676289971,0.00014411324096244194,0.00014456593763273462,0.00014433768545354041,0.00014347910790665395,0.00014204897202473385,0.0001401105924267842,0.00013772892154761648,0.0001349682822768872,0.0001318906737777929,0.0001285545696905986,0.00012501412584570696,0.0001213187185886451,0.00011751274230290414,0.00011363560388847442,0.00010972186158143143,0.0001058014647980019,0.00010190006019593667,9.803933663880521e-5,9.423738815098149e-5,9.050907928664803e-5,8.686640168724239e-5,8.331881407963814e-5,7.987356069289054e-5,7.653596516541094e-5,7.330969858805256e-5,7.019702148163966e-5,6.719900032595971e-5,6.431569981428535e-5,6.15463523631244e-5,5.8889506610588e-5,5.634315672795149e-5
7.959091690770607e-5,8.144634672054548e-5,8.273605609513054e-5,8.37661850422794e-5,8.488691660864859e-5,8.641811899365792e-5,8.857730874728897e-5,9.14612871279524e-5,9.505396349898383e-5,9.9254396968503e-5,0.00010390475963286257,0.00010881207713502366,0.00011376839817663718,0.00011856914427254665,0.00012303450558426039,0.00012702539272640019,0.0001304395732384497,0.00013320916276427023,0.0001352974965014552,0.00013669482333736113,0.0001374135042040699,0.00013748319778947416,0.0001369463514048036,0.0001358541846247039,0.000134263256018291,0.0001322326344311873,0.00012982165061407313,0.00012708817732590575,0.00012408737169571627,0.00012087080866912606,0.00011748593564968802,0.00011397578356545131,0.00011037887678955858,0.00010672929238765158,0.00010305682723763763,9.938723916161635e-5,9.574253504475026e-5,9.214128486525148e-5,8.859894560246339e-5,8.512818316770473e-5,8.173918389418178e-5,7.843994982333383e-5,7.52365741355045e-5,7.213349468939142e-5,6.913372484569967e-5,6.623906163426699e-5,6.345027194779006e-5,6.07672578661104e-5,5.8189202479820245e-5,5.5714697728607545e-5
7.436669749834963e-5,7.617971810400659e-5,7.744877416783916e-5,7.845121048339995e-5,7.95070861546404e-5,8.091657141330913e-5,8.289415016567193e-5,8.554569092210788e-5,8.88722747467334e-5,9.279205665902577e-5,9.716659897230959e-5,0.00010182130167840003,0.00010656471080664411,0.00011120535896972014,0.0001155720595109784,0.00011952876406503136,0.00012297244444304517,0.00012583161863535862,0.0001280640130518149,0.00012965298011376116,0.00013060331523342592,0.0001309369411917702,0.00013068877803941225,0.00012990299615263615,0.0001286297579982431,0.00012692248728516414,0.00012483565833286474,0.00012242306932676677,0.00011973654662409113,0.0001168250199281204,0.00011373390710302306,0.00011050475041640455,0.00010717505139019722,0.00010377825800308729,0.00010034386488721146,9.689759385916877e-5,9.346162829760615e-5,9.005488035885217e-5,8.669327474609288e-5,8.33900367240758e-5,8.015597534864304e-5,7.69997555304135e-5,7.392815465545366e-5,7.094630112461002e-5,6.805789342468287e-5,6.526539927921022e-5,6.257023510563993e-5,5.997292648218412e-5,5.747325064586042e-5,5.507036223996408e-5
6.953728281403584e-5,7.130797696911847e-5,7.255544444986333e-5,7.353251910406183e-5,7.453073828300352e-5,7.583143965221595e-5,7.76444497228167e-5,8.008244292012352e-5,8.316087234862831e-5,8.681555599560896e-5,9.09255647173132e-5,9.533399050133436e-5,9.986481772776466e-5,0.0001043393192145172,0.00010859505765009649,0.00011249969865612912,0.00011595033153014162,0.00011887289600090358,0.000121220544703134,0.0001229707168021287,0.00012412152820870734,0.00012468792833875532,0.0001246979380931998,0.00012418917280412547,0.0001232057673574474,0.00012179575636914548,0.00012000891690198434,0.00011789505117895503,0.00011550266862658604,0.00011287801729383261,0.0001100644116618212,0.00010710180501925907,0.00010402655833994438,0.00010087136278922687,9.76652787756913e-5,9.443386029326284e-5,9.119933881442504e-5,8.798084599467557e-5,8.479465883643338e-5,8.165445471348318e-5,7.857156679690901e-5,7.555523299989442e-5,7.261283363425157e-5,6.975011461401056e-5,6.697139431760363e-5,6.427975319169736e-5,6.1677205902796e-5,5.916485636568501e-5,5.674303634225298e-5,5.441142854500853e-5
6.506800891830112e-5,6.67968760038937e-5,6.802218227000091e-5,6.897489729446216e-5,6.992187318608008e-5,7.112552182115986e-5,7.278954837169622e-5,7.503170373013927e-5,7.787919755847485e-5,8.128385518685173e-5,8.514137567539988e-5,8.931095286743643e-5,9.363113988376803e-5,9.793569676951878e-5,0.00010207090917060258,0.0001059086758575791,0.00010934697356836164,0.0001123100522725379,0.0001147474143642403,0.00011663148026239958,0.00011795450696537513,0.00011872518938897331,0.0001189652527287704,0.00011870624244466612,0.00011798663762770779,0.00011684935212077775,0.00011533964334205372,0.00011350341838058497,0.00011138590767041469,0.00010903066572324001,0.00010647885370396312,0.00010376875817894519,0.00010093550266739819,9.801091255947986e-5,9.502349871417823e-5,9.199853004805036e-5,8.89581702990369e-5,8.592165866796257e-5,8.290551808153414e-5,7.99237783335763e-5,7.698820434514028e-5,7.410852226756e-5,7.129263818199188e-5,6.8546845778595e-5,6.587602068448172e-5,6.328380010569918e-5,6.077274720497262e-5,5.834450019758833e-5,5.599990655133775e-5,5.3739142955691706e-5
6.0927691887276924e-5,6.261533145071599e-5,6.381795557800857e-5,6.474750960147652e-5,6.564871803348589e-5,6.676564420109251e-5,6.829494480750271e-5,7.035729782856527e-5,7.299051198610186e-5,7.616003631120312e-5,7.977721539332791e-5,8.371606532488016e-5,8.782897326439989e-5,9.196169633337078e-5,9.596917112046989e-5,9.972793709545347e-5,0.00010313750153040325,0.00010612119464018813,0.00010862568890361593,0.00011061919629450981,0.00011208887138875805,0.00011303782868494104,0.00011348207362959688,0.0001134475541039902,0.00011296746401149965,0.00011207987243183722,0.00011082570874788888,0.00010924710385402853,0.00010738606756265658,0.00010528347031894622,0.00010297829126705216,0.00010050709286952554,9.790368328918771e-5,9.51989305345677e-5,9.242069615509001e-5,8.959386048363269e-5,8.674041567580777e-5,8.387960683861382e-5,8.102810523009764e-5,7.820020077390805e-5,7.540800394561342e-5,7.266164946282782e-5,6.996949617883235e-5,6.733831918162904e-5,6.477349138288586e-5,6.227915289063021e-5,5.985836723934025e-5,5.7513264141237715e-5,5.524516885852786e-5,5.305471860824924e-5
5.708834940020871e-5,5.8735253979484436e-5,5.991468298676456e-5,6.082252025995402e-5,6.168241519702052e-5,6.272178014693078e-5,6.412917483502736e-5,6.602702763128562e-5,6.846147156353962e-5,7.141064898467486e-5,7.479950396110715e-5,7.851621126919577e-5,8.242630646939308e-5,8.638688364914078e-5,9.02614239187317e-5,9.39314043660745e-5,9.729839399808744e-5,0.00010028546647235276,0.00010283718965227792,0.00010491829802685652,0.00010651153814738102,0.00010761507312671054,0.0001082397351934987,0.00010840633102258816,0.00010814313508705302,0.00010748365148207953,0.0001064646832694415,0.0001051247185270651,0.00010350262191596947,0.00010163660770620914,9.956346303156912e-5,9.731798712727115e-5,9.493261217975622e-5,9.243717318435212e-5,8.98587971053161e-5,8.722188510666747e-5,8.454816527966085e-5,8.185679687195947e-5,7.91645103607579e-5,7.648577071696979e-5,7.38329538392934e-5,7.121652839119533e-5,6.864523716665996e-5,6.61262736727675e-5,6.366545088469668e-5,6.126736014068987e-5,5.893551893876955e-5,5.667250700887238e-5,5.4480090495714614e-5,5.235933442725668e-5
5.3524737945665415e-5,5.5131342271373175e-5,5.6287491409241856e-5,5.7174385374698494e-5,5.799702958672984e-5,5.896690472894737e-5,6.0264203587099745e-5,6.201153785882738e-5,6.426209213202186e-5,6.700478118157819e-5,7.017741959841148e-5,7.36810058096658e-5,7.739360283796429e-5,8.118302262201514e-5,8.492115044733091e-5,8.84945979936084e-5,9.180742888909501e-5,9.478302755163536e-5,9.736449546916481e-5,9.951374633799058e-5,0.00010120975349561669,0.00010244631304937603,0.0001032295999192479,0.00010357571771874564,0.00010350837941082865,0.00010305680433358198,0.0001022538776608548,0.0001011345892092954,9.973474804474342e-5,9.808995588066763e-5,9.623481422378619e-5,9.420233622843429e-5,9.202353311598716e-5,8.972714587013329e-5,8.733949501081779e-5,8.488442403816731e-5,8.238331523228973e-5,7.985515962548747e-5,7.73166659539818e-5,7.478239614092166e-5,7.226491730600279e-5,6.97749624204697e-5,6.732159353387031e-5,6.491236301011022e-5,6.255346945270178e-5,6.024990600430996e-5,5.800559950599784e-5,5.582353962796342e-5,5.370589756495681e-5,5.165413425144102e-5
5.021394559960453e-5,5.178089274221951e-5,5.2913663486783696e-5,5.378037429979069e-5,5.456937300835983e-5,5.5476838400620774e-5,5.667462077119181e-5,5.828431911871476e-5,6.0364748525840527e-5,6.291448944483395e-5,6.588276799997563e-5,6.918260396507246e-5,7.270358232007558e-5,7.632392157257832e-5,7.992361942888487e-5,8.339455469298566e-5,8.66436324442404e-5,8.959502943267079e-5,9.219093960105427e-5,9.43910434214499e-5,9.617111909685655e-5,9.752113638422998e-5,9.844309759851559e-5,9.89488215351259e-5,9.905780734343547e-5,9.879526750119426e-5,9.819038152471325e-5,9.72747938229606e-5,9.608135880032439e-5,9.464312249979378e-5,9.29925213875493e-5,9.116077408647378e-5,8.917743992427462e-5,8.707011821280873e-5,8.486426353949569e-5,8.258309450918301e-5,8.02475759405826e-5,7.787645722348142e-5,7.548635219498759e-5,7.309184837879785e-5,7.070563568291327e-5,6.833864663704217e-5,6.600020196463344e-5,6.369815673596767e-5,6.143904355675311e-5,5.9228210237027565e-5,5.7069950183906205e-5,5.496762439609758e-5,5.292377443342456e-5,5.094022611404216e-5
4.713523509337e-5,4.8663290389240253e-5,4.977261596075096e-5,5.0619836977436425e-5,5.1378203144868435e-5,5.222959612230762e-5,5.3337402425569926e-5,5.482143705159898e-5,5.674480795764355e-5,5.911435705921498e-5,6.188982613457647e-5,6.499528796034898e-5,6.83310862325297e-5,7.178528858717331e-5,7.524577356709233e-5,7.860974676549394e-5,8.178722650210563e-5,8.470358702291756e-5,8.730060141600468e-5,8.953624048579343e-5,9.138361173390103e-5,9.282935682773587e-5,9.387175889305754e-5,9.451874910975195e-5,9.478594842428755e-5,9.46948357226474e-5,9.427109839223726e-5,9.354319406359582e-5,9.254113237119421e-5,9.129547160796694e-5,8.983651599018915e-5,8.819369381795242e-5,8.639509416999456e-5,8.446713912285404e-5,8.243436919807144e-5,8.031932132227997e-5,7.814248065902869e-5,7.592228996632701e-5,7.367520245975469e-5,7.141576639153809e-5,6.915673161403258e-5,6.690917023992106e-5,6.46826051249161e-5,6.24851412828542e-5,6.0323596509747845e-5,5.8203628461186295e-5,5.612985621824117e-5,5.4105975013176416e-5,5.2134863290375166e-5,5.021868167028478e-5
4.4269821560562534e-5,4.575981794446501e-5,4.6845609708927954e-5,4.767399781097015e-5,4.840440972746446e-5,4.920538150815745e-5,5.023181145672894e-5,5.1601140170140085e-5,5.3379563365847975e-5,5.558124285451764e-5,5.817508476065765e-5,6.109549087190684e-5,6.425288241001739e-5,6.754459580294076e-5,7.08661227577495e-5,7.412000306816481e-5,7.721957490546311e-5,8.009174732256301e-5,8.267829395091966e-5,8.493594047278331e-5,8.683559769244198e-5,8.836103668688282e-5,8.950724384307261e-5,9.027863819917246e-5,9.068728461530163e-5,9.075119515600919e-5,9.04927777898312e-5,8.993746557889662e-5,8.911254008869436e-5,8.804614879995037e-5,8.676650684167012e-5,8.53012674390945e-5,8.367704224083628e-5,8.191905143809936e-5,8.005088372694985e-5,7.809434722372835e-5,7.606939406366296e-5,7.399410332564181e-5,7.188470893960985e-5,6.975566121511491e-5,6.761971249551176e-5,6.548801914179239e-5,6.337025355870071e-5,6.127472128691581e-5,5.92084793040277e-5,5.7177452616190016e-5,5.51865469991095e-5,5.3239756379599324e-5,5.134026385693109e-5,4.949053576438144e-5
4.160062306747829e-5,4.305337635072902e-5,4.411572952114323e-5,4.492585592889483e-5,4.563068816155926e-5,4.638625199157871e-5,4.733907968534052e-5,4.8603649805705855e-5,5.0248509808698814e-5,5.229380445335774e-5,5.4716927165844394e-5,5.746154846582745e-5,6.044752018501047e-5,6.358095237409286e-5,6.676464254394932e-5,6.99064322432966e-5,7.29231297273972e-5,7.57434561152026e-5,7.830954808944621e-5,8.057729657582497e-5,8.251584252680629e-5,8.410650501516632e-5,8.534136581713531e-5,8.62216852614542e-5,8.675627972619604e-5,8.695995323270408e-5,8.68520444487641e-5,8.64551257643478e-5,8.579387229050918e-5,8.4894104839908e-5,8.3782001318464e-5,8.248346466659488e-5,8.102363178593131e-5,7.942650612430767e-5,7.771469622513816e-5,7.590924313786605e-5,7.402952079040076e-5,7.209319498093803e-5,7.011622836356275e-5,6.811292054463369e-5,6.609597408373934e-5,6.407657874795198e-5,6.206450776898066e-5,6.006822108683158e-5,5.809497162944347e-5,5.6150911583364684e-5,5.424119636786516e-5,5.237008464922733e-5,5.054103323926906e-5,4.87567861284376e-5
3.911211111950616e-5,4.052850239946313e-5,4.156768718421229e-5,4.236006331650388e-5,4.3041254572620976e-5,4.375585386810426e-5,4.4642098430446306e-5,4.581113691003008e-5,4.733290934781486e-5,4.923275338375758e-5,5.149556674446731e-5,5.407353090159396e-5,5.689521256271846e-5,5.98749858010972e-5,6.292267788249893e-5,6.59513485662382e-5,6.88813778719035e-5,7.164352327473933e-5,7.418059407514145e-5,7.644800724868194e-5,7.841351684527842e-5,8.005637160070117e-5,8.136611137856991e-5,8.234116918521264e-5,8.298740532324794e-5,8.331666539212271e-5,8.334542481857043e-5,8.309355928146053e-5,8.258326230402628e-5,8.18381177638709e-5,8.08823253944167e-5,7.97400708064073e-5,7.843502748192401e-5,7.69899760020066e-5,7.542652496432335e-5,7.376491822138693e-5,7.202391389603179e-5,7.022072185767746e-5,6.837098778091617e-5,6.648881342119682e-5,6.458680423528009e-5,6.267613688559186e-5,6.0766640459354625e-5,5.886688638718255e-5,5.698428305491971e-5,5.5125171969858104e-5,5.329492307616193e-5,5.149802742603052e-5,4.973818591602477e-5,4.801839320550638e-5
3.679018828261911e-5,3.817114334633031e-5,3.9187454196776424e-5,3.996255583140306e-5,4.062184917016405e-5,4.129940869087828e-5,4.212542192924035e-5,4.3207290549964535e-5,4.461575165447921e-5,4.638049800225709e-5,4.849293138265007e-5,5.091308493788776e-5,5.357765636756842e-5,5.6408731260388606e-5,5.932285220575061e-5,6.223820066447258e-5,6.507878849044678e-5,6.777758724408008e-5,7.027834096583695e-5,7.253630831060883e-5,7.451819868518441e-5,7.620153731755564e-5,7.75736565075597e-5,7.863047152819091e-5,7.937516341118007e-5,7.981685891946582e-5,7.996937104587913e-5,7.985004140974976e-5,7.947870861900042e-5,7.887681350216816e-5,7.806664248990562e-5,7.707070372333979e-5,7.591122610582634e-5,7.460976897068974e-5,7.318692885816054e-5,7.166212970108217e-5,7.00534832048556e-5,6.837770713084524e-5,6.665009037015258e-5,6.488449498990468e-5,6.309338674988835e-5,6.128788685767242e-5,5.947783891329185e-5,5.767188606611523e-5,5.58775543560207e-5,5.410133903657763e-5,5.234879138430672e-5,5.062460409346065e-5,4.893269385062105e-5,4.727628008914036e-5
3.4622021011293964e-5,3.596844561624642e-5,3.696224247340972e-5,3.7720524101365976e-5,3.8359472902712266e-5,3.900344032178449e-5,3.977491017772586e-5,4.0777281966927935e-5,4.208150029060141e-5,4.372076220861196e-5,4.5692368259877036e-5,4.796335132922182e-5,5.047796395620621e-5,5.3165528544553844e-5,5.5948981699170665e-5,5.875150327498469e-5,6.150076156060484e-5,6.413207914608303e-5,6.659035454748303e-5,6.8830962678329e-5,7.081987298624635e-5,7.253320130356136e-5,7.395637958375354e-5,7.508309360575037e-5,7.591410616405473e-5,7.645605410217737e-5,7.67202825797337e-5,7.672175934660961e-5,7.64780953248108e-5,7.600868506563801e-5,7.533397115847762e-5,7.447482989209772e-5,7.345207090178656e-5,7.228604070840494e-5,7.099631855897351e-5,6.960149246407332e-5,6.811900350884132e-5,6.656504716195522e-5,6.495452124320233e-5,6.330101130011328e-5,6.161680529001145e-5,5.9912930597157715e-5,5.819920748947296e-5,5.648431410824752e-5,5.4775858971810614e-5,5.308045775555259e-5,5.1403811786397634e-5,4.9750786265863794e-5,4.812548671952519e-5,4.653133257177678e-5
3.2595908534646084e-5,3.390873582718416e-5,3.4880403121573e-5,3.562229241132076e-5,3.6242260598928534e-5,3.685570183239546e-5,3.757774637666862e-5,3.8507661220941365e-5,3.9715988120156846e-5,4.1238849605933065e-5,4.30786312714937e-5,4.520881140917602e-5,4.758052873000189e-5,5.012992620790649e-5,5.278599466682317e-5,5.5476772137389714e-5,5.8133577892523305e-5,6.069418690514025e-5,6.310483414849722e-5,6.532124818696578e-5,6.73089286134711e-5,6.904286538290347e-5,7.050687150046464e-5,7.169267074628534e-5,7.259885296648642e-5,7.322978291257623e-5,7.359452556210667e-5,7.370583157083766e-5,7.357921089158543e-5,7.323211034504639e-5,7.268320163675724e-5,7.195177953719009e-5,7.105726523572782e-5,7.001880683103511e-5,6.885496715977229e-5,6.758348837453621e-5,6.622112259335818e-5,6.478351834121378e-5,6.328515321753e-5,6.173930412158218e-5,6.0158047352204476e-5,5.855228189920645e-5,5.693177021294917e-5,5.530519164467115e-5,5.368020457497463e-5,5.206351398279336e-5,5.046094185011598e-5,4.887749835149951e-5,4.7317452247428174e-5,4.578439929437296e-5
3.0701167845601414e-5,3.198135019646935e-5,3.293126703752346e-5,3.365716797640269e-5,3.425937893250994e-5,3.484502606192999e-5,3.5522239468797856e-5,3.6386057630944694e-5,3.750626466880042e-5,3.892120499262544e-5,4.0637747779883896e-5,4.263514497470939e-5,4.4870932101204654e-5,4.728759250725484e-5,4.981985582157613e-5,5.240046206438553e-5,5.496435076186435e-5,5.745181968726311e-5,5.981058872769761e-5,6.19969439009712e-5,6.397615332912334e-5,6.572233610983562e-5,6.721794324975778e-5,6.845298400771995e-5,6.942410501128248e-5,7.013360541570508e-5,7.058845015856871e-5,7.079932538557463e-5,7.07797653772433e-5,7.054536857757594e-5,7.011311128862839e-5,6.950076087499892e-5,6.872638553757911e-5,6.780795450113798e-5,6.676302048463711e-5,6.560847529564655e-5,6.436036906479836e-5,6.303378381013674e-5,6.164275253127456e-5,6.020021575271316e-5,5.871800826798419e-5,5.72068697104765e-5,5.567647344306676e-5,5.413546908299888e-5,5.2591534740048104e-5,5.1051435733232085e-5,4.952108715946661e-5,4.800561821702463e-5,4.650943664071645e-5,4.5036291989886846e-5
2.8928033315866614e-5,3.0176506843361894e-5,3.1105096908876006e-5,3.1815403662239186e-5,3.240092843694046e-5,3.296120851454069e-5,3.359771540474822e-5,3.440127450118462e-5,3.544047605631382e-5,3.67554244079271e-5,3.835683946329923e-5,4.022918052804351e-5,4.233584618034925e-5,4.4625232729868316e-5,4.703749531166378e-5,4.9509908186712706e-5,5.1980979312107496e-5,5.439357290617876e-5,5.669701254962396e-5,5.884831526151752e-5,6.081272706581979e-5,6.256372477090836e-5,6.408263128693374e-5,6.535796962666863e-5,6.63846576843131e-5,6.716312409183373e-5,6.769840597940901e-5,6.799927275534968e-5,6.807740614390039e-5,6.794665553755949e-5,6.76223789792145e-5,6.712087347616535e-5,6.645889353588248e-5,6.565325348120566e-5,6.47205069551915e-5,6.367669579967525e-5,6.253715996005943e-5,6.131640004308306e-5,6.002798447963238e-5,5.8684493799390344e-5,5.729749521364371e-5,5.5877541456371676e-5,5.443418860061168e-5,5.297602831143427e-5,5.151073069538158e-5,5.0045094545013114e-5,4.858510234925804e-5,4.713597794365532e-5,4.57022451106876e-5,4.428778581325585e-5
2.7267563351318277e-5,2.8485253227334625e-5,2.9392961836180322e-5,3.008805631509942e-5,3.0657853392459036e-5,3.119491805330688e-5,3.1794439406777797e-5,3.254300615735019e-5,3.3507810747219146e-5,3.473016046755633e-5,3.62241029253695e-5,3.797878133307902e-5,3.996294717360734e-5,4.213051250856345e-5,4.442674227847485e-5,4.679327033494986e-5,4.9172103822918676e-5,5.150869399164237e-5,5.375406070919207e-5,5.5866098368337215e-5,5.781021381002606e-5,5.955944564708729e-5,6.109420095456989e-5,6.24017264502315e-5,6.347541095192211e-5,6.431399625313354e-5,6.492075573587542e-5,6.530268454969738e-5,6.546973216765775e-5,6.543409751071747e-5,6.520959841746579e-5,6.481112077047774e-5,6.42541477939582e-5,6.355436663053354e-5,6.272734702510778e-5,6.178828555306727e-5,6.075180812144023e-5,5.963182326939883e-5,5.844141895332367e-5,5.71927959052966e-5,5.589723121044639e-5,5.456506638864805e-5,5.320571493773474e-5,5.182768496189364e-5,5.0438613145275736e-5,4.90453069209749e-5,4.7653792220582036e-5,4.626936466555075e-5,4.48966424783201e-5,4.3539619750806336e-5
2.5711565123032685e-5,2.6899383178418172e-5,2.7786656107356014e-5,2.846689982396854e-5,2.902183226263649e-5,2.953762309248823e-5,3.0103495161345577e-5,3.080189465236836e-5,3.1698342199851064e-5,3.2834982236841075e-5,3.422867933074323e-5,3.587274939164193e-5,3.774084061649547e-5,3.979198673562612e-5,4.1976262730011865e-5,4.42394804935194e-5,4.652706290338747e-5,4.8787049072464854e-5,5.0972224722757776e-5,5.304148365112383e-5,5.496055236659031e-5,5.6702212804251665e-5,5.8246148219184496e-5,5.9578521579615054e-5,6.069137795114643e-5,6.158194472380471e-5,6.225188727014676e-5,6.270656330303221e-5,6.295430702524433e-5,6.300576411275699e-5,6.287329050881905e-5,6.257042171992625e-5,6.211141456050783e-5,6.151085984874025e-5,6.078336217827134e-5,5.9943281366856394e-5,5.9004529323704815e-5,5.7980415720686435e-5,5.6883535862492296e-5,5.572569441671213e-5,5.451785909844901e-5,5.327013893730812e-5,5.1991782335610795e-5,5.069119071819601e-5,4.937594414956639e-5,4.805283583589151e-5,4.6727912927029764e-5,4.540652148139512e-5,4.4093353852625464e-5,4.279249710214124e-5
2.4252526214159453e-5,2.541136599277954e-5,2.627865903014562e-5,2.694440558565324e-5,2.7485259325904658e-5,2.798148410538047e-5,2.8516722187872905e-5,2.91693331437976e-5,3.0003002656342554e-5,3.106033858021773e-5,3.2360591310318156e-5,3.390076913985032e-5,3.5658985293715835e-5,3.759903370203809e-5,3.9675501509462365e-5,4.183819324193457e-5,4.403585263818105e-5,4.621909068996338e-5,4.834250836378241e-5,5.036609914762694e-5,5.2256046240223824e-5,5.398503565025681e-5,5.553219994869735e-5,5.688279443497428e-5,5.802769196815487e-5,5.896276694251467e-5,5.968822409086312e-5,6.020791459689474e-5,6.052867063990516e-5,6.065968001360963e-5,6.061191476126312e-5,6.039762168809823e-5,6.002987795066564e-5,5.9522211472281123e-5,5.888828348955161e-5,5.8141628905892924e-5,5.7295449142955744e-5,5.636245169034307e-5,5.535473043174211e-5,5.428368096683917e-5,5.315994546902148e-5,5.199338205224615e-5,5.079305411597571e-5,4.9567235656447896e-5,4.832342904878971e-5,4.706839229864913e-5,4.580817322197098e-5,4.454814843049171e-5,4.3293065374969714e-5,4.204708602779162e-5
2.288355083042251e-5,2.4014284447020033e-5,2.486206028676506e-5,2.5513661447066262e-5,2.604112010277852e-5,2.6519325406430403e-5,2.7026638517731396e-5,2.763744425907287e-5,2.8413459941291003e-5,2.9397451147973004e-5,3.0610631844997594e-5,3.205330046820965e-5,3.370762606611386e-5,3.5541794105114366e-5,3.751462813722502e-5,3.957973908325386e-5,4.168908768951143e-5,4.379582662660654e-5,4.585640388765246e-5,4.78319935723156e-5,4.9689352838790586e-5,5.1401213469337996e-5,5.294631293564823e-5,5.4309159432294364e-5,5.547961197607323e-5,5.645234263578934e-5,5.7226234539447045e-5,5.78037571666158e-5,5.819034986718537e-5,5.839383562868557e-5,5.842387978927182e-5,5.829150253621376e-5,5.8008649476017385e-5,5.758782113310997e-5,5.7041759750045724e-5,5.63831900532456e-5,5.562460955970695e-5,5.477812339500952e-5,5.385531835423014e-5,5.2867170966702256e-5,5.182398454273856e-5,5.073535052149566e-5,4.961012985391124e-5,4.8456450605637965e-5,4.728171842382e-5,4.609263695919575e-5,4.4895235757657235e-5,4.369490352513636e-5,4.2496425021993384e-5,4.1304020156220595e-5
2.159830141083829e-5,2.270177822804563e-5,2.3530502616716608e-5,2.4168294331973378e-5,2.4682975269748026e-5,2.5144535827320456e-5,2.562637224399421e-5,2.6198999923598805e-5,2.6922068482873625e-5,2.7838242286132817e-5,2.8970344986247986e-5,3.0321557491805317e-5,3.187773442055331e-5,3.3611114585456955e-5,3.5484486306797885e-5,3.745508054910718e-5,3.947796433809115e-5,4.150878990867052e-5,4.3505868761539464e-5,4.543161933024169e-5,4.725347217553606e-5,4.89443291196891e-5,5.04826718497822e-5,5.1852407445554906e-5,5.304252688967091e-5,5.404664020082503e-5,5.4862439705198254e-5,5.549113183017847e-5,5.593686799899832e-5,5.620619683789649e-5,5.630755296087503e-5,5.625079197765222e-5,5.6046776944321506e-5,5.570701809106827e-5,5.5243365161140386e-5,5.466774992860234e-5,5.399197529087335e-5,5.3227546629776095e-5,5.2385540794780004e-5,5.1476507991369374e-5,5.051040198094865e-5,4.949653425431873e-5,4.844354818037034e-5,4.7359409517529925e-5,4.625141007971655e-5,4.512618175079644e-5,4.398971842751962e-5,4.2847403831454894e-5,4.170404346016544e-5,4.0563899243891635e-5
2.039095145072829e-5,2.1467993444651747e-5,2.2278131268162487e-5,2.290243323697714e-5,2.3404914327718303e-5,2.3851054642306775e-5,2.430961392410848e-5,2.484736059915328e-5,2.5521814150016472e-5,2.637529987950249e-5,2.7431931374075756e-5,2.86974162504488e-5,3.016095096410096e-5,3.1798495472524394e-5,3.357654681937882e-5,3.5455770963578824e-5,3.7394225430338847e-5,3.9350010020230394e-5,4.1283302990383506e-5,4.315781560515746e-5,4.494173522268087e-5,4.66082420575066e-5,4.813568628392267e-5,4.950750621108734e-5,5.07119586813314e-5,5.1741721926249193e-5,5.2593420200211035e-5,5.3267109332345284e-5,5.3765753261775374e-5,5.409471379218386e-5,5.4261269233159165e-5,5.42741722238198e-5,5.414325275113691e-5,5.387906905356677e-5,5.3492606603957686e-5,5.2995023561750895e-5,5.239743984759776e-5,5.171076621103988e-5,5.0945569233757035e-5,5.011196805204896e-5,4.921955862079019e-5,4.8277361518674824e-5,4.7293789564100674e-5,4.6276631835805344e-5,4.523305104431143e-5,4.416959155873556e-5,4.309219574349938e-5,4.20062265912783e-5,4.091649494525911e-5,3.9827289882484665e-5
1.9256133732155615e-5,2.0307537060160694e-5,2.1099550665452672e-5,2.1710675060144903e-5,2.2201488986943733e-5,2.263330691370325e-5,2.3070558535934785e-5,2.3576426073444205e-5,2.4206231289285946e-5,2.5001784732368713e-5,2.5988201406202787e-5,2.717337887479127e-5,2.854953343076916e-5,3.009604243676728e-5,3.178286374822032e-5,3.357391574399786e-5,3.5430127186979594e-5,3.7311985348046275e-5,3.9181527109140397e-5,4.1003791628754634e-5,4.2747792047007864e-5,4.438708083046634e-5,4.5899987039180236e-5,4.72695998158064e-5,4.8483564490382555e-5,4.953374816988125e-5,5.04158218981732e-5,5.112879719239946e-5,5.167454638158029e-5,5.2057328865933895e-5,5.228333922142888e-5,5.2360287954865275e-5,5.229702158697812e-5,5.2103185497724825e-5,5.17889304925821e-5,5.13646622240987e-5,5.0840831317761694e-5,5.022776120274699e-5,4.9535510145323153e-5,4.8773763746064596e-5,4.795175412482903e-5,4.7078202123800504e-5,4.61612790636437e-5,4.5208584855361e-5,4.422713957280022e-5,4.3223385907270064e-5,4.2203200240830396e-5,4.117191037809235e-5,4.0134318260468475e-5,3.909472624757573e-5
1.8188909926996987e-5,1.9215436124419593e-5,1.9989782350240463e-5,2.058804036345765e-5,2.106766990457535e-5,2.148615198489504e-5,2.1903875907918357e-5,2.238057959966829e-5,2.2969388881314025e-5,2.37114145485717e-5,2.4632519933037343e-5,2.5742511350686924e-5,2.7036308853149016e-5,2.8496421764636155e-5,3.009603363123255e-5,3.180213611485983e-5,3.3578407818841146e-5,3.538765686223608e-5,3.7193760893560494e-5,3.8963110218447677e-5,4.0665599838630756e-5,4.227523516540228e-5,4.3770421779027485e-5,4.513400739690479e-5,4.6353137846285664e-5,4.74189806033639e-5,4.8326360734106585e-5,4.907334563898547e-5,4.966080728596693e-5,5.009198381191645e-5,5.037205654653093e-5,5.050775364910209e-5,5.050698758435682e-5,5.037853051153114e-5,5.013172922099774e-5,4.97762594229783e-5,4.932191787369291e-5,4.877844992341706e-5,4.8155409505115075e-5,4.746204827826843e-5,4.6707230537815236e-5,4.5899370539845344e-5,4.504638904112604e-5,4.415568606355323e-5,4.3234127150355965e-5,4.228804065724806e-5,4.132322390314294e-5,4.034495628053236e-5,3.935801768712694e-5,3.836671088332043e-5
1.718472064442961e-5,1.8187101070569808e-5,1.894423100774355e-5,1.952993079798576e-5,1.9998819769457802e-5,2.040485389730553e-5,2.0804649013301353e-5,2.1254659841175324e-5,2.1805808699602857e-5,2.2498384804121368e-5,2.3358770380862444e-5,2.4398405098246247e-5,2.561462956166421e-5,2.6992818990882794e-5,2.8509157498672247e-5,3.01335351109267e-5,3.183225788880415e-5,3.3570383025901285e-5,3.5313602826628024e-5,3.702967165451786e-5,3.868941092716561e-5,4.02673477585554e-5,4.174205016698265e-5,4.3096221167599956e-5,4.431660911522378e-5,4.539378462470855e-5,4.632182665558513e-5,4.709795271066964e-5,4.772212100910258e-5,4.81966261734894e-5,4.852570450415084e-5,4.871516030482478e-5,4.8772020929820844e-5,4.870422517151292e-5,4.852034721504289e-5,4.822935656479516e-5,4.784041300717099e-5,4.736269473285057e-5,4.6805257123857304e-5,4.617691934866849e-5,4.548617574422603e-5,4.474112894754691e-5,4.3949441830485876e-5,4.3118305455924676e-5,4.225442048552919e-5,4.1363989707414944e-5,4.0452719601340055e-5,3.9525829107230176e-5,3.8588064002434114e-5,3.764371551803971e-5
1.6239343535490943e-5,1.7218292302286373e-5,1.7958651110435126e-5,1.8532095825964986e-5,1.899065437363904e-5,1.9385038135532013e-5,1.9768348182218278e-5,2.0193907643381377e-5,2.07104599323266e-5,2.1357357930040457e-5,2.2161307219155934e-5,2.313513217948906e-5,2.4278332700793883e-5,2.557890063998881e-5,2.7015805551591284e-5,2.8561665746959754e-5,3.0185292354013577e-5,3.1853915917223374e-5,3.353501034521195e-5,3.519769795286731e-5,3.68137608644416e-5,3.835830586215937e-5,3.981013858908093e-5,4.115190387152751e-5,4.2370045269507384e-5,4.3454631031603525e-5,4.43990868092564e-5,4.519986859600122e-5,4.585610286328708e-5,4.636921500669851e-5,4.674256209866655e-5,4.69810815881154e-5,4.709096396625971e-5,4.7079354475196735e-5,4.695408660162218e-5,4.672344829441653e-5,4.63959804950185e-5,4.59803065987069e-5,4.548499080479962e-5,4.491842290234969e-5,4.4288726821421415e-5,4.360369021196079e-5,4.2870712353721307e-5,4.209676781988207e-5,4.128838348783321e-5,4.045162669305321e-5,3.959210254014349e-5,3.8714958607377026e-5,3.782489549886109e-5,3.692618190584065e-5
1.534889378043327e-5,1.630509117261986e-5,1.7029116232610158e-5,1.7590603561326768e-5,1.803921181872186e-5,1.842266300025161e-5,1.8790789640464674e-5,1.919393636159942e-5,1.9678695371337975e-5,2.0283402192316173e-5,2.1034910897590695e-5,2.1947205446632012e-5,2.302170297640036e-5,2.424877884538119e-5,2.560998431599958e-5,2.7080501233945166e-5,2.8631524219259416e-5,3.0232378540062995e-5,3.185228088073112e-5,3.346171757728388e-5,3.5033456639790543e-5,3.6543232748187855e-5,3.797015455007007e-5,3.929688575748328e-5,4.050964906976287e-5,4.1598097040429285e-5,4.255508804046257e-5,4.337639928214462e-5,4.406040293666267e-5,4.4607725962663344e-5,4.502090948294072e-5,4.530407943953273e-5,4.546263681098532e-5,4.5502972847198794e-5,4.5432212508352984e-5,4.5257987519158356e-5,4.498823909980152e-5,4.4631049444337886e-5,4.419450032382676e-5,4.368655673883803e-5,4.311497328426927e-5,4.248722077521773e-5,4.181043067959298e-5,4.109135498040779e-5,4.033633922362671e-5,3.9551306676071813e-5,3.8741751706689266e-5,3.791274070161668e-5,3.706891902026683e-5,3.621452268967226e-5
1.4509752126333936e-5,1.5443873400219733e-5,1.615199256807607e-5,1.67018138503703e-5,1.7140823804277292e-5,1.7513992270827404e-5,1.7868109859716273e-5,1.8250694370679387e-5,1.8706231162018753e-5,1.92719690158224e-5,1.9974759043425968e-5,2.082954570125445e-5,2.1839438371255452e-5,2.2996978631067068e-5,2.4286106106917114e-5,2.5684407124949388e-5,2.7165339730571937e-5,2.8700243293192483e-5,3.0260033698963685e-5,3.181655062447091e-5,3.334356508241906e-5,3.481747911839003e-5,3.6217760821325505e-5,3.752716115610348e-5,3.873175774106935e-5,3.982086672857572e-5,4.0786858777641676e-5,4.162490957653496e-5,4.233270997344213e-5,4.291015577829409e-5,4.3359032844028505e-5,4.368270917204895e-5,4.388584251484778e-5,4.3974109238050655e-5,4.395395800737581e-5,4.3832390126569474e-5,4.3616767011079396e-5,4.331464428029361e-5,4.293363123233824e-5,4.248127397904259e-5,4.19649602179973e-5,4.139184346413628e-5,4.0768784519940446e-5,4.010230800270007e-5,3.939857184496216e-5,3.86633478213515e-5,3.79020113160774e-5,3.711953871842964e-5,3.632051101015138e-5,3.550912228152785e-5
1.3718570407609063e-5,1.4631291536767664e-5,1.5323914438220765e-5,1.5862353906993e-5,1.6292093522396752e-5,1.6655567702444237e-5,1.6996736595196982e-5,1.7360440140867824e-5,1.7789108323882706e-5,1.8318853312354038e-5,1.8976393109203073e-5,1.9777448538402825e-5,2.072661858716137e-5,2.1818407655515366e-5,2.3038960645832635e-5,2.4368115277617013e-5,2.5781475037325048e-5,2.7252311563748717e-5,2.875319253677204e-5,3.0257294505981185e-5,3.1739401495350965e-5,3.3176614519643514e-5,3.454880940850324e-5,3.583888473102657e-5,3.703284121619249e-5,3.811973097075246e-5,3.909151036761295e-5,3.994282556149044e-5,4.067075468969991e-5,4.127452622105308e-5,4.175522877310859e-5,4.2115524091646437e-5,4.2359371787460775e-5,4.249177183502809e-5,4.2518528717563425e-5,4.244603940593153e-5,4.2281106033464246e-5,4.2030773122750826e-5,4.170218848375766e-5,4.1302486388851015e-5,4.0838691296988584e-5,4.0317640209330306e-5,3.974592165960664e-5,3.912982934724397e-5,3.8475328486750055e-5,3.778803305452617e-5,3.7073192249138323e-5,3.633568463141963e-5,3.558001856767174e-5,3.481033775575863e-5
1.2972284717750743e-5,1.3864226350314346e-5,1.4541761510845478e-5,1.5069096554219666e-5,1.548987262427004e-5,1.584418574301395e-5,1.617336385096701e-5,1.6519714197008143e-5,1.6923668983642968e-5,1.7420168877935662e-5,1.803568625704266e-5,1.878655480765805e-5,1.9678675991704992e-5,2.0708328231964943e-5,2.1863688684188643e-5,2.3126699524641058e-5,2.4474994251231336e-5,2.588369440721467e-5,2.732696902761863e-5,2.8779310143529883e-5,3.0216518556688058e-5,3.161641881441079e-5,3.295933539815073e-5,3.4228367468707276e-5,3.540950001152594e-5,3.6491586933567686e-5,3.7466237922473854e-5,3.83276365374918e-5,3.9072312574387476e-5,3.969888753099368e-5,4.020780815654412e-5,4.0601079671080436e-5,4.088200731312494e-5,4.105495240426492e-5,4.1125107079648185e-5,4.109829018388022e-5,4.098076552841485e-5,4.077908270297107e-5,4.0499939885389474e-5,4.015006755924122e-5,3.973613168789134e-5,3.926465467321851e-5,3.87419523166187e-5,3.817408497344987e-5,3.75668211280578e-5,3.6925611696970606e-5,3.625557347820425e-5,3.556148029338538e-5,3.484776050748679e-5,3.411849975172896e-5
1.2268048298071158e-5,1.3139787164331802e-5,1.3802639719080022e-5,1.4319139895750591e-5,1.4731240220646735e-5,1.5076876376114335e-5,1.5394929256954997e-5,1.5725314998992564e-5,1.6106530322373473e-5,1.6572321118027846e-5,1.714881824729187e-5,1.785282352061361e-5,1.869136886581028e-5,1.966233145282604e-5,2.0755757494417083e-5,2.1955552948123117e-5,2.3241268831438078e-5,2.4589794273859447e-5,2.5976846902976408e-5,2.7378208687625714e-5,2.877069551642393e-5,3.013287374826575e-5,3.1445550734416304e-5,3.269207246356927e-5,3.385846279458808e-5,3.493343718663336e-5,3.590832073370354e-5,3.67768965066701e-5,3.7535206222087806e-5,3.8181321400997524e-5,3.8715099623044966e-5,3.91379373062227e-5,3.9452527681513896e-5,3.96626302832394e-5,3.9772856318946136e-5,3.9788472684956036e-5,3.9715226117310946e-5,3.9559187972454807e-5,3.932661937807312e-5,3.902385594348745e-5,3.865721083625782e-5,3.823289478496574e-5,3.7756951429856275e-5,3.723520638864593e-5,3.6673228413967346e-5,3.607630107420507e-5,3.5449403477036496e-5,3.479719866338956e-5,3.4124028419766846e-5,3.343391338234131e-5
1.1603228367133383e-5,1.2455299849856623e-5,1.3103861535459643e-5,1.3609789161152299e-5,1.4013484449222567e-5,1.435088388650923e-5,1.4658594270470228e-5,1.4974277212295407e-5,1.5334560033616865e-5,1.577198169123434e-5,1.631225067090688e-5,1.6972506994152162e-5,1.7760756764991996e-5,1.867631325848151e-5,1.9710938098660692e-5,2.0850366658538033e-5,2.207595822626913e-5,2.3366287740027568e-5,2.469856695285091e-5,2.604983876398646e-5,2.7397927710468035e-5,2.8722154649263302e-5,3.0003837970043263e-5,3.122661054836538e-5,3.237658369562598e-5,3.344238848291087e-5,3.441512230446629e-5,3.528822524411621e-5,3.605730724085094e-5,3.6719943533698145e-5,3.727545258044492e-5,3.772466768330521e-5,3.806971095652053e-5,3.8313776042511974e-5,3.846092411043684e-5,3.8515896128174825e-5,3.848394315365309e-5,3.8370675409065075e-5,3.8181930146628935e-5,3.792365775269436e-5,3.760182513647792e-5,3.722233518109604e-5,3.6790960872105574e-5,3.631329263961522e-5,3.57946974348546e-5,3.5240288094373595e-5,3.4654901611434604e-5,3.40430850233506e-5,3.340908772695868e-5,3.275685914514817e-5
1.0975350778575375e-5,1.1808297621060324e-5,1.2442931198913803e-5,1.2938540159068106e-5,1.3334085590052152e-5,1.3663649376359981e-5,1.3961725996965222e-5,1.426385308337639e-5,1.4604857492161774e-5,1.5016068397028851e-5,1.552270423080719e-5,1.6142128037621123e-5,1.6883177822550044e-5,1.7746452302671254e-5,1.872528411356844e-5,1.9807109983852055e-5,2.0974991703920114e-5,2.2209109201819113e-5,2.3488112725732905e-5,2.4790274247659136e-5,2.6094416407972425e-5,2.7380622287854013e-5,2.863074402938377e-5,2.9828735813427356e-5,3.096083941012702e-5,3.201565025590639e-5,3.2984090046496573e-5,3.385930900094204e-5,3.463653777547442e-5,3.531290581126981e-5,3.588723987369784e-5,3.6359853784167966e-5,3.6732337905938446e-5,3.7007354835190175e-5,3.7188445960831743e-5,3.727985207086657e-5,3.728634997273776e-5,3.7213106129815315e-5,3.706554756467409e-5,3.6849249711440394e-5,3.656984048536466e-5,3.623291955096728e-5,3.58439915868995e-5,3.540841224454719e-5,3.493134546045043e-5,3.4417730793858634e-5,3.3872259507508646e-5,3.329935818107944e-5,3.270317873426186e-5,3.208759383310107e-5
1.0382128905113009e-5,1.1196461738750793e-5,1.1817534725988391e-5,1.2303064165482063e-5,1.269070078053265e-5,1.3012795139134423e-5,1.3301880127105309e-5,1.3591494088394397e-5,1.3914734126321983e-5,1.4301724636926827e-5,1.4777138164398136e-5,1.535845900895171e-5,1.605522783711807e-5,1.686918947765171e-5,1.779511209746903e-5,1.882201197921349e-5,1.9934551306520437e-5,2.1114435488331606e-5,2.2341696945908122e-5,2.3595802560943708e-5,2.485655900321836e-5,2.6104814920585988e-5,2.7322974015623175e-5,2.849534105300955e-5,2.9608326133877295e-5,3.065053287652849e-5,3.1612754683914945e-5,3.2487900879474436e-5,3.327087168370753e-5,3.3958398112009283e-5,3.4548860094109095e-5,3.504209355541565e-5,3.543919491387882e-5,3.574232945220142e-5,3.5954548322191296e-5,3.6079617511134184e-5,3.612186092725531e-5,3.608601881639946e-5,3.597712197779944e-5,3.58003816758058e-5,3.556109472026559e-5,3.526456288690075e-5,3.491602564799667e-5,3.4520605063552465e-5,3.4083261626458134e-5,3.3608759847522136e-5,3.310164239485869e-5,3.256621165692701e-5,3.200651767098528e-5,3.142635144217593e-5
9.821399442830058e-6,1.0617628386335915e-5,1.12255026101744e-5,1.1701194032290666e-5,1.2081150071739283e-5,1.239611019174154e-5,1.2676785724811725e-5,1.2954834751508086e-5,1.3261696180580117e-5,1.3626301280835876e-5,1.4072731404643673e-5,1.4618502580244069e-5,1.5273740999944985e-5,1.6041208972644335e-5,1.6916983293726236e-5,1.7891544172436125e-5,1.8951055864258927e-5,2.007867135180611e-5,2.125574862443755e-5,2.246291348815571e-5,2.3680939559227166e-5,2.489144053615432e-5,2.6077385089372863e-5,2.7223453171904746e-5,2.8316256367408383e-5,2.934444570815168e-5,3.0298729402418067e-5,3.117182091765945e-5,3.195833540010529e-5,3.265464980535525e-5,3.325873956803421e-5,3.37700022661446e-5,3.4189076596957964e-5,3.4517663100942294e-5,3.4758351451374766e-5,3.4914457760232e-5,3.498987421752872e-5,3.498893245980043e-5,3.4916281329460164e-5,3.4776779116465964e-5,3.457539994303314e-5,3.431715363915769e-5,3.400701824088586e-5,3.3649884106509874e-5,3.325050857191913e-5,3.281348004139399e-5,3.2343190422303216e-5,3.184381485158068e-5,3.13192977202707e-5,3.0773344073338063e-5
9.291215456586537e-6,1.0069815659268315e-5,1.0664816688000216e-5,1.1130911783096409e-5,1.150340370245589e-5,1.181153698906127e-5,1.2084331373216883e-5,1.2351677905834452e-5,1.2643429026794572e-5,1.298734010065154e-5,1.3406865325303655e-5,1.3919474067401878e-5,1.4535772129228578e-5,1.5259420748635833e-5,1.608768667121195e-5,1.701240446524237e-5,1.8021146008761057e-5,1.9098435792462927e-5,2.0226900838878142e-5,2.138828849772657e-5,2.2564319706781725e-5,2.3737369318234265e-5,2.4890980441401718e-5,2.6010228581060685e-5,2.7081955622401154e-5,2.8094894994331175e-5,2.9039708778691288e-5,2.990895591665449e-5,3.069700851964059e-5,3.139993095501379e-5,3.2015334051713474e-5,3.254221457768485e-5,3.298078814446869e-5,3.333232192429187e-5,3.3598972029359265e-5,3.378362909613131e-5,3.388977452509651e-5,3.392134893055274e-5,3.3882633634246904e-5,3.3778145469916834e-5,3.361254473153612e-5,3.339055577638199e-5,3.3116899566011687e-5,3.279623727721699e-5,3.243312402585731e-5,3.2031971706007364e-5,3.159701994408183e-5,3.1132314192759625e-5,3.0641690034879544e-5,3.0128762826591624e-5
8.789744029485246e-6,9.551152380812909e-6,1.0133604774533075e-5,1.0590337982096608e-5,1.0955570755215235e-5,1.1257159418642049e-5,1.1522552546437974e-5,1.177998125820959e-5,1.2057782849472506e-5,1.238255862751637e-5,1.2777107930273874e-5,1.325878519116652e-5,1.3838580289777439e-5,1.4520944321500929e-5,1.5304223169565704e-5,1.6181502114785514e-5,1.7141670127473925e-5,1.8170549176586046e-5,1.9251979156049805e-5,2.0368790560110524e-5,2.1503629899599444e-5,2.2639626336003896e-5,2.3760903378386202e-5,2.485294860695382e-5,2.5902859058675124e-5,2.689948161003244e-5,2.7833467521596838e-5,2.869725904262409e-5,2.9485024130704833e-5,3.0192553257646397e-5,3.081713015718408e-5,3.135738634752197e-5,3.181314740177895e-5,3.218527727645056e-5,3.247552555406535e-5,3.268638120939096e-5,3.2820935458500735e-5,3.28827553813683e-5,3.2875769303462065e-5,3.2804164361180556e-5,3.267229624077003e-5,3.248461075246088e-5,3.224557666383764e-5,3.19596290533153e-5,3.163112234210665e-5,3.1264292108870666e-5,3.086322477477858e-5,3.043183425889908e-5,2.997384473701726e-5,2.9492778685012546e-5
