1.196959198423997e-23,1.8214596497756476e-23,1.0408340855860844e-24,1.0538445116559105e-23,1.0408340855860844e-24,6.505213034913028e-25,4.8789097761847703e-26,0.0,1.3010426069826055e-25,6.098637220230963e-27,0.0,0.0,0.0,0.0,0.0,2.744386749103933e-26,1.6008922703106278e-25,1.880413142904547e-26,1.880413142904547e-26,6.70850094225406e-26,3.1763735522036266e-26,0.0,4.243635065744045e-26,3.4660588201645977e-25,1.7241355641361285e-25,2.083701050245579e-26,3.1623975085739307e-25,6.136753702857407e-26,2.0443140181982542e-25,1.1346006328471356e-25,2.622414004699314e-25,4.507909345287387e-25,5.558653716356347e-26,1.1339653581366947e-25,4.211871330222009e-26,1.1434944787933056e-26,4.9932592240641013e-26,3.183996848728915e-25,2.3721157687856686e-25,2.2847654961000688e-25,3.5448328842592476e-26,1.711430069927314e-25,3.3008873954500088e-25,6.725653359435959e-25,9.603130160377224e-25,1.1765605274717454e-24,1.7855666286357468e-24,1.328708820622299e-24,3.3755321739267942e-25,3.9066218318552406e-25
3.018418848199645e-23,3.122502256758253e-24,1.0083080204115192e-24,2.114194236346734e-25,2.602085213965211e-25,2.602085213965211e-25,0.0,0.0,0.0,0.0,4.4723339615027066e-26,0.0,0.0,3.252606517456514e-26,8.944667923005413e-26,8.131516293641284e-27,6.098637220230964e-26,1.8397555614363405e-25,4.065758146820642e-27,1.3010426069826055e-25,1.0875903042745217e-25,1.2197274440461927e-25,0.0,0.0,0.0,2.5410988417629014e-27,1.2705494208814507e-26,4.5739779151732225e-27,8.827777376284319e-25,3.7404974950749908e-25,1.7731787717821527e-24,1.5602346888424215e-25,1.931235119739805e-24,1.546766864981078e-24,1.696437586760913e-24,4.937355049545318e-25,1.5373647992665553e-24,1.3955714838961854e-24,9.140332533821156e-25,1.8905775382715988e-24,1.643074511083892e-24,1.150863665434418e-24,1.7248978937886574e-24,1.3840094841661641e-24,1.7668260246777454e-24,1.1513718852027706e-24,1.356692671617213e-24,1.309428233160423e-24,1.1746229396049011e-24,1.5670956557151812e-24
1.0408340855860844e-24,1.3010426069826055e-24,1.868215868464085e-24,6.860966872759833e-25,1.0733601507606496e-24,4.065758146820642e-25,5.427787126005557e-25,5.7225545916500535e-25,1.3010426069826055e-25,3.4152368433293393e-25,0.0,2.602085213965211e-25,3.1509625637859975e-26,0.0,0.0,0.0,0.0,0.0,1.4484263398048538e-26,0.0,8.766791004082009e-27,1.626303258728257e-26,2.107206214531886e-25,8.478376285541921e-25,3.6972988147650213e-25,1.4636729328554312e-25,2.6681537838510466e-25,5.656486021764218e-25,2.5919208185981596e-25,3.172561903940982e-25,1.7914746834428454e-26,3.5753260703604023e-25,9.897579988666501e-26,1.1879637085241564e-25,8.366567936504353e-26,2.4134086249643157e-25,4.500286048762098e-25,2.634484224197688e-25,9.943955042528673e-25,9.595824501207156e-26,2.842854329222246e-25,8.221407665168647e-25,3.487658160319582e-26,1.8483317700272903e-25,9.484651426880029e-26,3.801801504632521e-25,2.9184520197646923e-25,6.454391058077769e-26,1.7517700140403e-25,1.169223104566155e-25
5.204170427930422e-24,1.4213890481284965e-23,2.602085213965211e-24,4.521123059264554e-24,1.7564075194265173e-24,1.9678269430611906e-24,7.155734338404331e-25,6.830473686658679e-25,5.204170427930422e-25,1.3010426069826055e-25,6.911788849595092e-25,3.86247023947961e-25,3.049318610115482e-26,0.0,0.0,0.0,6.505213034913027e-26,0.0,0.0,1.0164395367051605e-27,6.505213034913027e-26,1.626303258728257e-26,4.167402100491158e-26,1.1689054672109346e-25,1.5551524911588956e-25,3.471141017848123e-25,2.988332237913172e-25,8.436448154652833e-25,2.481891238749826e-24,2.51517963357692e-24,3.321978515836641e-24,3.2355811552167024e-24,3.494265017308165e-24,3.672650155999921e-24,3.643681629203824e-24,3.609122684955849e-24,8.957373417214227e-26,1.889179933908629e-24,1.5447339859076677e-24,1.024825162882978e-24,2.5850598517253994e-24,2.550500907477424e-24,2.7240579583698303e-24,2.4421230418762365e-24,1.5604887987265977e-24,2.3173550887456777e-24,2.3440366265841884e-24,2.324470165502614e-24,2.7060161565933136e-24,2.6289573342168536e-24
2.602085213965211e-24,3.9031278209478162e-25,6.765421556309549e-24,8.944667923005412e-25,1.4636729328554311e-24,7.318364664277156e-26,7.72494047895922e-26,2.602085213965211e-25,5.204170427930422e-25,2.5614276324970045e-25,1.2197274440461926e-26,1.2725822999548609e-24,4.899238566918874e-25,2.9476746564449657e-25,6.505213034913028e-25,5.692061405548899e-26,0.0,1.626303258728257e-26,0.0,2.4394548880923852e-26,0.0,6.505213034913027e-26,5.844527336054673e-26,8.304311014881162e-25,7.8774064094649945e-25,1.002717602959641e-24,4.355443414781613e-24,2.2514135738019305e-24,6.457186266803709e-24,8.459572154112875e-24,9.005654295207722e-24,7.805239202358927e-24,5.080164804452392e-24,6.98649715554292e-24,7.445673716249477e-24,4.724792131431851e-24,3.9059230296737555e-24,4.664186924055806e-24,3.540258906344074e-24,4.905845423907457e-24,3.937432655311616e-24,4.411728754126661e-24,4.509688114476621e-24,3.5223441595096454e-24,4.054704366858974e-24,3.784331450095401e-24,3.4073594369198745e-24,3.010249215423377e-24,2.955107370557122e-24,2.874554537273238e-24
1.2490009027033012e-23,3.2526065174565138e-24,4.553649124439119e-25,1.6913553890773873e-24,2.34187669256869e-24,2.2077066737236088e-24,1.8499199568033921e-25,1.0083080204115192e-24,1.3010426069826055e-25,8.944667923005413e-26,5.031375706690545e-25,3.984442983884229e-25,2.825701912040346e-25,2.678318179218098e-25,4.828087799349513e-26,0.0,1.880413142904547e-25,1.626303258728257e-26,0.0,0.0,0.0,0.0,2.2844478587448484e-25,1.1775452032729286e-24,2.342893132105395e-25,8.323369256194383e-25,1.454779086909261e-25,8.73248616971821e-25,7.636002019497518e-26,1.477648976485127e-25,5.275321195499783e-25,5.0059647182729156e-26,2.4267493938835707e-25,4.51997956478576e-25,6.587798747270321e-26,3.4940109074239895e-26,7.5108529015406955e-25,3.5264099176564663e-25,1.9598224817096376e-25,8.682934742303834e-25,1.824508968385763e-24,4.268728416806454e-25,9.94014339426603e-25,1.4539849935212101e-24,1.136030000945627e-24,1.5847562926654335e-24,1.938159614083609e-24,1.802591990875558e-24,4.590812694999901e-25,5.654580197632896e-25
2.602085213965211e-24,2.1857515797307772e-23,2.7321894746634715e-24,4.065758146820642e-24,1.0408340855860844e-24,6.017322057294551e-25,1.4636729328554312e-25,3.8218126580114037e-25,2.602085213965211e-25,2.443520646239206e-24,5.122855264994009e-25,2.602085213965211e-25,5.651403824080692e-25,8.538092108323348e-26,0.0,1.2197274440461926e-26,6.505213034913027e-26,0.0,0.0,0.0,0.0,6.505213034913027e-26,6.301925127571995e-26,1.0061734973844384e-23,9.410197230816376e-24,7.785926851161529e-24,8.357674090558182e-24,8.456776945386936e-24,5.0074893775779735e-24,5.47759266330411e-24,4.4057571718485186e-24,5.573137979754395e-24,6.315647061317515e-24,6.750174963258971e-24,5.773884788253664e-24,5.314454117662932e-24,5.1721525825242095e-24,4.662154044982395e-24,4.687310923515848e-24,5.129970341750945e-24,4.382124952620124e-24,4.519090180191144e-24,4.435996248065497e-24,4.499777828993746e-24,3.489563984450904e-24,4.001214236239864e-24,4.141228782421e-24,3.98850874203105e-24,3.8188903943433766e-24,3.7807739117169324e-24
2.0816681711721688e-24,2.602085213965211e-24,5.7245874707234644e-24,1.8214596497756476e-24,1.5937771935536918e-23,8.456776945386936e-25,2.3723698786698447e-24,1.1790698625779863e-25,4.929731753020028e-25,3.7811550765431972e-25,1.0164395367051606e-26,6.505213034913028e-25,0.0,0.0,3.303428494291772e-26,0.0,0.0,0.0,0.0,0.0,0.0,0.0,0.0,2.1332524776599557e-24,2.8871965040110084e-24,1.1104601938503879e-25,2.1139401264625577e-24,3.4542427105504e-24,9.910285482875315e-27,1.3415731335087237e-24,1.6310042915855182e-24,9.204495279575669e-25,1.5392070959268335e-24,1.3857882533553983e-24,8.901469242695444e-25,7.377445212348143e-25,5.502114267127122e-25,3.7754376041492307e-25,2.349881153920243e-25,8.332263102140553e-25,7.55913377953419e-25,1.876855604526079e-24,8.640371336704305e-25,1.1231656880592024e-24,1.0412787778833928e-24,4.9020973031158575e-25,2.4099146140568913e-25,4.358619788333817e-25,6.825709126330373e-25,2.8825589986247914e-25
0.0,1.5612511283791265e-24,4.68375338513738e-24,6.505213034913028e-25,8.782037597132586e-25,6.505213034913028e-25,1.0327025692924431e-24,0.0,0.0,1.3010426069826055e-25,0.0,0.0,5.692061405548899e-26,0.0,0.0,9.351243737687477e-26,6.505213034913027e-26,3.2119489359883074e-25,0.0,1.8905775382715986e-25,1.6466320494623602e-25,1.9515639104739081e-25,1.2959604092990798e-25,2.2564957714854563e-25,1.823492528849058e-24,1.253269948757463e-24,2.5085727765883362e-24,6.782701028433537e-24,5.064918211401815e-24,3.740751604959167e-24,8.734264938907444e-24,4.039838938634661e-24,9.933155372451181e-24,6.5374849902034164e-24,4.743469207918808e-24,4.445652423664196e-24,4.381362622967594e-24,5.5845729245423284e-24,4.256086450068684e-24,3.083750499421369e-24,3.844301382761005e-24,5.942613751346721e-24,6.651707383140659e-24,5.312040073763257e-24,4.5616535857906725e-24,4.936973884719053e-24,5.0581842994711435e-24,5.46869881735794e-24,4.873636996088113e-24,5.0245147398177845e-24
4.1633363423443376e-24,1.1449174941446929e-23,4.1633363423443376e-24,1.0099343236702475e-23,2.602085213965211e-25,3.1875543871073834e-24,2.602085213965211e-25,3.252606517456514e-25,5.204170427930422e-25,3.9031278209478162e-25,1.398620802506301e-24,1.3417001884508118e-24,5.854691731421725e-25,1.931235119739805e-25,0.0,0.0,0.0,0.0,0.0,0.0,2.8460307027744494e-26,2.0328790734103212e-26,2.2768245622195596e-25,8.97770220794833e-24,1.3176105714308997e-23,6.889427179787578e-24,1.0501853293237719e-23,1.2057514004164966e-23,8.72359232377204e-24,1.0296024287054924e-23,1.0005068469673072e-23,1.2053448246018146e-23,1.033261611037631e-23,1.1024811434872523e-23,1.0787981022820221e-23,7.362833894008006e-24,9.425443823866954e-24,8.518525647241774e-24,8.252091433682935e-24,8.011830538194251e-24,5.226405042795847e-24,6.089997484168969e-24,6.288330248768564e-24,5.329700710713509e-24,6.564928857694456e-24,6.0401919468704166e-24,4.594306705907326e-24,2.715926442076189e-24,2.6297831913404268e-24,2.286988957586611e-24
2.7321894746634715e-24,6.765421556309549e-24,1.8214596497756476e-24,3.1875543871073834e-24,1.8214596497756476e-24,0.0,1.5612511283791265e-24,0.0,2.602085213965211e-25,4.228388472693468e-25,1.8458541986565717e-24,4.423544863740858e-24,3.813681141717763e-24,5.6188777589061274e-24,4.033232081646077e-24,2.0938654456126306e-24,2.779352269166591e-23,3.1517757154153616e-23,7.611099250848242e-24,2.1890041862482338e-23,1.6978606021123e-23,0.0,3.252606517456514e-26,1.626303258728257e-26,5.692061405548899e-26,1.7076184216646697e-25,3.252606517456514e-25,1.9515639104739081e-25,6.830473686658679e-25,4.878909776184771e-25,5.692061405548899e-25,2.8541622190680907e-24,1.0164395367051605e-25,3.520946555146676e-24,8.782037597132586e-25,8.131516293641284e-27,4.336131063584215e-24,2.2615779691689823e-24,4.058643070063706e-24,4.623783452471775e-24,5.1838416371963184e-24,4.870270040122777e-24,4.587699848918742e-24,4.292424163505893e-24,3.258705154676745e-24,4.243635065744045e-24,3.955220347203956e-24,3.7778516480489055e-24,3.607598025650791e-24,3.813427031833586e-24
4.1633363423443376e-24,2.602085213965211e-24,2.34187669256869e-24,0.0,1.1058862159352146e-24,3.122502256758253e-24,5.204170427930422e-25,7.4809949901499815e-25,2.8622937353617322e-24,5.692061405548899e-25,6.505213034913027e-26,0.0,0.0,0.0,0.0,0.0,0.0,0.0,1.626303258728257e-26,0.0,8.131516293641285e-26,0.0,3.976311467590588e-24,2.6297323693635914e-23,2.494749198889146e-23,2.159934015498466e-23,1.9011485094533324e-23,2.109315326570549e-23,1.8458541986565715e-23,1.544784807884503e-23,1.6450057462036318e-23,1.513071894339302e-23,1.538482882756931e-23,1.367314464775782e-23,1.1391237887854734e-23,1.2938258862719988e-23,1.2458499401395153e-23,1.1576229883535073e-23,1.0806785154249267e-23,8.531993471103118e-24,8.64278538060398e-24,9.005654295207722e-24,7.985149000355742e-24,7.589754020577433e-24,7.30921670844681e-24,6.387306048655229e-24,5.565514683229107e-24,2.4597836788264885e-24,9.351243737687477e-25,1.1760205439678707e-24
4.1633363423443376e-24,3.642919299551295e-24,6.765421556309549e-24,7.8062556418956325e-25,6.114900252818246e-24,2.602085213965211e-24,6.505213034913027e-26,5.204170427930422e-25,3.8706017557732516e-24,0.0,0.0,0.0,1.3010426069826055e-25,0.0,1.2359904766334752e-24,7.15573433840433e-24,1.2896584841715077e-23,1.951563910473908e-23,6.830473686658679e-25,1.3189319428286163e-23,2.081668171172169e-23,1.4425309904919637e-23,3.29326409892472e-24,6.732895491134983e-24,1.7116841798114902e-24,9.757819552369542e-25,6.505213034913027e-26,4.391018798566293e-25,5.895349312889931e-26,1.626303258728257e-26,0.0,4.8789097761847703e-26,0.0,0.0,4.065758146820642e-27,0.0,0.0,0.0,0.0,0.0,6.098637220230963e-27,0.0,0.0,0.0,1.626303258728257e-26,0.0,8.131516293641284e-27,4.065758146820642e-27,1.626303258728257e-26,9.757819552369541e-26
2.0816681711721688e-24,5.7245874707234644e-24,1.7173762412170393e-23,2.602085213965211e-25,2.34187669256869e-24,2.4004236098829073e-23,9.107298248878238e-24,1.6913553890773873e-24,0.0,0.0,0.0,0.0,0.0,0.0,2.602085213965211e-25,8.131516293641284e-25,3.252606517456514e-26,6.114900252818246e-24,1.9808373691310168e-23,2.8622937353617322e-24,2.602085213965211e-25,0.0,9.831003199012312e-24,2.3524476637504236e-23,2.057680198105927e-23,2.3581397251559725e-23,2.182905549028003e-23,1.8145478609260525e-23,1.779988916678077e-23,1.7633193082761124e-23,1.6242703796548465e-23,1.3770722843281514e-23,1.336821278674627e-23,1.355930341964684e-23,1.2317214305793135e-23,1.2020413961075228e-23,1.1888276821303557e-23,1.0237579013694378e-23,1.0979579875489145e-23,9.18251477459442e-24,1.0135935060023861e-23,9.156087346640086e-24,9.530137096147585e-24,8.914174736904259e-24,7.516570373934663e-24,7.641592436949397e-24,6.556035011748286e-24,1.626303258728257e-26,1.2197274440461926e-26,0.0
2.1857515797307772e-23,5.204170427930422e-25,1.3530843112619098e-23,2.8622937353617322e-24,3.4477629085039044e-23,2.4069288229178202e-23,7.598088824778416e-23,5.204170427930422e-25,7.8062556418956325e-25,0.0,0.0,0.0,0.0,0.0,0.0,0.0,0.0,0.0,1.626303258728257e-26,2.4394548880923852e-26,1.170938346284345e-24,1.0587234214320952e-23,3.252606517456514e-26,2.796428453383238e-23,2.274385107331467e-23,1.6035350131060612e-23,1.671026598343284e-23,1.822272801405012e-23,6.537739100087593e-24,9.904186845655084e-24,5.362734995656427e-24,2.6752688606079826e-24,6.505213034913027e-26,6.057979638762757e-25,4.8789097761847703e-26,9.757819552369541e-26,5.488773498207866e-26,4.8789097761847703e-26,9.757819552369541e-26,0.0,0.0,8.131516293641284e-27,8.131516293641284e-27,2.032879073410321e-27,0.0,4.065758146820642e-27,0.0,0.0,0.0,0.0
1.0408340855860844e-24,8.586881206085197e-24,5.984795992119985e-24,7.8062556418956325e-25,2.7061686225238196e-23,1.457167719820518e-23,0.0,1.0408340855860844e-24,1.3660947373317357e-24,5.204170427930422e-25,1.457167719820518e-23,4.4625761419503366e-23,3.4705311541261e-23,4.1210524576174026e-23,4.89842541528951e-23,4.53413348533438e-23,4.735795089416684e-23,5.540815202487171e-23,8.362451356380697e-23,4.4723339615027064e-23,2.602085213965211e-25,2.7321894746634715e-24,4.456884080544788e-23,4.40809498278294e-23,3.817746899864583e-23,3.933214431234289e-23,3.72260815922898e-23,3.185114932219291e-23,3.3099337073266845e-23,3.0106939077206856e-23,2.9094565298648516e-23,2.6106233060735342e-23,2.413434035952733e-23,2.3650515140055676e-23,2.234134101677943e-23,2.070690624175753e-23,1.9517671983812494e-23,1.8773638242944315e-23,1.7234748784372702e-23,1.7094480128307389e-23,1.5352302762394746e-23,1.4610301900599977e-23,1.2516436454987346e-23,1.4522888100443335e-23,1.2309082789499494e-23,1.1680923155815704e-23,1.1422747513492594e-23,3.260738033750155e-24,1.7919829032111982e-24,1.3579632210380944e-24
1.873501354054952e-23,6.245004513516506e-24,7.28583859910259e-24,1.457167719820518e-23,7.025630077706069e-24,1.3791051634015618e-22,1.5612511283791265e-24,5.204170427930422e-25,0.0,7.8062556418956325e-25,0.0,4.423544863740858e-24,9.887923813067801e-24,2.3256136599814074e-23,2.758210326803124e-23,2.5370330836160806e-23,3.171291354520101e-23,3.1241285600169814e-23,1.070107544243193e-23,2.6037115172239393e-23,2.1662359406260382e-23,1.9483113039564518e-23,1.3010426069826055e-25,3.101360314394786e-23,2.5719986036787383e-23,2.405302519659092e-23,1.146543797403421e-23,1.3913024378420237e-23,7.887570804832045e-24,3.252606517456514e-25,3.390842294448415e-24,6.505213034913027e-26,2.2768245622195596e-25,0.0,4.0657581468206423e-26,1.626303258728257e-26,1.626303258728257e-26,3.252606517456514e-26,0.0,0.0,1.626303258728257e-26,4.065758146820642e-27,0.0,0.0,0.0,0.0,0.0,0.0,4.065758146820642e-27,4.0657581468206423e-26
0.0,8.326672684688675e-24,8.847089727481717e-24,6.245004513516506e-24,9.13331910101789e-23,1.9008232488015867e-22,1.8214596497756476e-24,0.0,4.6642377460326406e-23,6.505213034913027e-26,0.0,6.505213034913027e-26,7.8062556418956325e-25,2.602085213965211e-25,2.2768245622195596e-24,2.3158558404290376e-23,2.247551103562451e-23,1.8507331084327564e-23,5.275727771314465e-23,4.098284211995207e-23,1.3010426069826055e-25,0.0,5.949830472057327e-23,5.0887028965607156e-23,4.810605039318184e-23,4.6195144064176135e-23,4.660985139515184e-23,4.032418930016713e-23,3.6136458408941865e-23,3.295703553812813e-23,3.1225022567582534e-23,3.285945734260443e-23,2.804966545491561e-23,2.6561597973179253e-23,2.494749198889146e-23,2.4516521625328473e-23,2.3321188730163203e-23,2.1800595183252283e-23,1.9214773001874354e-23,1.7925927669332212e-23,1.8273549990885375e-23,1.710057876552762e-23,1.594996920997738e-23,1.56978922048745e-23,1.6100402261409744e-23,1.3835774973630645e-23,1.4705847217050262e-23,4.42964350096109e-24,3.8726346348466616e-24,4.2893748448957776e-24
0.0,2.0816681711721688e-24,4.1633363423443376e-24,6.5052130349130275e-24,5.698566618583812e-23,2.914335439641036e-23,1.5612511283791265e-24,0.0,2.0816681711721688e-24,0.0,0.0,1.9515639104739081e-25,1.9515639104739081e-25,1.5612511283791265e-24,6.505213034913028e-25,2.4849913793367766e-23,7.513521055324546e-24,4.651227319962815e-24,1.9515639104739081e-25,3.41523684332934e-24,1.2359904766334753e-23,2.211772431870429e-24,0.0,3.252606517456514e-26,1.626303258728257e-26,0.0,0.0,0.0,0.0,0.0,0.0,0.0,0.0,0.0,0.0,0.0,0.0,0.0,0.0,0.0,1.2197274440461926e-26,3.252606517456514e-26,0.0,5.895349312889931e-26,1.626303258728257e-26,3.252606517456514e-26,1.1384122811097798e-25,1.2420891138537063e-24,1.7482760031328762e-25,1.9149720871525225e-24
1.2490009027033012e-23,6.245004513516506e-24,1.5612511283791265e-24,1.9775847626135603e-23,1.6184970030863613e-22,1.6380126421911004e-22,1.5612511283791265e-24,9.471590178833368e-23,5.204170427930422e-25,1.2099696244938232e-22,4.4235448637408586e-23,4.5796699765787716e-23,5.204170427930422e-25,2.8622937353617322e-24,5.204170427930422e-25,1.3010426069826055e-25,0.0,0.0,1.3010426069826055e-25,0.0,6.505213034913027e-26,0.0,2.0686577451023428e-23,4.2023676205538157e-23,3.033055577528199e-23,2.9224669559346774e-23,3.3957212042246e-23,2.750891962138847e-23,2.4069288229178202e-23,2.4597836788264885e-23,2.0873602325777177e-23,2.0865470809483535e-23,1.8279648628105608e-23,1.671026598343284e-23,1.766978490608251e-23,1.797878252524088e-23,1.4404981114185534e-23,1.5596248251203984e-23,1.2738020273989072e-23,1.388049831324567e-23,1.1571147685851548e-23,1.1660594365081602e-23,1.1489832522915135e-23,1.0648220586523261e-23,1.1048697763985095e-23,1.1050730643058505e-23,8.647867578287506e-24,6.017322057294551e-25,2.4394548880923852e-26,8.131516293641284e-27
2.0816681711721688e-24,2.0816681711721688e-24,3.122502256758253e-24,1.0408340855860844e-23,1.457167719820518e-23,0.0,6.453171330633723e-23,0.0,0.0,0.0,0.0,0.0,0.0,0.0,6.505213034913028e-25,1.3010426069826055e-25,0.0,3.5778671692021653e-25,0.0,3.089976191583688e-24,1.6913553890773873e-24,6.505213034913027e-26,0.0,0.0,3.252606517456514e-26,6.505213034913027e-26,0.0,0.0,6.505213034913027e-26,3.252606517456514e-26,1.5043305143236376e-24,7.497258022737265e-24,2.602085213965211e-25,6.578396681555799e-24,7.464731957562699e-24,3.773023560249556e-24,7.204523436166177e-24,8.41611936391873e-24,6.3100566438656364e-24,8.716985466783457e-24,7.34275921315808e-24,7.875373530391584e-24,9.099166732584597e-24,7.769663818574248e-24,8.192502665843594e-24,7.558244394939574e-24,7.28177284095577e-24,7.714776083592169e-24,7.080517812688148e-24,7.210622073386409e-24
1.873501354054952e-23,4.1633363423443376e-24,7.806255641895634e-24,1.170938346284345e-22,3.439956652862009e-22,5.594483210025203e-22,2.3887142264200636e-22,4.46908135498525e-22,1.8578888427711607e-22,2.71137279295175e-22,2.0959796398489773e-22,1.181997208443697e-22,1.1826477297471883e-22,5.379811179873073e-23,1.0408340855860844e-24,7.546047120499112e-24,1.170938346284345e-24,3.9031278209478162e-25,0.0,2.602085213965211e-25,3.252606517456514e-26,3.252606517456514e-26,3.252606517456514e-26,2.9208406526759494e-23,3.646171906068752e-23,3.208696329470851e-23,2.5841958781192e-23,3.000529512353634e-23,2.6297323693635914e-23,2.3223610534639508e-23,2.1003706586475438e-23,1.9035879643414247e-23,1.9718927012080114e-23,1.803570313929637e-23,1.5807667674838657e-23,1.234364173374747e-23,1.666147688567099e-23,1.4795293896280317e-23,1.298603152094513e-23,1.4140706834642193e-23,1.3823577699190183e-23,1.1741909528018015e-23,9.916384120095546e-24,1.0916560624213424e-23,1.0835245461277011e-23,8.432382396506011e-24,8.277883586926828e-24,1.626303258728257e-26,1.5856456772600504e-25,9.757819552369541e-26
4.1633363423443376e-24,3.122502256758253e-24,3.33066907387547e-23,1.098079960293319e-22,3.5336317205647564e-22,7.624109676918068e-23,2.914335439641036e-23,3.616898447411643e-23,0.0,3.9031278209478162e-25,2.602085213965211e-24,5.204170427930422e-25,0.0,0.0,2.602085213965211e-25,0.0,0.0,0.0,0.0,6.505213034913027e-26,9.757819552369541e-26,1.3010426069826055e-25,2.9273458657108622e-24,2.0296264668928646e-23,2.0832944744308972e-23,1.1514227071796059e-23,2.0540210157737884e-23,2.3874131838130812e-23,2.3565134218972442e-23,2.177620063437136e-23,1.942619242550903e-23,1.9336745746278974e-23,1.9653874881730985e-23,1.3530843112619098e-23,1.6051613163647895e-23,1.961321730026278e-23,1.817393891628827e-23,1.859677776355762e-23,1.5283184873898794e-23,1.658829323902822e-23,1.7043658151472133e-23,1.425454806275317e-23,1.537669731127567e-23,1.3136464572377494e-23,1.2668902385493122e-23,1.393741892730116e-23,1.2140353826406437e-23,1.259978449699717e-23,1.2790875129897741e-23,1.3126300177010443e-23
0.0,4.1633363423443376e-24,2.4980018054066024e-23,4.007211229506425e-23,3.7808298158914517e-22,3.096481404618601e-22,2.516216401904359e-22,6.170845084918498e-22,5.204170427930422e-25,9.627715291671281e-24,3.070460552478949e-22,1.9008232488015867e-22,1.8383732036664216e-22,1.0616507672978061e-22,8.541344714840805e-23,7.520026268359459e-23,2.7386946876983844e-23,4.87890977618477e-24,2.34187669256869e-24,9.757819552369541e-26,0.0,1.3010426069826055e-25,2.602085213965211e-25,4.293440603042598e-23,4.2332673824696524e-23,3.867349149255795e-23,3.236343484869231e-23,3.1794228708137423e-23,3.1794228708137423e-23,2.878556767949015e-23,2.665511041055613e-23,2.1524123629268478e-23,2.2459248003037227e-23,2.1800595183252283e-23,1.6620819304202784e-23,1.734452425433686e-23,1.8881380833835063e-23,1.7881204329717183e-23,1.379918315030926e-23,1.4230153513872248e-23,1.4701781458903442e-23,1.2059038663470025e-23,1.102227033603076e-23,1.0546576632852745e-23,1.2384299315215676e-23,9.778148343103645e-24,9.448821933211173e-24,4.386953040419473e-24,3.642919299551295e-24,3.4558944247975456e-24
2.081668171172169e-23,1.0408340855860844e-23,2.602085213965211e-24,5.1000870193718134e-23,5.310855921702996e-22,1.0408340855860844e-23,1.0408340855860844e-24,5.068861996804231e-22,1.0408340855860844e-24,2.248201624865942e-22,2.226083900547238e-22,1.3348697147641533e-22,1.5612511283791265e-24,1.8474805019152998e-23,0.0,2.602085213965211e-25,6.505213034913027e-26,0.0,0.0,0.0,0.0,0.0,5.204170427930422e-25,2.6346112791397763e-24,3.057450126409123e-24,9.627715291671281e-24,1.2490009027033012e-23,1.5401091860156592e-23,1.2977900004651489e-23,1.4734307524078008e-23,1.6002824065886047e-23,1.4579808714498824e-23,1.4034997122824858e-23,1.4002471057650292e-23,1.337634430303991e-23,1.4108180769467627e-23,1.399433954135665e-23,1.4774965105546214e-23,1.132720219704231e-23,1.4449704453800563e-23,1.1469503732181032e-23,1.3319423688984422e-23,1.3384475819333554e-23,1.1636199816200679e-23,1.2359904766334753e-23,1.127028158298682e-23,1.0428669646594947e-23,1.177036983504576e-23,1.1355662504070054e-23,1.146137221588739e-23
2.0816681711721688e-24,1.2490009027033012e-23,4.1633363423443376e-24,4.475586568020163e-23,9.48720269011716e-22,4.459974056736371e-22,3.083470978548775e-22,6.728992363314036e-22,1.4883927423881007e-22,2.602085213965211e-25,2.2742224770055944e-22,1.830566948024526e-22,1.278924882663901e-22,3.460773334573731e-23,2.8622937353617322e-24,3.3827107781547745e-24,1.0408340855860844e-24,5.204170427930422e-25,3.9681799512969464e-24,1.3010426069826055e-25,1.3010426069826055e-25,0.0,0.0,5.8546917314217245e-24,1.0961283963828452e-23,9.725293487194976e-24,1.310800426534975e-23,1.2034644114589101e-23,1.0798653637955625e-23,1.3091741232762468e-23,7.708677446371937e-24,1.1058862159352147e-23,1.2002118049414536e-23,1.1229624001518613e-23,1.2969768488357849e-23,1.4612334779673387e-23,1.3457659465976326e-23,1.2538798124794861e-23,1.2075301696057307e-23,1.1107651257113994e-23,1.000989655747242e-23,1.1701251946549807e-23,1.1091388224526713e-23,1.0684812409844647e-23,9.843200473452775e-24,1.019692143222617e-23,5.244828009398628e-24,2.203640915576788e-24,3.622590508817192e-24,4.419479105594038e-24
2.0816681711721688e-24,3.33066907387547e-23,5.7245874707234644e-24,1.457167719820518e-23,5.084474508088022e-22,5.144322468009222e-22,5.953570969552403e-22,5.576268613527447e-22,0.0,3.623403660446556e-22,2.83627288322208e-22,2.140215088486386e-22,1.7173762412170392e-22,1.055145554262893e-22,5.477389375396769e-23,4.03973729468099e-23,2.4199392489876462e-23,2.107689023311821e-23,1.6913553890773872e-23,1.3010426069826055e-25,6.505213034913027e-26,4.553649124439119e-25,4.553649124439119e-25,4.878909776184771e-25,5.0740661672321614e-24,7.448468924975416e-24,7.920096870006611e-24,4.1633363423443376e-24,8.733248499370739e-24,1.424641654645953e-23,1.227858960339834e-23,1.4848148752188986e-23,1.1676857397668884e-23,6.261267546103789e-24,8.432382396506011e-24,1.1693120430256167e-23,1.38073146666029e-23,1.1180834903756766e-23,1.3189319428286163e-23,1.2701428450667686e-23,1.1408517359978721e-23,1.0798653637955625e-23,9.408164351742966e-24,1.0412406614007664e-23,9.546400128734868e-24,9.18454765366783e-24,7.566375911233215e-24,7.72494047895922e-24,6.51741030935349e-24,4.74880551548651e-24
4.1633363423443376e-24,1.0408340855860844e-24,3.122502256758253e-24,2.4980018054066024e-23,7.806255641895634e-24,4.592680402648597e-22,5.714179129867603e-22,2.133709875451473e-22,1.3660947373317359e-22,5.204170427930422e-25,1.5612511283791267e-23,2.602085213965211e-24,0.0,0.0,1.3010426069826055e-25,0.0,0.0,0.0,0.0,0.0,0.0,0.0,9.757819552369541e-26,1.9515639104739081e-25,0.0,1.9515639104739081e-25,1.9515639104739081e-25,3.740497495074991e-24,2.6834003769016237e-24,7.676151381197373e-24,7.936359902593893e-24,8.066464163292154e-24,6.635317295611288e-24,7.4809949901499815e-25,6.179952383167376e-24,8.847089727481717e-24,5.95226992694542e-24,8.578749689791555e-24,1.0327025692924431e-23,1.120522945263769e-23,9.139824314052804e-24,7.749335027840143e-24,1.0351420241805355e-23,1.1091388224526713e-23,8.033938098117589e-24,8.070529921438975e-24,5.9400726525049585e-24,7.464731957562699e-24,7.65988834861009e-24,8.708853950489816e-24
2.0816681711721688e-24,1.0408340855860844e-24,5.204170427930422e-24,3.122502256758253e-22,6.968384202998835e-22,7.02042590727814e-22,7.278032343460695e-22,5.6985666185838125e-22,7.02563007770607e-23,3.7782277306774865e-22,3.4776868884645046e-22,1.886511780124778e-22,1.1800456445332233e-22,6.53123388705268e-23,7.780234789755981e-23,5.991301205154899e-23,5.7245874707234644e-24,2.2638141361497336e-23,2.602085213965211e-25,6.505213034913027e-26,1.3010426069826055e-25,1.9515639104739081e-25,5.464378949326943e-24,3.490046793230839e-23,3.779528773284469e-23,2.904577620088667e-23,3.3631951390500354e-23,3.317658647805644e-23,2.6248534595874066e-23,2.0003530082357558e-23,1.4783096621839854e-23,1.8198333465169193e-23,1.619798045693344e-23,1.2880321809127794e-23,1.3189319428286163e-23,1.355523766150002e-23,1.4132575318348553e-23,1.2685165418080403e-23,1.4376520807157791e-23,1.3856103764364748e-23,1.3953681959888443e-23,1.222166898934285e-23,1.2758349064723175e-23,1.0855574252011114e-23,1.0782390605368344e-23,1.2559126915528964e-23,1.064008907022962e-23,3.7404974950749908e-25,1.3010426069826055e-25,4.309703635629881e-25
0.0,0.0,1.873501354054952e-23,5.547645676173829e-22,4.2153780466236417e-22,7.389922007661199e-22,1.7277845820729e-22,7.494005416219808e-23,0.0,0.0,0.0,0.0,0.0,0.0,5.204170427930422e-25,2.7321894746634715e-24,2.602085213965211e-24,2.2703193491846465e-23,3.070460552478949e-23,3.779528773284469e-23,2.888314587501384e-23,7.8062556418956325e-25,0.0,0.0,0.0,0.0,0.0,0.0,0.0,9.757819552369541e-26,3.252606517456514e-26,0.0,6.505213034913027e-26,6.505213034913027e-26,6.505213034913027e-26,1.9515639104739081e-25,2.0816681711721688e-24,4.488596994089989e-24,4.4723339615027065e-24,7.399679827213569e-25,4.277177570455315e-24,6.3100566438656364e-24,9.229270993282857e-24,7.106945240642482e-24,8.643801820140686e-24,7.700545930078296e-24,7.578573185673677e-24,6.887394300714168e-24,8.468974219827397e-24,9.676504389433129e-24
1.457167719820518e-23,0.0,3.4347524824340787e-23,1.1032841307212496e-22,9.414344304126132e-22,9.893127983495732e-22,5.193762087074561e-22,4.56405746529498e-22,2.045238978176656e-22,1.9177368026923605e-22,9.055256544598934e-23,4.501607420159815e-23,8.977193988179977e-24,1.0408340855860844e-24,9.107298248878238e-25,2.602085213965211e-25,2.602085213965211e-25,0.0,0.0,0.0,0.0,0.0,4.8138576458356406e-24,4.589427796131141e-23,4.0820211794079247e-23,4.18935719448399e-23,4.026726868611164e-23,3.311153434770731e-23,3.1046129209122425e-23,2.956619324367971e-23,2.8102520310824276e-23,2.597206304189026e-23,2.0556473190325167e-23,1.961321730026278e-23,2.1353361787102012e-23,1.512462030617279e-23,1.8840723252366857e-23,1.7141236346995827e-23,1.6946079955948438e-23,1.7116841798114904e-23,1.6116665293997024e-23,1.7385181835805066e-23,1.5018910594355452e-23,1.379918315030926e-23,1.2872190292834153e-23,1.2506272059620295e-23,1.3051083651294261e-23,1.626303258728257e-26,8.131516293641284e-27,8.131516293641284e-27
0.0,1.2490009027033012e-23,1.665334536937735e-23,8.316264343832814e-22,1.0366707492437401e-21,4.969982758673553e-22,5.048045315092509e-22,6.03683769639929e-23,2.0920765120280297e-22,4.68375338513738e-24,5.204170427930422e-25,5.204170427930422e-25,0.0,0.0,0.0,0.0,0.0,0.0,0.0,3.9031278209478162e-25,1.3010426069826055e-25,2.602085213965211e-23,1.8214596497756476e-24,4.992751004295749e-23,3.873854362290708e-23,3.662434938656034e-23,3.298143008700905e-23,2.2442984970449944e-23,1.4766833589252574e-23,6.1962154157546586e-24,9.107298248878238e-25,0.0,6.505213034913027e-26,3.252606517456514e-26,3.252606517456514e-26,6.505213034913027e-26,0.0,1.626303258728257e-26,0.0,0.0,0.0,0.0,0.0,0.0,0.0,0.0,0.0,0.0,8.131516293641284e-27,2.4394548880923852e-26
1.0408340855860844e-23,6.245004513516506e-24,2.5396351688300457e-22,6.859096624012296e-22,1.2729400866717811e-21,9.638123632527141e-22,6.349087922075115e-22,1.6705387073656654e-22,2.935152121352758e-22,2.7061686225238196e-23,1.0408340855860844e-24,3.642919299551295e-24,2.602085213965211e-25,0.0,0.0,0.0,0.0,0.0,0.0,0.0,1.3010426069826055e-25,0.0,1.9450586974389952e-23,1.6263032587282568e-23,3.129007469793166e-23,2.153225514556212e-23,2.3874131838130812e-23,2.4296970685400157e-23,2.4849913793367766e-23,2.102810113535636e-23,2.3516345121210596e-23,2.0556473190325167e-23,2.0540210157737884e-23,1.328689762380986e-23,2.0865470809483535e-23,1.9174115420406148e-23,1.6360610782806263e-23,1.6116665293997024e-23,1.7499023063916044e-23,1.6864764793012023e-23,1.666147688567099e-23,1.367721040590464e-23,1.513275182246643e-23,1.5205935469109202e-23,1.4693649942609802e-23,1.4270811095340454e-23,1.3782920117721977e-23,0.0,0.0,0.0
8.326672684688675e-24,1.2490009027033012e-23,9.367506770274759e-23,3.018418848199645e-23,1.086630785351872e-21,6.135716934529967e-22,4.3715031594615543e-23,0.0,1.873501354054952e-23,2.602085213965211e-25,0.0,0.0,0.0,0.0,0.0,0.0,0.0,0.0,0.0,1.3010426069826055e-25,0.0,0.0,5.022024462952857e-23,1.0372562184168822e-22,7.097187421090113e-23,6.700369425960418e-23,6.433655691528985e-23,4.482091781055076e-23,4.465828748467793e-23,3.2347171816105026e-23,1.9857162789072017e-23,2.019868647340495e-23,1.7921861911185392e-23,7.968885967768458e-25,2.211772431870429e-24,3.252606517456514e-26,3.6754453647258605e-24,2.2768245622195596e-25,9.757819552369542e-25,3.252606517456514e-26,1.626303258728257e-26,1.3010426069826055e-25,6.505213034913027e-26,3.252606517456514e-26,0.0,0.0,0.0,0.0,0.0,3.252606517456514e-26
4.1633363423443376e-24,2.0816681711721688e-24,2.0816681711721688e-24,2.0400348077487254e-22,6.198166979665133e-22,9.62771529167128e-22,8.326672684688675e-24,5.329070518200752e-22,1.0408340855860844e-24,2.9767854847762014e-22,1.1110903863631451e-22,2.0816681711721688e-24,8.326672684688675e-24,2.602085213965211e-25,5.204170427930422e-25,0.0,0.0,0.0,5.204170427930422e-25,6.505213034913027e-26,0.0,6.505213034913027e-26,8.372209175933067e-23,7.793245215825807e-23,6.921546669147462e-23,6.563759952227245e-23,6.739400704169896e-23,5.2724751647970087e-23,5.230191280070074e-23,5.2074230344478786e-23,4.8415048012340205e-23,3.8136811417177626e-23,3.4737837606435566e-23,3.6299088734814695e-23,3.4087316302944265e-23,3.1940596001422967e-23,2.956619324367971e-23,2.730563171404743e-23,2.7891100887189607e-23,2.684213528530988e-23,2.3508213604916953e-23,2.4166866424701896e-23,2.1816858215839566e-23,2.0361316799277774e-23,2.184125276472049e-23,1.9645743365437342e-23,1.7751100069018922e-23,6.505213034913027e-26,2.4394548880923852e-26,0.0
4.1633363423443376e-24,8.326672684688675e-24,2.393918396847994e-23,2.0088097851811428e-22,8.38912272982384e-22,8.618106228652778e-22,6.557254739192331e-22,8.326672684688675e-23,6.245004513516506e-24,5.204170427930422e-25,0.0,0.0,0.0,0.0,0.0,0.0,0.0,0.0,0.0,3.9031278209478162e-25,5.204170427930422e-25,1.4766833589252574e-23,7.02563007770607e-23,8.391724815037805e-23,7.113450453677395e-23,6.284035791725985e-23,4.228388472693468e-23,3.912885640500186e-23,3.968179951296947e-23,2.709421229041276e-23,2.3126032339115813e-23,2.8622937353617322e-24,6.505213034913027e-26,6.1962154157546586e-24,6.3425827090402016e-24,6.505213034913028e-25,1.1058862159352146e-24,2.602085213965211e-25,6.505213034913027e-26,1.3010426069826055e-25,0.0,0.0,0.0,0.0,0.0,0.0,0.0,0.0,0.0,1.626303258728257e-26
2.0816681711721688e-24,4.1633363423443376e-24,7.28583859910259e-24,2.4980018054066024e-23,6.28143370651202e-22,6.645725636467149e-22,0.0,3.9031278209478163e-22,0.0,4.059252933785729e-23,0.0,5.204170427930422e-25,0.0,0.0,0.0,0.0,0.0,0.0,5.8546917314217245e-24,0.0,0.0,0.0,7.461479351045243e-23,9.965986369486758e-23,1.0444119527552866e-22,9.344738524652564e-23,8.033938098117589e-23,8.622659877777218e-23,7.73469829851159e-23,6.807705441036483e-23,6.804452834519027e-23,5.75711353589803e-23,6.288914701502169e-23,5.778255478261496e-23,5.342406204922323e-23,5.423721367858736e-23,4.9667301521560966e-23,4.576417370061315e-23,4.381260979013924e-23,4.308077332371152e-23,3.912885640500186e-23,3.640479844663203e-23,3.478662670419741e-23,3.3469321064627524e-23,3.140391592604264e-23,2.703729167635727e-23,2.550856661315271e-23,1.4636729328554312e-25,6.505213034913027e-26,3.252606517456514e-26
4.1633363423443376e-24,2.0816681711721688e-24,1.2490009027033012e-23,1.134509153288832e-22,6.432354648922002e-22,8.904335602188952e-22,5.844283390565864e-22,8.326672684688675e-23,2.071259830316308e-22,0.0,0.0,0.0,0.0,3.9031278209478162e-25,0.0,0.0,0.0,0.0,1.3010426069826055e-25,0.0,0.0,0.0,5.2822329843493785e-23,4.241398898763294e-23,3.2135752392470357e-23,4.8138576458356406e-24,1.4083786220586704e-23,1.678344963007561e-23,7.415942859800851e-24,1.0440866921035409e-23,4.553649124439119e-25,6.505213034913027e-26,1.3010426069826055e-25,0.0,1.626303258728257e-26,0.0,4.8789097761847703e-26,0.0,0.0,0.0,0.0,0.0,0.0,0.0,0.0,0.0,0.0,0.0,1.626303258728257e-26,8.131516293641285e-26
4.1633363423443376e-24,2.081668171172169e-23,3.4347524824340787e-23,1.1875916916537222e-21,1.0387524174149121e-21,5.703770789011742e-22,4.1633363423443376e-24,6.29184204736788e-22,2.0816681711721688e-24,2.8024457754405323e-22,2.060851489460447e-22,4.8138576458356403e-23,6.271025365656158e-23,1.0408340855860844e-24,6.89552581700781e-24,1.3010426069826055e-24,1.3010426069826055e-25,0.0,0.0,0.0,0.0,6.505213034913028e-25,6.993104012531504e-23,8.027432885082676e-23,6.862999751833244e-23,6.921546669147462e-23,6.313309250383094e-23,6.349087922075114e-23,5.73759789679329e-23,5.331022082111226e-23,5.461126342809486e-23,4.706521630759575e-23,4.810605039318184e-23,4.3227140616997066e-23,3.5876249887545344e-23,3.665687545173491e-23,3.8543387231859685e-23,3.5095624323355785e-23,2.971256053696525e-23,3.065581642702764e-23,3.285132582631079e-23,2.9029513168299384e-23,2.9013250135712104e-23,2.776099662649134e-23,2.6281060661048632e-23,2.223156554681527e-23,2.0418237413333266e-23,4.228388472693468e-25,9.757819552369541e-26,0.0
4.1633363423443376e-24,4.1633363423443376e-24,2.081668171172169e-23,9.273831702572012e-22,9.554856905680254e-22,7.494005416219807e-22,9.778636234081263e-22,6.827871601444713e-22,3.1745439610375575e-22,3.4815900162854523e-22,1.886511780124778e-22,9.835882108788498e-23,5.724587470723464e-23,2.34187669256869e-24,1.0408340855860844e-24,2.602085213965211e-25,0.0,2.602085213965211e-25,0.0,0.0,0.0,1.3010426069826055e-25,2.361392331673429e-23,3.642919299551295e-24,1.5612511283791265e-24,1.3010426069826055e-25,1.9515639104739081e-25,0.0,0.0,0.0,0.0,0.0,0.0,0.0,0.0,0.0,0.0,0.0,0.0,3.252606517456514e-26,3.252606517456514e-26,0.0,6.505213034913027e-26,6.505213034913027e-26,1.3010426069826055e-25,1.3010426069826055e-25,3.9031278209478162e-25,3.252606517456514e-26,1.4636729328554312e-25,4.342229700804446e-24
4.1633363423443376e-24,1.665334536937735e-23,1.1449174941446929e-23,1.5872719805187787e-21,9.565265246536115e-22,1.0033640585049853e-21,1.1303458169464877e-21,8.425551922819353e-22,6.192962809237202e-22,3.856290287096443e-22,4.093080041567277e-22,3.70536934468646e-22,2.3236620960709336e-22,1.5378323614534397e-22,1.585970937911796e-22,4.6837533851373796e-23,5.490399801466595e-23,7.246807320893113e-23,2.602085213965211e-25,5.204170427930422e-25,5.204170427930422e-25,1.8214596497756476e-24,6.505213034913028e-25,3.512815038853035e-23,3.9096330339827294e-23,2.667137344314341e-23,3.229838271834318e-23,3.912885640500186e-23,3.1420178958629924e-23,3.600635414824361e-23,2.950114111333058e-23,2.8590411288442753e-23,3.343679499945296e-23,2.5435382966509938e-23,2.1564781210736687e-23,2.7370683844396564e-23,2.5045070184415156e-23,2.5841958781192e-23,2.455717920679668e-23,2.2052672188355164e-23,1.873501354054952e-23,2.1824989732133206e-23,1.8962695996771475e-23,1.982463672389745e-23,2.0336922250396852e-23,1.7873072813423543e-23,1.7425839417273272e-23,8.131516293641284e-27,0.0,0.0
4.1633363423443376e-24,1.665334536937735e-23,7.910339050454241e-23,6.983996714282626e-22,1.4155343563970748e-21,8.285039321265232e-22,1.3499618090051514e-21,1.0132519823180531e-21,3.9759862069388426e-22,3.87970905402213e-22,3.5830713396300956e-22,3.6064901065557826e-22,2.0140139556090733e-22,1.3739009929736315e-22,9.120308674948064e-23,4.735795089416684e-23,4.423544863740858e-24,0.0,0.0,2.602085213965211e-25,1.3010426069826055e-25,1.3010426069826055e-25,1.3010426069826055e-24,1.3010426069826055e-25,1.9515639104739081e-25,0.0,0.0,0.0,0.0,0.0,3.252606517456514e-26,0.0,0.0,0.0,0.0,0.0,0.0,0.0,3.252606517456514e-26,0.0,3.252606517456514e-26,0.0,0.0,1.626303258728257e-26,1.626303258728257e-26,0.0,1.3010426069826055e-25,1.626303258728257e-26,1.7238814542519524e-24,9.595189226496716e-25
1.2490009027033012e-23,4.3715031594615543e-23,3.3931191190106353e-22,9.461181837977506e-22,1.4030443473700418e-21,1.0397932515004982e-21,1.0304257447302236e-21,1.0377115833293262e-21,4.834674327547362e-22,1.5612511283791265e-24,5.599687380453134e-22,4.0488445929298684e-22,3.947363269585225e-22,2.5214205723322893e-22,1.7173762412170392e-22,1.2385925618474405e-22,4.059252933785729e-23,1.8214596497756476e-24,2.367897544708342e-23,0.0,0.0,1.9515639104739081e-25,8.300651832549023e-23,8.769027171062761e-23,8.222589276130067e-23,7.357395942486634e-23,6.954072734322026e-23,6.482444789290832e-23,4.8301206784229227e-23,4.862646743597488e-23,4.160083735826881e-23,4.0104638360238814e-23,3.773023560249556e-23,4.1958624075189025e-23,3.919390853535099e-23,3.5746145626847086e-23,2.532154173839896e-23,3.5355832844752307e-23,3.3209112543231e-23,2.740320990957113e-23,2.956619324367971e-23,2.9419825950394164e-23,2.2882086850306575e-23,2.4199392489876462e-23,2.284142926883837e-23,2.1564781210736687e-23,2.3052848692473041e-23,9.465084965798455e-24,5.9034808291835726e-24,1.5287250632045615e-24
1.665334536937735e-23,2.7061686225238196e-23,1.5612511283791267e-23,1.3666151543745287e-21,1.120978310176213e-21,9.429956815409925e-22,7.577272143066694e-22,7.707376403764955e-22,1.0408340855860844e-24,3.070460552478949e-22,1.3947176746853532e-22,9.965986369486758e-23,5.204170427930422e-25,5.204170427930422e-25,0.0,0.0,2.602085213965211e-25,0.0,0.0,1.3010426069826055e-25,0.0,0.0,0.0,0.0,1.3010426069826055e-25,3.252606517456514e-25,1.3010426069826055e-25,2.9273458657108622e-24,9.562663161322151e-24,7.8062556418956325e-25,1.3595895242968227e-23,1.525472456687105e-23,1.6555767173853655e-23,1.893016993159691e-23,2.280077168737016e-23,2.0654051385848862e-23,2.2898349882893858e-23,2.5435382966509938e-23,2.3874131838130812e-23,2.2166513416466142e-23,2.450839010903483e-23,2.215025038387886e-23,2.1792463666958643e-23,2.1678622438847665e-23,2.1158205396054622e-23,1.874314505684316e-23,1.7076184216646698e-23,1.8198333465169193e-23,2.1524123629268478e-23,2.48173877281932e-23
4.1633363423443376e-24,0.0,5.412337245047639e-23,4.236194728335363e-22,8.52443116095003e-22,7.941564073021824e-22,9.346690088563038e-22,9.242606680004429e-22,7.868705687030798e-22,4.855491009259084e-22,3.4737837606435565e-22,4.267419750902946e-23,2.1389140458794034e-22,7.051650929845722e-23,6.16694195709755e-23,0.0,7.8062556418956325e-25,5.204170427930422e-25,6.245004513516506e-24,2.602085213965211e-25,0.0,0.0,0.0,0.0,0.0,0.0,0.0,0.0,0.0,3.252606517456514e-26,0.0,0.0,0.0,0.0,7.4809949901499815e-25,9.107298248878238e-25,4.553649124439119e-25,3.252606517456514e-26,4.065758146820642e-24,2.2280354644577118e-24,7.838781707070198e-24,7.643625316022807e-24,9.562663161322151e-24,9.042246118529108e-24,3.6754453647258605e-24,2.7647155398380365e-25,1.3010426069826055e-24,4.553649124439119e-25,3.252606517456514e-26,7.155734338404331e-25
2.0816681711721688e-24,1.873501354054952e-23,6.453171330633723e-23,9.929557176491244e-22,1.4654943925052069e-21,1.2396333959330266e-21,1.169897512198759e-21,1.1069270500208007e-21,2.086872341600099e-22,6.843484112728505e-22,3.7157776855423213e-22,2.0920765120280297e-22,2.6749435999562367e-22,1.863093013199091e-22,7.494005416219808e-23,5.1521287236511177e-23,5.204170427930422e-25,1.5612511283791265e-24,2.602085213965211e-25,1.3010426069826055e-25,0.0,0.0,0.0,0.0,6.505213034913027e-26,6.505213034913027e-26,2.602085213965211e-25,2.0816681711721688e-24,1.9515639104739081e-25,4.6187012547882495e-24,5.0740661672321614e-24,5.594483210025204e-24,3.577867169202165e-24,9.334980705100194e-24,1.070107544243193e-23,1.366094737331736e-23,1.0343288725511714e-23,1.3010426069826055e-23,1.588898283777507e-23,1.6132928326584307e-23,1.1611805267319754e-23,1.601908709847333e-23,1.6246769554695285e-23,1.1546753136970624e-23,1.444157293750692e-23,1.5287250632045614e-23,1.2018381082001818e-23,1.3319423688984422e-23,9.611452259083998e-24,1.114017732228856e-23
1.665334536937735e-23,4.1633363423443376e-24,8.326672684688675e-23,4.5796699765787716e-23,1.35828848168984e-21,8.461981115814866e-22,1.1511624986582093e-21,1.0502015923563592e-21,9.528836053540603e-22,5.2301912800700745e-22,3.2109731540330704e-22,2.8648958205756974e-22,2.5474414244719415e-22,1.566455298807057e-22,7.259817746962939e-23,6.414140052424245e-23,2.2638141361497336e-23,4.943961906533901e-24,5.204170427930422e-25,0.0,0.0,0.0,2.602085213965211e-25,2.602085213965211e-25,0.0,0.0,0.0,1.3010426069826055e-25,0.0,0.0,0.0,0.0,0.0,0.0,0.0,0.0,0.0,3.252606517456514e-26,6.505213034913027e-26,0.0,1.626303258728257e-26,0.0,0.0,1.626303258728257e-25,5.366800753803248e-25,0.0,5.529431079676073e-25,9.757819552369541e-26,6.179952383167376e-25,2.0491421059976036e-24
4.1633363423443376e-24,6.245004513516506e-24,2.4980018054066024e-23,4.163336342344338e-23,7.494005416219807e-22,1.1012024625500772e-21,1.0460382560140149e-21,9.98680305119848e-22,4.579669976578771e-22,5.094882848943883e-22,3.2994440513078874e-22,1.850082587129265e-22,2.279426647433525e-22,1.6132928326584308e-22,1.04864034122798e-22,6.583275591331984e-23,3.018418848199645e-23,1.196959198423997e-23,2.602085213965211e-25,4.423544863740858e-24,1.4311468676808661e-24,2.602085213965211e-25,0.0,0.0,1.3010426069826055e-25,1.3010426069826055e-25,0.0,1.6263032587282569e-24,1.9515639104739081e-25,1.3010426069826055e-25,5.204170427930422e-25,1.8214596497756476e-24,7.0906822080552e-24,9.36750677027476e-24,3.317658647805644e-24,1.1221492485224972e-23,1.0440866921035409e-23,1.177443559319258e-23,1.5921508902949635e-23,1.2587587222556708e-23,1.5807667674838657e-23,9.562663161322151e-24,1.5872719805187786e-23,9.627715291671281e-24,1.63280847176317e-23,1.4734307524078008e-23,1.4213890481284965e-23,1.9515639104739084e-24,2.195509399283147e-24,4.228388472693468e-25
4.1633363423443376e-24,1.2490009027033012e-23,2.0816681711721688e-24,1.8318679906315086e-22,8.430756093247283e-22,1.356206813518668e-21,1.1168149738338685e-21,1.035629915158154e-21,7.181755190543982e-22,5.214578768786283e-22,3.1485231088979052e-22,2.2221807727262903e-22,3.486794186713383e-23,1.1188966420050407e-23,6.739400704169896e-23,0.0,0.0,0.0,1.3010426069826055e-25,0.0,0.0,0.0,5.204170427930422e-25,0.0,0.0,0.0,0.0,0.0,0.0,6.505213034913027e-26,0.0,3.252606517456514e-26,0.0,1.3010426069826055e-25,3.252606517456514e-26,0.0,0.0,0.0,0.0,0.0,3.252606517456514e-26,0.0,6.505213034913027e-26,0.0,3.252606517456514e-26,9.757819552369541e-26,2.9273458657108624e-25,0.0,6.505213034913028e-25,2.602085213965211e-25
0.0,2.0816681711721688e-24,4.1633363423443376e-24,9.971190539914689e-22,1.3655743202889426e-21,1.404085181455628e-21,7.108896804552956e-22,8.597289546941056e-22,4.0384362520740073e-22,3.2265856653168616e-22,2.46677678283902e-22,1.1136924715771102e-22,3.4347524824340787e-23,7.806255641895634e-24,0.0,2.34187669256869e-24,2.0816681711721688e-24,2.602085213965211e-25,0.0,0.0,0.0,1.3010426069826055e-25,1.1683362610703798e-22,9.139824314052804e-23,1.246398817489336e-22,1.0200174038743627e-22,9.56266316132215e-23,9.321970279030368e-23,8.743006318923109e-23,7.158986944921786e-23,7.129713486264678e-23,6.349087922075114e-23,6.134415891922985e-23,5.584725390472834e-23,5.054550528127422e-23,4.495102207124902e-23,4.273924963937859e-23,4.74880551548651e-23,4.651227319962815e-23,4.00233231973024e-23,4.062505540303186e-23,4.0169690490587946e-23,3.6884557907956864e-23,3.4298735726578935e-23,2.753331417026939e-23,1.910906329005702e-23,1.6929816923361155e-23,3.252606517456514e-26,0.0,0.0
