0.0001531237482362563,0.00015351420660921004,0.0001538880823622835,0.00015424543312459916,0.0001545863188158711,0.00015491080107888925,0.00015521894272546124,0.00015551080719752514,0.00015578645804504673,0.00015604595842222304,0.00015628937060341148,0.00015651675552011784,0.00015672817232027152,0.00015692367795093324,0.0001571033267654833,0.00015726717015625627,0.00015741525621349773,0.00015754762941143637,0.00015766433032218653,0.00015776539535811835,0.00015785085654325428,0.0001579207413141821,0.00015797507235090194,0.00015801386743795903,0.00015803713935614268,0.0001580448958049755,0.00015803713935614268,0.000158013867437959,0.000157975072350902,0.00015792074131418214,0.0001578508565432543,0.00015776539535811835,0.00015766433032218645,0.0001575476294114364,0.00015741525621349773,0.00015726717015625627,0.00015710332676548331,0.0001569236779509333,0.00015672817232027152,0.00015651675552011787,0.0001562893706034114,0.00015604595842222304,0.00015578645804504679,0.00015551080719752514,0.00015521894272546124,0.00015491080107888925,0.00015458631881587107,0.00015424543312459913,0.00015388808236228358,0.00015351420660921007,0.0001531237482362563
0.00014632261724232393,0.00014669618956031854,0.00014705393313901247,0.00014739589902846488,0.00014772214053654364,0.0001480327126998995,0.00014832767176726838,0.00014860707469671212,0.00014887097866832564,0.00014911944061384618,0.00014935251676451427,0.0001495702622184462,0.0001497727305286928,0.00014995997331306935,0.00015013203988676585,0.00015028897691865317,0.0001504308281121286,0.00015055763391126308,0.0001506694312329365,0.0001507662532255758,0.0001508481290550326,0.00015091508371807897,0.00015096713788392062,0.0001510043077640716,0.00015102660501085995,0.0001510340366447831,0.00015102660501085992,0.0001510043077640716,0.00015096713788392062,0.00015091508371807897,0.00015084812905503261,0.00015076625322557578,0.00015066943123293654,0.00015055763391126306,0.00015043082811212857,0.00015028897691865323,0.00015013203988676588,0.00014995997331306937,0.00014977273052869288,0.0001495702622184462,0.00014935251676451427,0.00014911944061384618,0.00014887097866832566,0.00014860707469671212,0.00014832767176726838,0.00014803271269989946,0.00014772214053654364,0.0001473958990284649,0.0001470539331390125,0.0001466961895603185,0.00014632261724232393
0.00013960693466469513,0.0001399637652663249,0.00014030550971491466,0.0001406322130807352,0.00014094392264989245,0.0001412406874316507,0.00014152255767704142,0.0001417895844102743,0.00014204181897439194,0.00014227931259251796,0.00014250211594598388,0.0001427102787705198,0.00014290384947162954,0.00014308287476018068,0.00014324739930916857,0.0001433974654325287,0.00014353311278680658,0.00014365437809641006,0.00014376129490310642,0.00014385389334035023,0.00014393219993296465,0.00014399623742262813,0.00014404602461956203,0.00014408157628073817,0.0001441029030148839,0.00014411001121447613,0.0001441029030148839,0.00014408157628073825,0.00014404602461956203,0.00014399623742262813,0.00014393219993296465,0.00014385389334035025,0.00014376129490310636,0.00014365437809641,0.00014353311278680658,0.00014339746543252875,0.0001432473993091686,0.0001430828747601807,0.0001429038494716295,0.0001427102787705198,0.0001425021159459839,0.000142279312592518,0.00014204181897439194,0.00014178958441027434,0.00014152255767704136,0.00014124068743165074,0.00014094392264989245,0.00014063221308073526,0.0001403055097149147,0.00013996376526632487,0.00013960693466469516
0.00013297258273952135,0.00013331281236317655,0.00013363868763698747,0.00013395024820932294,0.00013424753589405598,0.00013453059421222592,0.00013479946794402688,0.00013505420269254925,0.00013529484446062566,0.00013552143924205884,0.00013573403262844006,0.00013593266943267982,0.00013611739333031634,0.00013628824651957115,0.00013644526940106893,0.00013658850027805535,0.00013671797507787455,0.00013683372709540994,0.00013693578675911248,0.00013702418142018372,0.00013709893516540702,0.0001371600686540709,0.00013720759897935348,0.0001372415395544853,0.00013726190002394455,0.00013726868619988688,0.0001372619000239445,0.00013724153955448523,0.00013720759897935348,0.00013716006865407092,0.00013709893516540702,0.00013702418142018372,0.0001369357867591125,0.0001368337270954099,0.00013671797507787452,0.00013658850027805535,0.00013644526940106893,0.00013628824651957115,0.00013611739333031637,0.00013593266943267985,0.00013573403262844006,0.00013552143924205884,0.00013529484446062566,0.00013505420269254923,0.00013479946794402682,0.00013453059421222597,0.00013424753589405598,0.00013395024820932294,0.0001336386876369874,0.00013331281236317655,0.00013297258273952135
0.0001264155163443172,0.00012673928177775462,0.0001270494143880528,0.00012734594892045082,0.00012762892222776477,0.00012789837284450875,0.00012815434057045772,0.0001283968660649898,0.00012862599045347685,0.00012884175494692828,0.00012904420047602,0.00012923336734057636,0.0001294092948754983,0.00012957202113407038,0.0001297215825895042,0.00012985801385551196,0.00012998134742663863,0.00013009161343901731,0.0001301888394521446,0.0001302730502522151,0.0001303442676774922,0.00013040251046613166,0.00013044779412681575,0.00013048013083250334,0.000130499529337536,0.000130505994918294,0.00013049952933753595,0.00013048013083250326,0.00013044779412681575,0.0001304025104661317,0.00013034426767749222,0.00013027305025221515,0.00013018883945214462,0.00013009161343901731,0.00012998134742663863,0.00012985801385551193,0.00012972158258950419,0.00012957202113407038,0.0001294092948754983,0.00012923336734057636,0.00012904420047602004,0.00012884175494692825,0.0001286259904534768,0.00012839686606498974,0.00012815434057045783,0.00012789837284450884,0.00012762892222776482,0.00012734594892045085,0.00012704941438805283,0.00012673928177775462,0.00012641551634431716
0.00011993175954179514,0.00012023919329576976,0.00012053370597880988,0.00012081532791481604,0.0001210840914704442,0.00012134003065992726,0.00012158318075852084,0.00012181357792582655,0.00012203125884018447,0.00012223626034526177,0.0001224286191099048,0.00012260837130225735,0.000122775552279084,0.00012293019629117493,0.0001230723362056457,0.00012320200324588204,0.0001233192267498212,0.00012342403394719585,0.00012351644975631558,0.00012359649660089028,0.00012366419424735372,0.00012371955966308638,0.0001237626068958732,0.00012379334697489331,0.00012381178783346522,0.00012381793425374053,0.0001238117878334652,0.0001237933469748933,0.00012376260689587324,0.00012371955966308633,0.00012366419424735372,0.0001235964966008903,0.0001235164497563156,0.00012342403394719587,0.0001233192267498212,0.0001232020032458821,0.0001230723362056457,0.0001229301962911749,0.000122775552279084,0.0001226083713022574,0.00012242861910990484,0.00012223626034526177,0.00012203125884018454,0.00012181357792582656,0.00012158318075852081,0.00012134003065992727,0.00012108409147044422,0.00012081532791481603,0.0001205337059788099,0.00012023919329576976,0.00011993175954179518
0.00011351740215533565,0.00011380863216025243,0.00011408764356945299,0.00011435446273231238,0.00011460911796989084,0.00011485163920881114,0.00011508205762300761,0.0001153004052845162,0.00011550671482442146,0.0001157010191050146,0.00011588335090416514,0.00011605374261284564,0.0001162122259466925,0.00011635883167243018,0.00011649358934992034,0.0001166165270905514,0.0001167276713326129,0.00011682704663425497,0.0001169146754845695,0.00011699057813327918,0.00011705477243946414,0.00011710727373970331,0.00011714809473595747,0.00011717724540346503,0.00011719473291887727,0.00011720056160880104,0.00011719473291887726,0.00011717724540346505,0.00011714809473595745,0.00011710727373970327,0.00011705477243946418,0.0001169905781332792,0.00011691467548456951,0.00011682704663425494,0.0001167276713326129,0.00011661652709055143,0.00011649358934992034,0.00011635883167243013,0.0001162122259466925,0.00011605374261284564,0.00011588335090416509,0.00011570101910501462,0.00011550671482442143,0.0001153004052845162,0.00011508205762300761,0.00011485163920881109,0.00011460911796989081,0.00011435446273231238,0.00011408764356945301,0.00011380863216025245,0.00011351740215533563
0.00010716859637669644,0.00010744374570125095,0.00010770737012147555,0.00010795949242593491,0.00010820013729814905,0.00010842933097799607,0.000108647100930289,0.00010885347552162041,0.00010904848370651232,0.00010923215472385711,0.00010940451780458773,0.00010956560189145668,0.00010971543537175167,0.00010985404582372379,0.00010998145977744552,0.00011009770249076882,0.00011020279774099227,0.0001102967676328041,0.00011037963242300464,0.0001104514103624693,0.0001105121175557586,0.00011056176783873013,0.00011060037267446496,0.000110627941067763,0.00011064447949842249,0.00011064999187346454,0.00011064447949842247,0.00011062794106776296,0.00011060037267446497,0.00011056176783873013,0.0001105121175557585,0.0001104514103624693,0.00011037963242300458,0.00011029676763280415,0.00011020279774099224,0.00011009770249076884,0.00010998145977744549,0.00010985404582372381,0.00010971543537175166,0.00010956560189145666,0.00010940451780458777,0.00010923215472385714,0.00010904848370651231,0.00010885347552162049,0.00010864710093028903,0.00010842933097799607,0.00010820013729814906,0.0001079594924259349,0.00010770737012147555,0.00010744374570125093,0.00010716859637669644
0.0001008815534062098,0.00010114073999699551,0.00010138908707993758,0.00010162661426516156,0.00010185334297590025,0.00010206929613599837,0.0001022744978639467,0.00010246897317446408,0.00010265274768858825,0.00010282584735320233,0.00010298829817086206,0.00010314012594075392,0.00010328135601155117,0.00010341201304689808,0.0001035321208041923,0.00010364170192729425,0.00010374077775373558,0.00010382936813695859,0.00010390749128406068,0.00010397516360947698,0.00010403239960498522,0.00010407921172636766,0.00010411561029702071,0.00010414160342876041,0.00010415719696001786,0.00010416239441158551,0.00010415719696001792,0.00010414160342876041,0.00010411561029702071,0.00010407921172636766,0.0001040323996049852,0.000103975163609477,0.00010390749128406063,0.00010382936813695858,0.00010374077775373563,0.00010364170192729426,0.0001035321208041923,0.00010341201304689812,0.00010328135601155117,0.00010314012594075391,0.00010298829817086208,0.00010282584735320231,0.00010265274768858823,0.00010246897317446402,0.0001022744978639467,0.00010206929613599842,0.00010185334297590025,0.00010162661426516153,0.00010138908707993764,0.00010114073999699548,0.00010088155340620984
9.465254012539821e-5,9.489587656648828e-5,9.512905108617667e-5,9.535208046881183e-5,9.556498322538306e-5,9.576777930580333e-5,9.596048981712966e-5,9.614313674865545e-5,9.631574270477503e-5,9.647833064647497e-5,9.663092364226059e-5,9.677354462928701e-5,9.690621618541214e-5,9.702896031285157e-5,9.714179823405989e-5,9.724475020042728e-5,9.73378353143266e-5,9.742107136500643e-5,9.749447467877797e-5,9.755805998389868e-5,9.761184029051397e-5,9.765582678597196e-5,9.769002874578546e-5,9.771445346046913e-5,9.772910617844231e-5,9.773399006514064e-5,9.772910617844231e-5,9.771445346046915e-5,9.769002874578544e-5,9.765582678597195e-5,9.761184029051397e-5,9.75580599838987e-5,9.749447467877795e-5,9.742107136500646e-5,9.733783531432664e-5,9.724475020042727e-5,9.714179823405992e-5,9.702896031285158e-5,9.690621618541211e-5,9.677354462928699e-5,9.66309236422606e-5,9.647833064647501e-5,9.631574270477502e-5,9.614313674865547e-5,9.596048981712962e-5,9.576777930580326e-5,9.556498322538306e-5,9.535208046881181e-5,9.512905108617666e-5,9.489587656648829e-5,9.465254012539824e-5
8.847787580164894e-5,8.870546909318659e-5,8.892357072065673e-5,8.913219496710932e-5,8.933135775160346e-5,8.952107636505078e-5,8.970136921143873e-5,8.987225555530252e-5,9.003375527627534e-5,9.018588863150913e-5,9.032867602671476e-5,9.046213779653308e-5,9.058629399490836e-5,9.070116419608786e-5,9.080676730683549e-5,9.090312139040337e-5,9.099024350276216e-5,9.106814954154964e-5,9.113685410815827e-5,9.119637038333542e-5,9.124671001663565e-5,9.128788303001878e-5,9.13198977358488e-5,9.134276066951028e-5,9.135647653681669e-5,9.136104817634859e-5,9.135647653681668e-5,9.134276066951027e-5,9.131989773584876e-5,9.128788303001884e-5,9.124671001663564e-5,9.11963703833354e-5,9.113685410815832e-5,9.106814954154968e-5,9.099024350276212e-5,9.090312139040337e-5,9.080676730683544e-5,9.07011641960879e-5,9.058629399490836e-5,9.046213779653306e-5,9.032867602671477e-5,9.018588863150912e-5,9.003375527627534e-5,8.98722555553025e-5,8.970136921143873e-5,8.952107636505074e-5,8.933135775160346e-5,8.91321949671093e-5,8.892357072065678e-5,8.87054690931866e-5,8.847787580164895e-5
8.235392882432944e-5,8.256588017919756e-5,8.27690032754154e-5,8.29633101924376e-5,8.314881455135513e-5,8.332553127316864e-5,8.349347634192831e-5,8.365266657353772e-5,8.38031193909856e-5,8.394485260673773e-5,8.407788421297847e-5,8.420223218036076e-5,8.431791426588335e-5,8.442494783047278e-5,8.45233496668171e-5,8.461313583795174e-5,8.469432152706336e-5,8.476692089893997e-5,8.483094697345405e-5,8.48864115114309e-5,8.493332491321325e-5,8.497169613019777e-5,8.500153258958122e-5,8.502284013251725e-5,8.503562296584551e-5,8.503988362752277e-5,8.503562296584551e-5,8.502284013251727e-5,8.500153258958125e-5,8.497169613019777e-5,8.493332491321327e-5,8.488641151143089e-5,8.483094697345405e-5,8.476692089893994e-5,8.46943215270634e-5,8.461313583795177e-5,8.452334966681711e-5,8.44249478304728e-5,8.431791426588336e-5,8.420223218036074e-5,8.407788421297846e-5,8.394485260673773e-5,8.380311939098555e-5,8.36526665735377e-5,8.34934763419283e-5,8.332553127316861e-5,8.314881455135513e-5,8.29633101924376e-5,8.276900327541535e-5,8.256588017919759e-5,8.235392882432944e-5
7.627711347149296e-5,7.647351812917483e-5,7.666175155533013e-5,7.68418238980551e-5,7.701374674935189e-5,7.71775329247973e-5,7.733319624759813e-5,7.748075133776198e-5,7.762021340708831e-5,7.77515980606472e-5,7.787492110538224e-5,7.799019836644266e-5,7.809744551181312e-5,7.819667788577445e-5,7.8287910351698e-5,7.83711571446348e-5,7.844643173413136e-5,7.851374669766609e-5,7.857311360506297e-5,7.862454291421026e-5,7.866804387836978e-5,7.870362446533371e-5,7.873129128864769e-5,7.87510495510858e-5,7.876290300053111e-5,7.876685389837644e-5,7.876290300053112e-5,7.875104955108579e-5,7.873129128864768e-5,7.870362446533374e-5,7.866804387836981e-5,7.862454291421026e-5,7.857311360506296e-5,7.851374669766611e-5,7.844643173413137e-5,7.83711571446348e-5,7.828791035169797e-5,7.819667788577443e-5,7.809744551181313e-5,7.799019836644266e-5,7.787492110538224e-5,7.775159806064725e-5,7.762021340708835e-5,7.748075133776195e-5,7.733319624759815e-5,7.717753292479729e-5,7.701374674935186e-5,7.68418238980551e-5,7.666175155533014e-5,7.647351812917482e-5,7.627711347149296e-5
7.024388670611336e-5,7.042483376289663e-5,7.059826070723533e-5,7.076417600383723e-5,7.092258946058578e-5,7.107351202865548e-5,7.121695560656503e-5,7.135293284883388e-5,7.148145697988457e-5,7.160254161379741e-5,7.171620058050562e-5,7.18224477589762e-5,7.19212969179039e-5,7.201276156440182e-5,7.209685480115012e-5,7.217358919242898e-5,7.22429766394269e-5,7.230502826518921e-5,7.235975430953522e-5,7.240716403424112e-5,7.244726563875647e-5,7.248006618668563e-5,7.25055715432399e-5,7.252378632382788e-5,7.253471385392685e-5,7.253835614034119e-5,7.253471385392693e-5,7.25237863238279e-5,7.250557154323991e-5,7.248006618668562e-5,7.244726563875647e-5,7.240716403424115e-5,7.235975430953519e-5,7.23050282651892e-5,7.224297663942691e-5,7.217358919242896e-5,7.209685480115015e-5,7.20127615644018e-5,7.192129691790392e-5,7.182244775897618e-5,7.17162005805056e-5,7.160254161379743e-5,7.148145697988461e-5,7.135293284883387e-5,7.1216955606565e-5,7.107351202865545e-5,7.092258946058578e-5,7.076417600383724e-5,7.059826070723529e-5,7.04248337628966e-5,7.024388670611332e-5
6.425074500059987e-5,6.44163172553297e-5,6.457501507573386e-5,6.472684546793948e-5,6.487181667784607e-5,6.50099380108251e-5,6.51412196549366e-5,6.52656725082658e-5,6.538330801096292e-5,6.549413798253751e-5,6.559817446493846e-5,6.569542957191865e-5,6.578591534516035e-5,6.58696436176038e-5,6.594662588439811e-5,6.601687318186138e-5,6.608039597480927e-5,6.613720405258172e-5,6.618730643406909e-5,6.62307112820094e-5,6.626742582679923e-5,6.629745630003188e-5,6.632080787794873e-5,6.633748463495913e-5,6.634748950735709e-5,6.635082426733387e-5,6.634748950735707e-5,6.633748463495916e-5,6.632080787794872e-5,6.629745630003186e-5,6.626742582679922e-5,6.623071128200943e-5,6.618730643406906e-5,6.613720405258172e-5,6.608039597480929e-5,6.601687318186137e-5,6.594662588439808e-5,6.586964361760377e-5,6.578591534516037e-5,6.569542957191862e-5,6.559817446493846e-5,6.549413798253751e-5,6.53833080109629e-5,6.526567250826577e-5,6.514121965493657e-5,6.500993801082513e-5,6.487181667784602e-5,6.472684546793949e-5,6.457501507573387e-5,6.441631725532972e-5,6.425074500059988e-5
5.829422118817979e-5,5.844449500280994e-5,5.858853508438869e-5,5.872634718311181e-5,5.8857938183176514e-5,5.898331594128265e-5,5.9102489128256626e-5,5.9215467074339276e-5,5.9322259618663196e-5,5.9422876963414804e-5,5.951732953316247e-5,5.960562783979709e-5,5.9687782353517385e-5,5.9763803380257464e-5,5.9833700945937315e-5,5.9897484687882446e-5,5.995516375374136e-5,6.000674670819607e-5,6.005224144773994e-5,6.0091655123768396e-5,6.0124994074201e-5,6.015226376383088e-5,6.0173468733568095e-5,6.018861255871766e-5,6.019769781641041e-5,6.020072606227396e-5,6.019769781641044e-5,6.018861255871763e-5,6.0173468733568074e-5,6.015226376383086e-5,6.0124994074200975e-5,6.009165512376843e-5,6.005224144773999e-5,6.000674670819607e-5,5.9955163753741366e-5,5.989748468788242e-5,5.983370094593733e-5,5.976380338025748e-5,5.9687782353517405e-5,5.960562783979707e-5,5.9517329533162455e-5,5.9422876963414804e-5,5.9322259618663155e-5,5.921546707433927e-5,5.910248912825664e-5,5.898331594128261e-5,5.8857938183176514e-5,5.8726347183111836e-5,5.858853508438869e-5,5.8444495002809946e-5,5.829422118817981e-5
5.237088133958274e-5,5.2505926513830677e-5,5.2635374140832844e-5,5.2759228896257296e-5,5.287749648191563e-5,5.2990183482364386e-5,5.30972972242552e-5,5.319884563891956e-5,5.3294837128651604e-5,5.338528043713718e-5,5.347018452445195e-5,5.3549558447034464e-5,5.362341124301319e-5,5.369175182324958e-5,5.375458886843263e-5,5.381193073253815e-5,5.3863785352944877e-5,5.3910160167473086e-5,5.395106203859097e-5,5.398649718500876e-5,5.401647112085766e-5,5.4040988602627825e-5,5.406005358401506e-5,5.407366917880502e-5,5.40818376318967e-5,5.4084560298547175e-5,5.408183763189667e-5,5.407366917880504e-5,5.406005358401509e-5,5.4040988602627804e-5,5.401647112085768e-5,5.398649718500879e-5,5.395106203859095e-5,5.391016016747306e-5,5.3863785352944877e-5,5.381193073253815e-5,5.375458886843265e-5,5.369175182324955e-5,5.362341124301316e-5,5.3549558447034484e-5,5.347018452445199e-5,5.338528043713717e-5,5.3294837128651584e-5,5.319884563891955e-5,5.309729722425519e-5,5.299018348236435e-5,5.287749648191562e-5,5.275922889625731e-5,5.263537414083284e-5,5.250592651383067e-5,5.237088133958279e-5
4.64773216633329e-5,4.659720132279687e-5,4.671211556421187e-5,4.6822068149696396e-5,4.6927063757829934e-5,4.702710785772875e-5,4.7122206585517844e-5,4.721236662362603e-5,4.729759508331523e-5,4.737789939083573e-5,4.7453287177583296e-5,4.752376617461551e-5,4.758934411186129e-5,4.7650028622345345e-5,4.77058271517216e-5,4.7756746873395136e-5,4.7802794609489075e-5,4.784397675789321e-5,4.788029922560929e-5,4.791176736859057e-5,4.793838593824786e-5,4.7960159034777834e-5,4.797709006744542e-5,4.7989181721935e-5,4.7996435934860705e-5,4.799885387550843e-5,4.799643593486069e-5,4.7989181721935e-5,4.7977090067445443e-5,4.796015903477785e-5,4.793838593824786e-5,4.791176736859056e-5,4.788029922560932e-5,4.784397675789322e-5,4.7802794609489075e-5,4.775674687339512e-5,4.77058271517216e-5,4.7650028622345345e-5,4.758934411186129e-5,4.75237661746155e-5,4.745328717758329e-5,4.73778993908357e-5,4.729759508331521e-5,4.721236662362603e-5,4.712220658551784e-5,4.7027107857728766e-5,4.692706375782996e-5,4.6822068149696396e-5,4.671211556421185e-5,4.659720132279687e-5,4.647732166333291e-5
4.061016542783861e-5,4.071493592498951e-5,4.081536953325632e-5,4.0911469242492304e-5,4.1003238847748756e-5,4.109068284027497e-5,4.117380630057813e-5,4.1252614793915284e-5,4.132711426857212e-5,4.139731095727101e-5,4.146321128203523e-5,4.152482176281677e-5,4.15821489301839e-5,4.1635199242342524e-5,4.168397900675209e-5,4.172849430657661e-5,4.1768750932195194e-5,4.180475431797853e-5,4.183650948451944e-5,4.186402098648725e-5,4.1887292866259585e-5,4.190632861346463e-5,4.192113113055133e-5,4.193170270448522e-5,4.193804498465078e-5,4.1940158967022734e-5,4.1938044984650794e-5,4.19317027044852e-5,4.192113113055135e-5,4.1906328613464634e-5,4.1887292866259565e-5,4.186402098648725e-5,4.1836509484519444e-5,4.180475431797853e-5,4.176875093219518e-5,4.172849430657662e-5,4.1683979006752105e-5,4.163519924234252e-5,4.158214893018388e-5,4.152482176281677e-5,4.1463211282035235e-5,4.139731095727103e-5,4.132711426857211e-5,4.1252614793915305e-5,4.1173806300578144e-5,4.109068284027494e-5,4.100323884774877e-5,4.0911469242492304e-5,4.081536953325632e-5,4.071493592498952e-5,4.061016542783861e-5
3.476605990336484e-5,3.485577073088347e-5,3.494177005318386e-5,3.502406021008889e-5,3.5102644234005935e-5,3.517752575737309e-5,3.524870892184485e-5,3.531619828953267e-5,3.537999875660459e-5,3.544011546953396e-5,3.549655374427606e-5,3.554931898863607e-5,3.559841662807889e-5,3.5643852035216684e-5,3.5685630463194354e-5,3.5723756983180935e-5,3.5758236426156416e-5,3.578907332917117e-5,3.5816271886238516e-5,3.583983590400592e-5,3.585976876233523e-5,3.5876073379907016e-5,3.588875218494779e-5,3.589780709116516e-5,3.5903239478959414e-5,3.59050501819649e-5,3.590323947895939e-5,3.5897807091165166e-5,3.58887521849478e-5,3.587607337990706e-5,3.585976876233526e-5,3.583983590400594e-5,3.5816271886238543e-5,3.578907332917117e-5,3.575823642615641e-5,3.572375698318094e-5,3.5685630463194354e-5,3.564385203521665e-5,3.5598416628078933e-5,3.5549318988636085e-5,3.549655374427606e-5,3.544011546953395e-5,3.5379998756604575e-5,3.531619828953264e-5,3.524870892184484e-5,3.51775257573731e-5,3.510264423400596e-5,3.502406021008889e-5,3.4941770053183867e-5,3.485577073088345e-5,3.4766059903364847e-5
2.894167332188958e-5,2.9016367037875883e-5,2.9087971939543898e-5,2.9156489820431482e-5,2.92219230529133e-5,2.92842745116872e-5,2.9343547498691098e-5,2.9399745669712423e-5,2.945287296294193e-5,2.9502933529712317e-5,2.9549931667652522e-5,2.9593871756477162e-5,2.963475819661756e-5,2.9672595350891466e-5,2.9707387489393537e-5,2.9739138737779255e-5,2.9767853029100316e-5,2.9793534059337936e-5,2.9816185246767806e-5,2.9835809695277804e-5,2.9852410161746816e-5,2.9865989027579726e-5,2.9876548274481744e-5,2.9884089464541963e-5,2.988861372468357e-5,2.9890121735524964e-5,2.9888613724683567e-5,2.988408946454196e-5,2.9876548274481737e-5,2.986598902757974e-5,2.9852410161746826e-5,2.9835809695277794e-5,2.9816185246767786e-5,2.979353405933795e-5,2.9767853029100327e-5,2.9739138737779258e-5,2.9707387489393547e-5,2.9672595350891477e-5,2.9634758196617592e-5,2.959387175647715e-5,2.954993166765254e-5,2.9502933529712317e-5,2.9452872962941936e-5,2.939974566971243e-5,2.9343547498691095e-5,2.9284274511687195e-5,2.922192305291331e-5,2.915648982043149e-5,2.908797193954392e-5,2.9016367037875883e-5,2.8941673321889587e-5
2.313369185276391e-5,2.3193404017404103e-5,2.325064781704172e-5,2.330542458466258e-5,2.335773611741299e-5,2.3407584615789367e-5,2.345497262396055e-5,2.349990297143098e-5,2.354237871624496e-5,2.3582403089924516e-5,2.361997944432414e-5,2.365511120057651e-5,2.368780180029629e-5,2.37180546591958e-5,2.3745873123260745e-5,2.377126042762181e-5,2.3794219658248858e-5,2.38147537165849e-5,2.3832865287226173e-5,2.3848556808745053e-5,2.3861830447742098e-5,2.387268807620383e-5,2.3881131252231977e-5,2.3887161204200308e-5,2.3890778818384722e-5,2.3891984630102426e-5,2.389077881838473e-5,2.3887161204200298e-5,2.3881131252231987e-5,2.3872688076203834e-5,2.386183044774212e-5,2.384855680874506e-5,2.383286528722619e-5,2.3814753716584885e-5,2.3794219658248848e-5,2.3771260427621813e-5,2.3745873123260758e-5,2.3718054659195795e-5,2.3687801800296298e-5,2.36551112005765e-5,2.361997944432414e-5,2.3582403089924536e-5,2.3542378716244955e-5,2.3499902971430975e-5,2.3454972623960558e-5,2.340758461578935e-5,2.3357736117412997e-5,2.3305424584662565e-5,2.3250647817041736e-5,2.31934040174041e-5,2.31336918527639e-5
1.7338816592035184e-5,1.7383575715369813e-5,1.7426485131316845e-5,1.7467545780425442e-5,1.7506758951996645e-5,1.7544126238708587e-5,1.757964949208437e-5,1.7613330778957924e-5,1.7645172339087623e-5,1.7675176544061338e-5,1.7703345857630197e-5,1.7729682797601414e-5,1.775418989941424e-5,1.7776869681515348e-5,1.779772461264364e-5,1.78167570811262e-5,1.7833969366280798e-5,1.784936361201186e-5,1.7862941802680042e-5,1.7874705741317713e-5,1.7884657030254906e-5,1.7892797054213135e-5,1.7899126965916204e-5,1.7903647674260345e-5,1.790635983507757e-5,1.7907263844519068e-5,1.790635983507759e-5,1.790364767426035e-5,1.7899126965916194e-5,1.789279705421314e-5,1.788465703025491e-5,1.787470574131769e-5,1.786294180268005e-5,1.7849363612011853e-5,1.7833969366280805e-5,1.78167570811262e-5,1.7797724612643623e-5,1.777686968151536e-5,1.775418989941422e-5,1.7729682797601424e-5,1.77033458576302e-5,1.767517654406134e-5,1.764517233908763e-5,1.761333077895793e-5,1.7579649492084378e-5,1.754412623870857e-5,1.750675895199664e-5,1.746754578042544e-5,1.7426485131316855e-5,1.7383575715369813e-5,1.7338816592035187e-5
1.15537605632355e-5,1.158358806373153e-5,1.1612183171594859e-5,1.1639546485750697e-5,1.16656788379243e-5,1.1690581262502064e-5,1.1714254966950837e-5,1.1736701302898943e-5,1.1757921737978677e-5,1.1777917828525585e-5,1.1796691193225717e-5,1.1814243487798258e-5,1.1830576380795118e-5,1.1845691530595558e-5,1.1859590563668878e-5,1.1872275054172703e-5,1.1883746504950747e-5,1.1894006329987205e-5,1.190305583837218e-5,1.1910896219825177e-5,1.1917528531820602e-5,1.1922953688352684e-5,1.192717245037327e-5,1.193018541793003e-5,1.1931993024028274e-5,1.1932595530233516e-5,1.1931993024028268e-5,1.1930185417930048e-5,1.1927172450373263e-5,1.1922953688352677e-5,1.1917528531820589e-5,1.1910896219825176e-5,1.1903055838372172e-5,1.1894006329987205e-5,1.188374650495075e-5,1.1872275054172717e-5,1.1859590563668874e-5,1.1845691530595556e-5,1.1830576380795138e-5,1.1814243487798255e-5,1.1796691193225717e-5,1.1777917828525565e-5,1.1757921737978689e-5,1.1736701302898943e-5,1.1714254966950844e-5,1.169058126250207e-5,1.166567883792431e-5,1.16395464857507e-5,1.1612183171594866e-5,1.1583588063731526e-5,1.1553760563235488e-5
5.775245727394459e-6,5.7901559010827704e-6,5.804450102090008e-6,5.818128621462083e-6,5.831191866734279e-6,5.843640346894936e-6,5.8554746576273236e-6,5.86669546688125e-6,5.877303500824308e-6,5.887299530220177e-6,5.8966843572797976e-6,5.90545880302871e-6,5.9136236952315675e-6,5.921179856912842e-6,5.928128095509803e-6,5.9344691926921595e-6,5.940203894879452e-6,5.945332904485704e-6,5.949856871917558e-6,5.953776388350136e-6,5.957091979302114e-6,5.959804099028992e-6,5.961913125751086e-6,5.963419357730133e-6,5.964323010205932e-6,5.9646242132019116e-6,5.964323010205929e-6,5.963419357730138e-6,5.961913125751086e-6,5.959804099029001e-6,5.957091979302115e-6,5.953776388350138e-6,5.949856871917564e-6,5.9453329044857e-6,5.940203894879451e-6,5.934469192692162e-6,5.928128095509811e-6,5.921179856912844e-6,5.913623695231577e-6,5.905458803028711e-6,5.896684357279801e-6,5.887299530220181e-6,5.877303500824311e-6,5.8666954668812424e-6,5.855474657627317e-6,5.843640346894932e-6,5.8311918667342904e-6,5.818128621462082e-6,5.8044501020900046e-6,5.790155901082769e-6,5.775245727394456e-6
1.865174681370263e-21,4.329869796038111e-21,1.7319479184152445e-21,5.7287508070658086e-21,2.9309887850104138e-21,2.8643754035329043e-21,7.127631818093505e-21,3.730349362740526e-21,1.1324274851176597e-21,2.1982415887578103e-21,7.727152251391091e-21,1.5321077739827162e-21,2.464695114667848e-21,3.730349362740526e-21,1.9984014443252822e-21,1.1257661469699089e-20,3.130828929442942e-21,6.66133814775094e-22,2.3980817331903385e-21,8.659739592076223e-22,4.662936703425658e-21,1.0924594562311541e-20,8.126832540256146e-21,6.994405055138488e-21,3.930189507173055e-21,6.66133814775094e-23,7.260858581048524e-21,1.3988810110276974e-21,4.46309655899313e-21,3.33066907387547e-22,1.3988810110276974e-21,3.0642155479654324e-21,1.5321077739827162e-21,7.194245199571015e-21,2.131628207280301e-21,3.663735981263017e-21,5.662137425588299e-21,2.997602166487923e-21,1.665334536937735e-21,1.7319479184152445e-21,2.7311486405778853e-21,3.930189507173055e-21,6.594724766273431e-21,1.998401444325282e-22,7.3274719625260345e-22,2.3980817331903385e-21,8.659739592076222e-21,1.332267629550188e-22,9.792167077193882e-21,2.7977620220553948e-21,2.131628207280301e-21
5.7752457273944604e-6,5.790155901082775e-6,5.804450102090011e-6,5.818128621462082e-6,5.8311918667342904e-6,5.843640346894938e-6,5.855474657627321e-6,5.866695466881253e-6,5.877303500824312e-6,5.88729953022019e-6,5.89668435727981e-6,5.905458803028719e-6,5.9136236952315785e-6,5.921179856912846e-6,5.928128095509819e-6,5.9344691926921646e-6,5.940203894879456e-6,5.945332904485711e-6,5.949856871917566e-6,5.95377638835014e-6,5.957091979302122e-6,5.959804099029009e-6,5.961913125751092e-6,5.963419357730142e-6,5.964323010205932e-6,5.964624213201924e-6,5.964323010205939e-6,5.96341935773014e-6,5.961913125751094e-6,5.959804099028996e-6,5.957091979302119e-6,5.953776388350142e-6,5.949856871917556e-6,5.94533290448571e-6,5.94020389487946e-6,5.934469192692169e-6,5.928128095509807e-6,5.921179856912849e-6,5.913623695231575e-6,5.90545880302871e-6,5.896684357279807e-6,5.8872995302201804e-6,5.877303500824317e-6,5.8666954668812585e-6,5.855474657627323e-6,5.843640346894936e-6,5.83119186673428e-6,5.818128621462087e-6,5.804450102090013e-6,5.790155901082773e-6,5.775245727394467e-6
1.155376056323549e-5,1.1583588063731536e-5,1.1612183171594869e-5,1.1639546485750705e-5,1.1665678837924315e-5,1.169058126250207e-5,1.1714254966950835e-5,1.173670130289896e-5,1.1757921737978694e-5,1.1777917828525583e-5,1.1796691193225734e-5,1.1814243487798264e-5,1.1830576380795133e-5,1.184569153059556e-5,1.1859590563668874e-5,1.1872275054172724e-5,1.1883746504950757e-5,1.1894006329987205e-5,1.1903055838372174e-5,1.1910896219825177e-5,1.1917528531820592e-5,1.192295368835269e-5,1.1927172450373274e-5,1.1930185417930053e-5,1.193199302402827e-5,1.1932595530233512e-5,1.193199302402828e-5,1.1930185417930046e-5,1.1927172450373264e-5,1.1922953688352692e-5,1.1917528531820612e-5,1.1910896219825174e-5,1.1903055838372177e-5,1.1894006329987205e-5,1.1883746504950748e-5,1.187227505417272e-5,1.1859590563668883e-5,1.1845691530595568e-5,1.1830576380795123e-5,1.1814243487798274e-5,1.1796691193225722e-5,1.1777917828525595e-5,1.1757921737978682e-5,1.1736701302898951e-5,1.1714254966950845e-5,1.1690581262502072e-5,1.1665678837924308e-5,1.1639546485750693e-5,1.1612183171594862e-5,1.1583588063731534e-5,1.1553760563235507e-5
1.7338816592035187e-5,1.7383575715369826e-5,1.742648513131686e-5,1.746754578042546e-5,1.7506758951996655e-5,1.7544126238708594e-5,1.7579649492084385e-5,1.7613330778957938e-5,1.7645172339087626e-5,1.7675176544061348e-5,1.7703345857630207e-5,1.772968279760143e-5,1.775418989941424e-5,1.777686968151537e-5,1.7797724612643633e-5,1.781675708112621e-5,1.78339693662808e-5,1.784936361201186e-5,1.786294180268004e-5,1.78747057413177e-5,1.7884657030254917e-5,1.7892797054213145e-5,1.78991269659162e-5,1.790364767426035e-5,1.7906359835077595e-5,1.790726384451908e-5,1.790635983507757e-5,1.7903647674260348e-5,1.7899126965916204e-5,1.7892797054213142e-5,1.7884657030254903e-5,1.787470574131771e-5,1.7862941802680042e-5,1.784936361201186e-5,1.7833969366280808e-5,1.7816757081126204e-5,1.779772461264364e-5,1.7776869681515358e-5,1.7754189899414244e-5,1.772968279760142e-5,1.7703345857630207e-5,1.7675176544061345e-5,1.7645172339087623e-5,1.7613330778957927e-5,1.7579649492084378e-5,1.7544126238708594e-5,1.7506758951996635e-5,1.7467545780425446e-5,1.742648513131686e-5,1.7383575715369823e-5,1.7338816592035187e-5
2.313369185276391e-5,2.31934040174041e-5,2.325064781704172e-5,2.3305424584662575e-5,2.335773611741301e-5,2.3407584615789353e-5,2.3454972623960558e-5,2.3499902971430975e-5,2.3542378716244948e-5,2.3582403089924536e-5,2.3619979444324143e-5,2.3655111200576514e-5,2.368780180029629e-5,2.37180546591958e-5,2.3745873123260748e-5,2.3771260427621813e-5,2.3794219658248855e-5,2.3814753716584902e-5,2.3832865287226197e-5,2.384855680874507e-5,2.3861830447742105e-5,2.3872688076203844e-5,2.3881131252231987e-5,2.3887161204200295e-5,2.3890778818384736e-5,2.3891984630102423e-5,2.389077881838473e-5,2.3887161204200308e-5,2.3881131252231994e-5,2.3872688076203844e-5,2.386183044774211e-5,2.3848556808745066e-5,2.3832865287226197e-5,2.3814753716584902e-5,2.3794219658248858e-5,2.3771260427621813e-5,2.3745873123260745e-5,2.3718054659195805e-5,2.3687801800296295e-5,2.3655111200576514e-5,2.3619979444324136e-5,2.358240308992453e-5,2.354237871624496e-5,2.349990297143099e-5,2.3454972623960554e-5,2.3407584615789374e-5,2.3357736117412993e-5,2.3305424584662575e-5,2.325064781704173e-5,2.3193404017404116e-5,2.3133691852763915e-5
2.8941673321889587e-5,2.9016367037875897e-5,2.9087971939543918e-5,2.9156489820431486e-5,2.922192305291332e-5,2.92842745116872e-5,2.9343547498691115e-5,2.9399745669712426e-5,2.945287296294196e-5,2.950293352971231e-5,2.9549931667652526e-5,2.9593871756477155e-5,2.963475819661759e-5,2.9672595350891473e-5,2.9707387489393554e-5,2.973913873777926e-5,2.9767853029100316e-5,2.979353405933796e-5,2.9816185246767786e-5,2.9835809695277794e-5,2.9852410161746826e-5,2.9865989027579754e-5,2.9876548274481737e-5,2.9884089464541966e-5,2.988861372468357e-5,2.9890121735524984e-5,2.9888613724683577e-5,2.988408946454198e-5,2.9876548274481744e-5,2.9865989027579743e-5,2.9852410161746823e-5,2.9835809695277797e-5,2.9816185246767796e-5,2.9793534059337943e-5,2.9767853029100333e-5,2.9739138737779272e-5,2.9707387489393547e-5,2.9672595350891473e-5,2.963475819661758e-5,2.959387175647717e-5,2.9549931667652526e-5,2.950293352971234e-5,2.9452872962941932e-5,2.9399745669712426e-5,2.934354749869112e-5,2.9284274511687212e-5,2.92219230529133e-5,2.9156489820431486e-5,2.9087971939543908e-5,2.9016367037875893e-5,2.8941673321889583e-5
3.476605990336486e-5,3.485577073088347e-5,3.494177005318388e-5,3.5024060210088904e-5,3.510264423400597e-5,3.51775257573731e-5,3.524870892184483e-5,3.531619828953266e-5,3.537999875660459e-5,3.544011546953396e-5,3.5496553744276067e-5,3.554931898863608e-5,3.559841662807894e-5,3.5643852035216657e-5,3.568563046319436e-5,3.572375698318094e-5,3.575823642615641e-5,3.578907332917118e-5,3.5816271886238543e-5,3.5839835904005946e-5,3.5859768762335254e-5,3.587607337990704e-5,3.5888752184947784e-5,3.5897807091165166e-5,3.590323947895938e-5,3.59050501819649e-5,3.59032394789594e-5,3.5897807091165166e-5,3.58887521849478e-5,3.587607337990702e-5,3.585976876233524e-5,3.5839835904005926e-5,3.581627188623852e-5,3.578907332917117e-5,3.575823642615641e-5,3.572375698318095e-5,3.5685630463194354e-5,3.5643852035216684e-5,3.559841662807891e-5,3.554931898863607e-5,3.549655374427608e-5,3.544011546953398e-5,3.5379998756604595e-5,3.531619828953266e-5,3.524870892184485e-5,3.517752575737308e-5,3.510264423400595e-5,3.5024060210088904e-5,3.4941770053183867e-5,3.485577073088348e-5,3.476605990336484e-5
4.061016542783862e-5,4.071493592498951e-5,4.081536953325633e-5,4.091146924249229e-5,4.100323884774878e-5,4.109068284027496e-5,4.117380630057816e-5,4.1252614793915305e-5,4.132711426857213e-5,4.139731095727105e-5,4.146321128203525e-5,4.152482176281678e-5,4.15821489301839e-5,4.1635199242342524e-5,4.16839790067521e-5,4.172849430657662e-5,4.176875093219521e-5,4.180475431797854e-5,4.1836509484519444e-5,4.1864020986487265e-5,4.1887292866259585e-5,4.1906328613464654e-5,4.192113113055135e-5,4.1931702704485247e-5,4.1938044984650794e-5,4.194015896702272e-5,4.1938044984650774e-5,4.1931702704485226e-5,4.192113113055133e-5,4.190632861346465e-5,4.18872928662596e-5,4.186402098648725e-5,4.183650948451944e-5,4.180475431797856e-5,4.1768750932195194e-5,4.172849430657663e-5,4.1683979006752105e-5,4.163519924234253e-5,4.158214893018389e-5,4.152482176281678e-5,4.146321128203525e-5,4.1397310957271044e-5,4.132711426857213e-5,4.1252614793915305e-5,4.1173806300578144e-5,4.109068284027495e-5,4.100323884774876e-5,4.0911469242492304e-5,4.0815369533256305e-5,4.0714935924989524e-5,4.061016542783862e-5
4.6477321663332996e-5,4.659720132279694e-5,4.671211556421196e-5,4.68220681496965e-5,4.692706375783008e-5,4.7027107857728854e-5,4.712220658551793e-5,4.7212366623626085e-5,4.729759508331535e-5,4.7377899390835764e-5,4.745328717758336e-5,4.75237661746156e-5,4.7589344111861416e-5,4.765002862234541e-5,4.770582715172169e-5,4.77567468733952e-5,4.780279460948917e-5,4.784397675789331e-5,4.78802992256094e-5,4.791176736859067e-5,4.793838593824794e-5,4.796015903477798e-5,4.797709006744554e-5,4.7989181721935084e-5,4.79964359348608e-5,4.799885387550854e-5,4.7996435934860786e-5,4.7989181721935084e-5,4.797709006744553e-5,4.7960159034777956e-5,4.793838593824794e-5,4.791176736859064e-5,4.7880299225609374e-5,4.784397675789333e-5,4.7802794609489163e-5,4.7756746873395224e-5,4.770582715172173e-5,4.7650028622345446e-5,4.75893441118614e-5,4.7523766174615586e-5,4.745328717758338e-5,4.73778993908358e-5,4.729759508331534e-5,4.7212366623626126e-5,4.712220658551795e-5,4.7027107857728834e-5,4.692706375783006e-5,4.682206814969649e-5,4.671211556421196e-5,4.6597201322796976e-5,4.6477321663332996e-5
5.237088133958284e-5,5.2505926513830744e-5,5.263537414083294e-5,5.275922889625739e-5,5.287749648191572e-5,5.299018348236446e-5,5.3097297224255296e-5,5.3198845638919635e-5,5.3294837128651706e-5,5.338528043713725e-5,5.347018452445208e-5,5.354955844703456e-5,5.3623411243013226e-5,5.3691751823249644e-5,5.3754588868432715e-5,5.3811930732538244e-5,5.386378535294498e-5,5.391016016747316e-5,5.395106203859106e-5,5.3986497185008876e-5,5.401647112085779e-5,5.404098860262791e-5,5.406005358401515e-5,5.407366917880515e-5,5.408183763189676e-5,5.408456029854726e-5,5.4081837631896745e-5,5.407366917880515e-5,5.40600535840152e-5,5.4040988602627906e-5,5.401647112085776e-5,5.398649718500889e-5,5.3951062038591053e-5,5.391016016747318e-5,5.3863785352945005e-5,5.3811930732538244e-5,5.375458886843271e-5,5.3691751823249664e-5,5.362341124301326e-5,5.3549558447034545e-5,5.3470184524452055e-5,5.3385280437137255e-5,5.329483712865168e-5,5.3198845638919635e-5,5.3097297224255275e-5,5.299018348236445e-5,5.287749648191571e-5,5.275922889625738e-5,5.2635374140832946e-5,5.250592651383077e-5,5.237088133958282e-5
5.82942211881798e-5,5.8444495002809966e-5,5.858853508438867e-5,5.872634718311185e-5,5.8857938183176514e-5,5.898331594128262e-5,5.9102489128256626e-5,5.9215467074339276e-5,5.932225961866317e-5,5.94228769634148e-5,5.951732953316245e-5,5.960562783979709e-5,5.9687782353517385e-5,5.976380338025746e-5,5.983370094593735e-5,5.9897484687882446e-5,5.995516375374136e-5,6.0006746708196104e-5,6.0052241447739996e-5,6.009165512376843e-5,6.0124994074200955e-5,6.015226376383086e-5,6.0173468733568074e-5,6.018861255871766e-5,6.0197697816410456e-5,6.0200726062273936e-5,6.019769781641043e-5,6.018861255871766e-5,6.01734687335681e-5,6.015226376383088e-5,6.012499407420099e-5,6.0091655123768396e-5,6.005224144773996e-5,6.000674670819608e-5,5.9955163753741345e-5,5.9897484687882466e-5,5.983370094593737e-5,5.9763803380257464e-5,5.9687782353517405e-5,5.96056278397971e-5,5.951732953316246e-5,5.9422876963414804e-5,5.9322259618663196e-5,5.9215467074339256e-5,5.910248912825665e-5,5.898331594128265e-5,5.885793818317653e-5,5.872634718311181e-5,5.858853508438868e-5,5.844449500280994e-5,5.82942211881798e-5
6.425074500059987e-5,6.441631725532974e-5,6.457501507573387e-5,6.472684546793949e-5,6.487181667784605e-5,6.50099380108251e-5,6.514121965493658e-5,6.526567250826577e-5,6.538330801096292e-5,6.549413798253753e-5,6.559817446493846e-5,6.569542957191862e-5,6.578591534516038e-5,6.58696436176038e-5,6.594662588439811e-5,6.60168731818614e-5,6.60803959748093e-5,6.613720405258174e-5,6.618730643406906e-5,6.623071128200945e-5,6.626742582679922e-5,6.629745630003186e-5,6.632080787794869e-5,6.633748463495917e-5,6.634748950735707e-5,6.635082426733387e-5,6.634748950735709e-5,6.633748463495913e-5,6.632080787794874e-5,6.62974563000319e-5,6.626742582679923e-5,6.623071128200943e-5,6.618730643406911e-5,6.613720405258176e-5,6.608039597480926e-5,6.601687318186141e-5,6.594662588439811e-5,6.586964361760382e-5,6.578591534516038e-5,6.569542957191863e-5,6.559817446493849e-5,6.549413798253751e-5,6.538330801096292e-5,6.526567250826581e-5,6.514121965493662e-5,6.50099380108251e-5,6.487181667784606e-5,6.472684546793952e-5,6.457501507573386e-5,6.441631725532972e-5,6.425074500059987e-5
7.024388670611332e-5,7.042483376289664e-5,7.059826070723532e-5,7.076417600383723e-5,7.092258946058578e-5,7.107351202865547e-5,7.1216955606565e-5,7.13529328488339e-5,7.148145697988463e-5,7.160254161379745e-5,7.17162005805056e-5,7.182244775897618e-5,7.192129691790394e-5,7.20127615644018e-5,7.209685480115016e-5,7.217358919242899e-5,7.22429766394269e-5,7.230502826518921e-5,7.235975430953522e-5,7.240716403424115e-5,7.244726563875651e-5,7.248006618668563e-5,7.250557154323993e-5,7.25237863238279e-5,7.253471385392692e-5,7.253835614034119e-5,7.253471385392684e-5,7.252378632382789e-5,7.250557154323988e-5,7.248006618668563e-5,7.24472656387565e-5,7.240716403424113e-5,7.23597543095352e-5,7.230502826518921e-5,7.22429766394269e-5,7.217358919242896e-5,7.209685480115012e-5,7.201276156440185e-5,7.19212969179039e-5,7.182244775897621e-5,7.171620058050562e-5,7.160254161379743e-5,7.148145697988459e-5,7.135293284883388e-5,7.121695560656503e-5,7.107351202865547e-5,7.09225894605858e-5,7.076417600383721e-5,7.059826070723533e-5,7.042483376289663e-5,7.024388670611334e-5
7.627711347149296e-5,7.647351812917484e-5,7.666175155533014e-5,7.684182389805513e-5,7.701374674935189e-5,7.717753292479733e-5,7.733319624759817e-5,7.748075133776197e-5,7.762021340708835e-5,7.775159806064724e-5,7.787492110538224e-5,7.799019836644267e-5,7.809744551181314e-5,7.819667788577446e-5,7.828791035169797e-5,7.83711571446348e-5,7.844643173413137e-5,7.851374669766611e-5,7.857311360506296e-5,7.862454291421029e-5,7.866804387836981e-5,7.870362446533374e-5,7.873129128864769e-5,7.875104955108584e-5,7.876290300053114e-5,7.876685389837642e-5,7.876290300053114e-5,7.875104955108584e-5,7.873129128864769e-5,7.870362446533375e-5,7.86680438783698e-5,7.862454291421026e-5,7.857311360506297e-5,7.85137466976661e-5,7.844643173413137e-5,7.83711571446348e-5,7.828791035169797e-5,7.819667788577445e-5,7.809744551181317e-5,7.799019836644269e-5,7.787492110538224e-5,7.775159806064721e-5,7.762021340708834e-5,7.7480751337762e-5,7.733319624759811e-5,7.717753292479733e-5,7.701374674935189e-5,7.68418238980551e-5,7.666175155533014e-5,7.647351812917483e-5,7.627711347149297e-5
8.235392882432946e-5,8.256588017919759e-5,8.27690032754154e-5,8.29633101924376e-5,8.314881455135514e-5,8.332553127316861e-5,8.349347634192827e-5,8.36526665735377e-5,8.380311939098555e-5,8.394485260673774e-5,8.407788421297846e-5,8.420223218036074e-5,8.431791426588338e-5,8.44249478304728e-5,8.452334966681711e-5,8.461313583795177e-5,8.469432152706337e-5,8.476692089893996e-5,8.483094697345405e-5,8.488641151143093e-5,8.493332491321327e-5,8.497169613019778e-5,8.500153258958124e-5,8.502284013251727e-5,8.503562296584552e-5,8.503988362752279e-5,8.503562296584552e-5,8.502284013251727e-5,8.500153258958122e-5,8.497169613019778e-5,8.493332491321327e-5,8.488641151143093e-5,8.483094697345407e-5,8.476692089894e-5,8.46943215270634e-5,8.461313583795172e-5,8.45233496668171e-5,8.442494783047282e-5,8.431791426588335e-5,8.420223218036077e-5,8.407788421297849e-5,8.394485260673774e-5,8.38031193909856e-5,8.365266657353772e-5,8.34934763419283e-5,8.332553127316864e-5,8.314881455135514e-5,8.29633101924376e-5,8.276900327541539e-5,8.256588017919759e-5,8.235392882432945e-5
8.847787580164895e-5,8.87054690931866e-5,8.89235707206568e-5,8.913219496710934e-5,8.933135775160346e-5,8.952107636505073e-5,8.970136921143871e-5,8.987225555530247e-5,9.003375527627536e-5,9.018588863150913e-5,9.032867602671477e-5,9.046213779653306e-5,9.058629399490838e-5,9.07011641960879e-5,9.080676730683543e-5,9.090312139040337e-5,9.099024350276214e-5,9.106814954154968e-5,9.11368541081583e-5,9.119637038333541e-5,9.124671001663564e-5,9.128788303001882e-5,9.131989773584878e-5,9.134276066951031e-5,9.135647653681669e-5,9.136104817634858e-5,9.135647653681669e-5,9.134276066951024e-5,9.13198977358488e-5,9.128788303001882e-5,9.124671001663567e-5,9.119637038333542e-5,9.113685410815828e-5,9.106814954154964e-5,9.099024350276214e-5,9.090312139040337e-5,9.080676730683549e-5,9.070116419608788e-5,9.058629399490836e-5,9.046213779653308e-5,9.032867602671476e-5,9.018588863150919e-5,9.003375527627534e-5,8.987225555530252e-5,8.970136921143873e-5,8.952107636505078e-5,8.933135775160346e-5,8.913219496710932e-5,8.892357072065674e-5,8.870546909318659e-5,8.847787580164895e-5
9.465254012539825e-5,9.489587656648829e-5,9.512905108617666e-5,9.535208046881181e-5,9.556498322538306e-5,9.576777930580327e-5,9.596048981712963e-5,9.614313674865547e-5,9.631574270477503e-5,9.647833064647501e-5,9.663092364226066e-5,9.677354462928699e-5,9.690621618541215e-5,9.702896031285158e-5,9.714179823405993e-5,9.724475020042728e-5,9.733783531432661e-5,9.742107136500646e-5,9.749447467877793e-5,9.755805998389871e-5,9.761184029051397e-5,9.765582678597196e-5,9.769002874578545e-5,9.771445346046915e-5,9.772910617844231e-5,9.773399006514064e-5,9.772910617844231e-5,9.771445346046915e-5,9.769002874578545e-5,9.765582678597193e-5,9.761184029051395e-5,9.755805998389871e-5,9.749447467877797e-5,9.742107136500643e-5,9.733783531432661e-5,9.724475020042728e-5,9.71417982340599e-5,9.702896031285158e-5,9.690621618541214e-5,9.6773544629287e-5,9.663092364226064e-5,9.6478330646475e-5,9.631574270477502e-5,9.614313674865548e-5,9.596048981712966e-5,9.576777930580333e-5,9.556498322538309e-5,9.53520804688118e-5,9.512905108617667e-5,9.489587656648829e-5,9.465254012539825e-5
0.00010088155340620985,0.00010114073999699548,0.00010138908707993762,0.00010162661426516157,0.00010185334297590029,0.00010206929613599843,0.0001022744978639467,0.00010246897317446405,0.00010265274768858823,0.00010282584735320234,0.00010298829817086209,0.00010314012594075392,0.00010328135601155119,0.00010341201304689812,0.00010353212080419233,0.00010364170192729426,0.00010374077775373565,0.00010382936813695858,0.00010390749128406063,0.000103975163609477,0.00010403239960498522,0.00010407921172636766,0.00010411561029702073,0.00010414160342876041,0.0001041571969600179,0.0001041623944115855,0.00010415719696001787,0.00010414160342876039,0.00010411561029702073,0.00010407921172636766,0.0001040323996049852,0.00010397516360947703,0.00010390749128406067,0.0001038293681369586,0.0001037407777537356,0.00010364170192729426,0.0001035321208041923,0.00010341201304689808,0.00010328135601155119,0.00010314012594075392,0.00010298829817086208,0.00010282584735320234,0.00010265274768858827,0.00010246897317446405,0.00010227449786394673,0.0001020692961359984,0.00010185334297590025,0.00010162661426516157,0.00010138908707993758,0.00010114073999699551,0.0001008815534062098
0.00010716859637669644,0.00010744374570125096,0.00010770737012147553,0.0001079594924259349,0.00010820013729814907,0.00010842933097799611,0.00010864710093028901,0.0001088534755216205,0.00010904848370651231,0.00010923215472385714,0.00010940451780458775,0.00010956560189145662,0.00010971543537175166,0.00010985404582372381,0.00010998145977744557,0.00011009770249076882,0.0001102027977409923,0.00011029676763280414,0.00011037963242300463,0.00011045141036246934,0.00011051211755575856,0.00011056176783873011,0.00011060037267446498,0.00011062794106776295,0.00011064447949842249,0.00011064999187346455,0.00011064447949842249,0.00011062794106776302,0.00011060037267446496,0.00011056176783873013,0.00011051211755575857,0.00011045141036246931,0.00011037963242300465,0.00011029676763280415,0.00011020279774099226,0.00011009770249076882,0.00010998145977744552,0.00010985404582372379,0.00010971543537175166,0.00010956560189145662,0.00010940451780458773,0.00010923215472385711,0.00010904848370651235,0.00010885347552162043,0.00010864710093028901,0.00010842933097799607,0.00010820013729814906,0.0001079594924259349,0.00010770737012147557,0.00010744374570125095,0.00010716859637669644
0.00011351740215533562,0.00011380863216025245,0.00011408764356945299,0.00011435446273231236,0.00011460911796989084,0.00011485163920881109,0.00011508205762300761,0.00011530040528451622,0.00011550671482442146,0.00011570101910501466,0.00011588335090416509,0.00011605374261284566,0.00011621222594669249,0.00011635883167243016,0.00011649358934992034,0.00011661652709055146,0.00011672767133261291,0.00011682704663425498,0.00011691467548456947,0.0001169905781332792,0.00011705477243946415,0.00011710727373970331,0.00011714809473595748,0.00011717724540346505,0.00011719473291887726,0.00011720056160880101,0.00011719473291887727,0.00011717724540346503,0.00011714809473595748,0.00011710727373970334,0.00011705477243946415,0.00011699057813327918,0.00011691467548456951,0.000116827046634255,0.00011672767133261292,0.00011661652709055143,0.00011649358934992032,0.00011635883167243017,0.00011621222594669254,0.00011605374261284566,0.00011588335090416516,0.00011570101910501462,0.00011550671482442146,0.0001153004052845162,0.00011508205762300761,0.00011485163920881116,0.00011460911796989085,0.00011435446273231238,0.00011408764356945305,0.00011380863216025244,0.00011351740215533562
0.0001199317595417952,0.00012023919329576977,0.00012053370597880988,0.00012081532791481606,0.00012108409147044422,0.00012134003065992727,0.00012158318075852083,0.00012181357792582656,0.00012203125884018453,0.00012223626034526177,0.00012242861910990486,0.0001226083713022574,0.00012277555227908405,0.00012293019629117493,0.00012307233620564574,0.00012320200324588212,0.00012331922674982117,0.0001234240339471959,0.0001235164497563156,0.0001235964966008903,0.00012366419424735372,0.00012371955966308633,0.00012376260689587326,0.00012379334697489331,0.00012381178783346525,0.00012381793425374053,0.00012381178783346522,0.00012379334697489334,0.00012376260689587324,0.00012371955966308638,0.00012366419424735374,0.00012359649660089025,0.00012351644975631558,0.00012342403394719585,0.00012331922674982122,0.00012320200324588207,0.00012307233620564574,0.00012293019629117493,0.000122775552279084,0.00012260837130225735,0.00012242861910990484,0.00012223626034526177,0.00012203125884018449,0.00012181357792582657,0.00012158318075852087,0.0001213400306599273,0.00012108409147044418,0.00012081532791481603,0.00012053370597880988,0.00012023919329576976,0.00011993175954179516
0.00012641551634431716,0.0001267392817777546,0.00012704941438805283,0.00012734594892045093,0.00012762892222776477,0.00012789837284450884,0.0001281543405704578,0.00012839686606498974,0.0001286259904534768,0.00012884175494692828,0.00012904420047602001,0.00012923336734057633,0.0001294092948754983,0.00012957202113407038,0.0001297215825895042,0.00012985801385551196,0.00012998134742663863,0.00013009161343901731,0.00013018883945214467,0.00013027305025221515,0.00013034426767749222,0.00013040251046613174,0.00013044779412681575,0.0001304801308325033,0.000130499529337536,0.00013050599491829404,0.000130499529337536,0.00013048013083250334,0.00013044779412681577,0.0001304025104661317,0.0001303442676774922,0.00013027305025221513,0.00013018883945214462,0.0001300916134390173,0.00012998134742663866,0.00012985801385551196,0.00012972158258950424,0.0001295720211340704,0.00012940929487549832,0.00012923336734057636,0.00012904420047602001,0.00012884175494692828,0.00012862599045347685,0.00012839686606498982,0.00012815434057045772,0.00012789837284450878,0.00012762892222776482,0.00012734594892045085,0.00012704941438805283,0.00012673928177775465,0.0001264155163443172
0.00013297258273952135,0.00013331281236317655,0.0001336386876369874,0.00013395024820932294,0.00013424753589405604,0.00013453059421222597,0.00013479946794402685,0.00013505420269254923,0.0001352948444606257,0.0001355214392420589,0.00013573403262844008,0.00013593266943267985,0.00013611739333031637,0.00013628824651957118,0.00013644526940106898,0.00013658850027805538,0.0001367179750778745,0.0001368337270954099,0.00013693578675911253,0.00013702418142018375,0.00013709893516540702,0.00013716006865407095,0.0001372075989793535,0.00013724153955448523,0.00013726190002394455,0.00013726868619988697,0.00013726190002394455,0.0001372415395544853,0.00013720759897935348,0.00013716006865407092,0.00013709893516540705,0.0001370241814201837,0.00013693578675911253,0.00013683372709540992,0.00013671797507787455,0.00013658850027805535,0.00013644526940106893,0.00013628824651957115,0.00013611739333031634,0.00013593266943267985,0.00013573403262844006,0.00013552143924205884,0.00013529484446062566,0.00013505420269254925,0.0001347994679440269,0.000134530594212226,0.00013424753589405606,0.00013395024820932294,0.00013363868763698744,0.00013331281236317655,0.00013297258273952138
0.0001396069346646951,0.0001399637652663249,0.0001403055097149147,0.00014063221308073526,0.00014094392264989245,0.00014124068743165077,0.00014152255767704136,0.00014178958441027434,0.00014204181897439194,0.00014227931259251802,0.00014250211594598388,0.0001427102787705198,0.00014290384947162948,0.0001430828747601807,0.0001432473993091686,0.00014339746543252872,0.00014353311278680658,0.00014365437809641003,0.0001437612949031064,0.00014385389334035023,0.00014393219993296462,0.00014399623742262816,0.00014404602461956203,0.00014408157628073825,0.00014410290301488393,0.00014411001121447613,0.00014410290301488396,0.0001440815762807382,0.000144046024619562,0.00014399623742262818,0.00014393219993296465,0.00014385389334035023,0.00014376129490310645,0.00014365437809641006,0.00014353311278680658,0.00014339746543252875,0.00014324739930916857,0.0001430828747601807,0.00014290384947162954,0.00014271027877051982,0.00014250211594598393,0.00014227931259251802,0.00014204181897439194,0.00014178958441027434,0.00014152255767704142,0.00014124068743165072,0.00014094392264989245,0.00014063221308073523,0.00014030550971491466,0.00013996376526632492,0.00013960693466469516
0.00014632261724232396,0.0001466961895603185,0.00014705393313901253,0.00014739589902846494,0.00014772214053654364,0.0001480327126998995,0.00014832767176726838,0.00014860707469671215,0.00014887097866832566,0.00014911944061384624,0.00014935251676451424,0.0001495702622184462,0.00014977273052869288,0.00014995997331306935,0.00015013203988676588,0.0001502889769186532,0.00015043082811212857,0.0001505576339112631,0.00015066943123293654,0.00015076625322557583,0.00015084812905503264,0.000150915083718079,0.00015096713788392065,0.00015100430776407163,0.00015102660501085997,0.00015103403664478313,0.00015102660501085997,0.00015100430776407163,0.00015096713788392068,0.00015091508371807897,0.00015084812905503261,0.0001507662532255758,0.0001506694312329365,0.00015055763391126308,0.0001504308281121286,0.00015028897691865323,0.00015013203988676588,0.00014995997331306935,0.0001497727305286928,0.00014957026221844622,0.00014935251676451427,0.00014911944061384616,0.00014887097866832566,0.00014860707469671212,0.00014832767176726843,0.00014803271269989954,0.00014772214053654367,0.00014739589902846488,0.00014705393313901247,0.00014669618956031854,0.00014632261724232393
0.0001531237482362563,0.00015351420660921004,0.00015388808236228355,0.00015424543312459916,0.0001545863188158711,0.00015491080107888928,0.00015521894272546127,0.00015551080719752514,0.00015578645804504679,0.00015604595842222304,0.00015628937060341145,0.00015651675552011787,0.00015672817232027157,0.0001569236779509333,0.00015710332676548331,0.0001572671701562563,0.00015741525621349776,0.00015754762941143634,0.0001576643303221865,0.00015776539535811835,0.00015785085654325428,0.00015792074131418206,0.000157975072350902,0.00015801386743795898,0.00015803713935614265,0.00015804489580497556,0.00015803713935614273,0.00015801386743795903,0.00015797507235090197,0.0001579207413141821,0.00015785085654325428,0.00015776539535811835,0.00015766433032218656,0.00015754762941143637,0.00015741525621349773,0.0001572671701562563,0.00015710332676548331,0.00015692367795093324,0.0001567281723202716,0.00015651675552011784,0.00015628937060341145,0.00015604595842222304,0.00015578645804504679,0.00015551080719752508,0.00015521894272546124,0.00015491080107888928,0.00015458631881587115,0.00015424543312459913,0.0001538880823622835,0.00015351420660921007,0.00015312374823625634
