1.8193695911192573e18,1.9424099618612077e17,6.434871667693254e17,-3.7482322001545485e17,-4.456582374845751e18,6.2690403804112104e16,5.5849878493398106e17,7.510761172526447e17,-2.864328206310885e17,-1.5878038696924166e17,1.5979294844079843e17,1.0185316049809314e17,-2.8955864841879137e18,1.6139809378599437e17,2.429804316644678e17,3.4169389074008666e17,2.3903430588328195e17,-1.4100407958639238e17,4.670622550635077e17,-1.4107600707555218e18,2.4468637043265043e17,-7.615890545820429e17,-5.4991589003553683e17,-1.7803691960538365e18,3.117561391035789e17,4.4621481181621376e17,1.0840187021626189e17,-2.944986415524091e17,-3.025333203485198e17,3.445299896925465e17,5.747185708612212e17,7.287700608782574e16,2.997972709428508e17,-3.045071666036128e17,2.6424734779010355e17,1.4961452123024438e17,-9.100211726703738e16,5.7157768357010456e16,2.331459643492319e17,-1.5827817959948746e17,2.5993810361900544e18,4.5127543708421434e17,-1.3164869186035058e17,-3.180759759181501e17,8.134886413864094e16,-1.4280990894642574e17,-3.4474022768311526e17,1.7325854542601094e17,-2.7814582455722003e17,2.2851503578228845e17
1.0117126519176002e17,-1.1588414587228155e17,1.2783759488987178e17,-2.628339357817078e17,-9.317806116176262e16,3.7610365881618086e17,8.984943369721367e17,1.0134771106462331e17,-1.981094751205714e17,1.9981847712866902e17,-4.1579954312986605e17,9.0382540454801e16,1.4593271661256902e17,-1.601546144715475e17,-3.348019064322559e19,7.62423579171194e17,-2.3404270973027318e17,-6.597396439548412e17,-7.88540443112241e17,7.264654105432622e16,-1.4736361843657648e17,-1.9628987718697075e17,-1.1860239493837229e17,-9.027866470069624e16,-8.599147094744966e16,4.358273626086136e17,1.9370404066680646e17,-1.1990030999192426e17,-5.648935398820095e16,-7.514690995379621e17,-1.299836780205516e18,1.3943784914285296e17,2.400030418540495e17,-9.794190818127825e17,7.611084615537185e17,-3.171485229981981e17,3.1901749060107453e18,-2.0261671105029155e17,1.3172505633331928e17,-4.237167532158597e17,9.533506412306893e16,5.134477198925502e17,2.86801317943708e17,3.439201622939881e17,-3.237436836486285e17,-1.8118770174363574e17,2.2904182400873757e17,-4.0162216612442336e17,-1.3550654621634813e17,1.4992546996004972e18
-4.908493397047251e17,9.410041432512117e16,6.716525344830682e16,7.553283979512698e16,-1.5655260945023603e17,1.6082612948173635e18,1.14713679742889e17,1.3770303970001326e17,-8.877197250487575e17,6.6450568247272424e16,7.276515986478629e16,1.924083276714172e18,3.885975047023387e17,2.0921622643274502e17,1.0353417011302418e17,1.1597199242977358e17,1.4896811469027885e17,-1.5515682252918806e17,-1.2786713900270438e17,-5.376522377059906e17,7.670277902594794e16,6.043571236973239e16,1.7305342125737056e17,-4.503631931996392e17,-4.959421307058602e16,1.2287033901067611e17,-9.159483468393321e17,2.278358645963999e17,-1.8948960388470086e17,4.006437493738606e16,-1.2515389173938253e17,1.2311992539022093e17,7.444368686791517e16,-2.266004623837546e17,-1.5204650976328822e17,7.298504701043296e17,9.631191653214424e16,-5.800791450449985e17,-6.263423316035757e16,3.6111705453522944e18,1.7995478381962627e17,1.8661347640390557e17,-7.68695666086559e17,-8.768256566456655e17,-2.8106372629013663e18,-3.872191925490015e17,3.826659973307671e17,2.671700235915684e17,-1.06800588558835e17,2.2438607264971693e17
1.0385242532699046e18,5.777550672231903e18,-3.469626402592724e17,4.3358155639715386e17,-2.3915674682800906e17,1.4215707759262462e17,-6.063639912493957e17,1.5720863871068784e17,-7.814131452617002e16,1.056692241607853e17,5.3504971413596026e17,9.448160054665165e16,3.760895038784304e17,-2.332697572060454e17,8.398438605881162e17,1.636778968044945e17,-1.3899134179486949e17,3.0653411435974355e17,1.0929699085824237e17,3.632818219961096e16,5.762865415513249e16,-2.1096167083847587e17,-4.385940131020403e17,7.694776543787064e16,-1.235307497391553e17,3.066827399465368e17,5.6685042077008424e16,7.152765141103412e17,-7.05345575399637e16,1.177424032735083e17,-1.5932721117829203e17,5.076684887537808e16,6.941445806882683e16,1.6840030677745664e18,-3.0777639352468826e17,1.7287022163047856e17,1.485190416960451e17,-8.96631497037134e16,1.6193003646092723e18,1.5977143972327152e17,1.0349332585253544e17,-3.2183033026063405e17,-7.219435621987686e17,-1.3570257918593797e17,-1.5634402124927725e17,3.347185070585432e18,2.2979526115187853e17,2.814232107412761e17,-3.545025450172653e17,1.0636218515851709e17
2.7627265296979632e17,2.2700010555121427e17,2.0973572130812234e17,3.5217130727486976e17,1.3099514411680622e17,1.995055556416875e18,-6.307906396251682e16,9.766756804650178e16,2.3903397522699446e17,-7.561935782397245e16,2.1793248250589283e17,-3.7252222510974536e16,-2.835264510405079e17,-7.236372146705907e16,-4.9912721324131354e17,2.3691322121872422e17,-1.7506852916786534e17,-3.9226876187865696e17,-9.206495673046088e16,1.1506760828364763e17,7.532982644384306e18,-3.2507392121035136e17,-2.15708220908461e17,-7.597895900468091e16,-1.6451644761858368e17,7.43348372907386e16,-1.0337638495695957e17,-6.668175602405437e16,8.81989853441285e16,1.7910243344100006e18,2.342664179690116e17,8.892251644205077e16,-8.495704859763231e17,-1.2181455952753106e18,4.10254722426481e17,-1.2982325522952059e17,-7.608572830579698e16,-8.939762970582749e16,-5.618012932583951e17,-7.797190493671172e17,-3.0979493723196006e17,1.097858827548153e17,4.868082588076049e16,-6.026587655975269e17,-9.767322454324893e16,-1.9252290836414112e17,3.296651354614907e17,9.59503783645525e16,-2.4614927043122982e17,2.61667569783913e17
-2.1095175226578224e17,1.8811369065223933e17,-2.8007462559779923e17,-5.5521009849713384e16,-2.1301443324088112e17,3.848758427485419e17,4.36311761911419e17,1.2290714001465107e17,-1.294990510530911e17,1.0912723051646349e17,3.3781833601540314e17,1.3288583254399582e17,-1.925982582454741e17,1.0504209283231011e17,7.032303929330066e16,-2.0076920745188166e17,6.667384189032114e16,-1.3794496447028869e17,-1.0282472618637128e18,-3.322246123145214e17,-7.836291822752087e17,1.7751980639443062e17,1.0929592566960723e17,-8.889106121442301e17,-1.5425701888011312e17,-7.857167067840324e17,1.2063281893430557e17,-9.902620277304678e16,2.3692964874569878e17,1.465972746383976e17,-1.2581642165281259e17,-9.899393037734736e16,1.1272676905948176e17,1.5910172224659907e17,-2.6043345171845578e17,9.207212413167126e16,-1.3619633908776957e17,-2.2733754579515722e17,-1.7587100263287866e17,9.755577312737334e16,-6.168788869900458e16,-1.524405652600603e17,8.996854184350379e16,-5.483430534400703e16,2.207493948355941e17,2.2021983496926314e17,1.0695451536398779e17,4.0834714857533096e16,7.942752628887176e16,7.635795526113541e18
1.0209583329298975e18,-1.4784728655834775e18,2.762445316505323e18,1.699782310293292e17,1.125407741301738e17,-9.83000039799472e16,4.421300183891201e16,6.32107245564721e17,3.354635704056603e17,8.272855233528833e17,-1.0932618886188611e17,2.2141456056036042e17,1.8027923426588717e17,-2.180884840912968e17,7.828314240011835e16,-7.601900509539579e16,-2.4679618656419245e17,1.5076586816120848e17,-5.747537091214646e16,2.223240001336429e17,1.4772258572145226e17,4.720983722134317e16,4.973248283251545e16,3.620045927106549e16,-7.826683856500038e16,-1.926140910123859e17,-5.188513336056187e16,-5.3864136337258534e17,1.175024930146581e17,-9.311584572170626e16,-1.8124843747896947e17,6.576104884993715e16,4.216185726324622e18,-1.702426413524452e17,2.495632704313182e17,2.946553186006274e17,-2.9191057875464154e17,-1.2733066894891011e17,-6.340670300775592e17,2.5239510624059462e17,-1.269106168846992e17,4.061310294243564e17,1.6001276335403108e18,5.081636067048055e16,6.863350739637325e16,1.2030137345130248e17,1.0870877824117502e17,2.197050422248517e17,-6.265892455985363e17,-1.71969100606395e17
-1.554018594196563e17,1.746397650823265e17,-4.937044637591031e16,9.700891920348824e16,-1.7258830329067195e18,-5.805551379152197e17,-1.348605609669263e18,2.8084591840650227e17,1.6270802619700733e17,1.0402870591093182e17,4.572919949879626e16,-1.3419586342044502e17,1.6162867008660106e18,-2.566873573941347e17,3.976067074639914e16,-3.378513369954022e17,3.256926294785244e17,8.641081023454098e16,8.746071000052574e16,-4.5658508091005544e16,-4.3778869676372243e17,8.81969267001879e17,1.453817007118307e17,-3.2419735909203564e18,6.032810997743373e16,1.9813300858633968e17,1.425996112480859e17,1.2806856555761116e18,-1.000659226885037e17,2.6217011062822246e17,4.816936175434177e16,-5.1832130710513016e16,-3.6626543959517984e17,-8.011258608054338e16,-1.845037688371041e17,-1.1989635638352077e18,-1.5277908074009878e17,-2.523668489536724e17,-2.3273905128337756e18,5.137158775211721e16,-4.630860695601922e17,-3.6353810926004794e17,-3.306456000391589e17,2.0737745189829085e17,-7.82335454967376e16,2.274645744453298e17,7.95261980000468e17,8.306573993813533e16,1.4677309633742446e18,-1.0419119855562074e17
1.952306806373579e17,-5.6753522409777197e17,1.547557161448697e18,1.9383405666630944e17,-6.633723795686666e17,1.812195497315709e17,-8.587313418492666e16,1.110163908767783e17,-1.3592363953005328e17,1.640299584361866e17,-1.4674899086608522e17,-3.655633762239715e17,3.8556275405439955e17,-2.005852685473513e17,-8.015457874369542e16,-7.706164270446622e16,5.283275962140783e17,3.756194324320122e17,-1.8255742599360544e17,9.118577319188432e16,1.5021581173900685e17,-1.5770244412058906e17,1.3685609238512952e17,6.907823885623516e17,-1.6140184290716944e17,-3.915169726779245e17,-5.306235448914978e17,1.725124863333847e17,2.549255243428254e17,8.99952859174438e16,2.5410481214232467e17,1.1826758071445379e18,-2.8278569302565885e17,-5.96903983099336e16,2.2259268087339562e17,1.5695664549643574e18,6.220689416485658e16,-6.520530692028387e17,-1.2100764630532483e17,9.320872765018967e17,-1.563745888864218e17,-9.358555461956438e16,-1.769929368560302e17,5.835236985823473e16,-1.4012828364567504e17,2.0477600565297034e17,3.300237153458161e17,-5.736338997693243e17,-1.2833966682719226e17,-5.092421610344231e18
7.22870455996999e16,-9.287765310636246e17,8.691705224989555e16,-7.275695399501234e16,-1.2186891899108358e17,5.31294466977533e16,1.046202628220039e17,-1.678290882041292e17,8.135681756354718e16,2.6441318904532458e17,-2.8202837372932346e17,6.624344668602032e16,-5.3498840005028416e17,-5.1359143369757146e17,2.400927219738499e17,-1.3543563513182045e17,-2.3768638100117248e17,-6.389909359170384e16,-1.7030800189506544e17,-1.131313097793354e17,-1.721919232482324e17,-5.693729018759032e17,2.1335387509065187e17,8.399689582118671e17,3.9491422199751066e17,-5.30537858003969e18,9.818139778296038e17,-2.8662827249744832e17,-1.4778361044819677e17,-2.2615890628636227e17,-1.9977783663291822e18,3.331538342641784e17,-3.473643891797676e17,2.2699672965547082e17,-7.638349236079831e17,-4.429240787597673e17,1.4952636135536662e17,-9.100880639552069e16,-1.1400336233722811e18,1.3011161360251806e17,1.754432265581749e17,-4.8115873783704776e16,-5.104480490603594e16,-7.1248004991528216e16,6.634554894545591e16,9.283656336804187e17,-1.618385991551264e17,-1.3098047916753331e17,5.400307225153204e16,-5.883856518935782e17
-2.4811977611218563e17,-1.5371123239907286e17,1.6243462201343264e17,-3.156373889375984e17,1.2744631571047557e17,4.6588654841985395e17,1.1148688581519205e18,2.2772878087270912e17,2.9157315831996755e17,5.3272953306930374e17,4.003943936011815e16,1.641147334786551e17,-9.621091907211938e16,-8.649545419700744e16,1.1239725569672479e18,6.123928924854651e16,-7.381313279097482e16,1.1197046285333784e17,1.4025462039671506e17,-8.337525113837666e16,-7.20080125261503e17,-1.66687994576211e17,-1.0837924558947742e17,-1.1844483476820501e17,-1.4171334106027605e17,4.350944171434169e17,-1.1114049994206126e17,-1.330082799784727e17,8.94012870531789e16,-9.533557498768249e18,-4.9169992700079597e17,-8.732585224751363e16,7.843341759226826e16,1.1315102667617974e18,5.966074418642015e16,1.864544941234007e17,-6.873214997859892e16,3.113041727779125e18,5.840866238508355e16,1.8800096515292166e17,1.3932705976077696e17,8.80536593992625e17,2.0082840314647853e17,1.5558051831661754e17,-9.17177958939089e17,-4.194851516282249e18,-7.328099422999248e16,-5.532122003126488e16,2.2372256696212637e17,1.1782504064575482e17
1.1922008084062325e17,4.246722302292547e16,3.4240070053657664e17,3.979718928389039e17,1.5971193496807107e17,-2.8427437296284362e17,8.65736812726233e17,1.0764127345409498e17,1.3872233524780669e17,5.32939643557155e17,-3.469118570222683e18,-2.7421846929079562e17,-7.266688171054322e16,-4.94210298941149e18,-6.691309470953563e17,-7.00194258242365e16,2.935560870751233e17,-2.190137177716299e17,-8.46268193593867e16,1.7449219576949862e17,-1.2645577415581054e17,-3.228392840171806e17,2.5924037012672355e17,-1.231514518951698e17,4.282595895824601e17,-1.6240507217030083e17,-8.734085100138485e16,-4.48805776600139e17,3.018879468370639e17,5.693430127035346e16,6.8612438463384904e16,4.594599415982857e16,-2.7128886005594992e17,1.2055768024322526e17,1.1112110250627148e19,8.268483026904824e16,-8.71935150770592e16,-2.197607961318208e17,3.916181213054366e17,1.222544557087053e17,-1.2369276910003141e17,-1.6914248415626198e17,-2.244339963855735e17,-4.5127771056222637e17,7.748189682193194e16,1.3871333648611366e17,8.0900524146111e16,-1.4663437099175354e17,2.662163463078163e17,-1.5940607098375744e17
5.844928869091681e17,3.2882109978287226e17,4.4512107619716186e17,7.939988064245402e16,-2.2432952184473357e17,-1.1319815255626906e17,-3.5167976586619104e17,-1.0926668316836363e17,1.9619734408505568e17,-1.288998151791277e17,-1.9255940706060918e18,1.89368398125905e17,4.015970616587001e16,-7.481820308231688e16,-7.442063721202712e16,-7.111756346989999e16,4.420133597823991e16,-2.4966702154336787e17,5.270375862400503e16,6.772620260353143e16,1.1553247070247037e18,1.1600594412193566e17,1.0789146706655973e17,-8.672701255581658e16,-2.0650580742793517e17,-3.1442169358455136e17,-7.666351462096314e16,-2.0370160347423936e17,7.47993190126176e17,9.293185558775418e16,-8.379613017308567e17,-2.468228958031837e17,-8.121752534444128e16,-1.1939271181379963e18,1.709852441133899e17,-1.2779236342761333e17,-8.574587132058072e16,7.74609032565439e16,-6.177773374627773e16,9.836398920123862e16,-1.6467860205978587e19,1.3382909586642243e18,8.819525803364486e17,-1.9355124128877517e17,-6.491702913910074e17,9.315861988451122e16,-1.409671441019112e17,8.253396380963538e16,5.733166440988314e16,6.0616579051888184e16
-7.139531948306944e16,2.320321668512757e17,1.5522266808688074e18,5.603388690652049e16,1.2362484119014565e17,-1.724759922163533e17,-1.3968722727825787e18,-1.8110391735350797e17,3.468659622005289e17,1.0226383018296816e17,-9.781355268394005e16,-7.55422101860625e17,-9.806014293867528e16,-7.528462730992727e18,1.402742696784558e17,2.6410335591740048e17,-8.081944065964593e17,-4.4144121520207616e17,1.2471711955067498e17,1.7572379067799907e17,9.833777672986683e16,2.5890550133146608e17,-6.463557179373011e16,7.517804895784682e17,6.913235828150173e17,-1.675243396673629e17,-1.8353562724578186e17,-7.012017931614515e16,1.258982113812885e18,9.789914790445412e17,2.994626637334337e17,-2.0857355255289875e17,7.14956919427875e16,2.0213084765681648e17,-1.9954538432521336e18,-1.5018047858886275e17,-5.968996006428438e17,-7.918200102779035e16,9.15081696822438e16,3.0247128006900364e16,-2.8765904636071667e17,2.1690628372706838e17,-7.928590723041549e16,-2.2400382239688995e17,5.81957677023204e17,-1.7783740150465635e17,-9.839531405896515e16,1.3430036970746227e17,2.0668577699494787e17,4.9797821218598144e17
3.1947203092671684e16,1.9031968957778045e17,3.7560980385194394e17,3.320835837528939e17,-3.244625218446654e17,8.090768629485995e16,1.1481448738470035e17,-7.926628825778189e16,-4.9985666468619725e17,-2.6045489503958298e17,2.055835296820471e17,-1.534360690631973e17,1.2244089372769464e17,1.1668624484973315e17,1.6250769467257037e17,1.2930595188263947e17,-1.5878589657248e17,-4.1005657176519e17,-4.791809175283613e17,-3.838539650635716e18,-3.217016206889677e17,6.592330560316535e18,-2.1642285088802957e18,2.2712745574223603e18,5.7729561269512e17,-1.7164878353073014e17,-3.0497078901114195e17,2.5813324875290938e17,1.802196480818243e17,-4.74445590007111e17,-1.7168712138013283e17,-2.1404585847837974e17,-4.064012193696821e17,-2.1686856225092266e17,-3.915329177198298e16,1.2206859225949426e17,-5.936370629578383e17,-1.72173026222625e17,-7.212746808573963e16,-5.128115438397612e16,-6.959170605543681e16,-2.944453021335074e17,9.356590223556392e16,-1.2691976611934315e17,1.0962864203262502e17,2.769799082932269e17,-5.393924127839999e17,1.3645484227780851e17,-1.4898247409070115e17,-3.7308472077144e17
-3.630722803504361e17,2.556011398853162e17,1.2595473999019315e17,-1.3326388044616605e17,2.1349876804900618e18,2.2193914660689066e17,-1.811279437101118e17,1.3971282096503486e17,1.7658628223917616e17,6.290186457341821e17,5.460191934765436e17,1.7293914109222992e17,3.776153750691217e17,5.3596381817422746e17,1.401666794790484e17,1.3360724078479758e17,-6.882518176200534e17,-2.6657205926558633e18,-2.898753257598334e17,-3.233505520500577e17,-7.212004092042702e17,-1.736973042174738e17,1.786961089614041e17,-7.150048067599537e17,4.497898467682697e17,-2.581668682408828e18,7.295909673433368e17,-1.3339094639641278e17,1.3076579556121426e17,1.1029813549864643e18,1.374083567271247e18,-3.2989267500159636e18,4.2162457967363674e17,8.534078626339197e16,-7.777646085430341e17,1.116240821552084e18,-1.5451002706193645e17,5.4540039217472216e16,2.4725025144639472e17,Inf,2.041467670945909e17,-9.772117409367717e16,-1.297369081043602e17,1.6019009644158752e17,1.6597103456242778e17,1.7176034662167952e17,-1.6582863702849615e18,3.5010486545057788e16,-1.5690207607315914e17,5.793745393946797e17
1.0847500335728554e17,5.647122157733962e16,-1.1717720384100171e17,-2.3782285317479424e17,-1.6402762143324147e17,4.288525536179993e17,1.2044549021946278e17,1.0536897857665178e17,3.8703116342638624e17,1.5912448390731674e18,-5.963086030281452e16,1.354303369740446e18,-7.941789889584733e17,9.133503461293103e17,-1.794609391687111e17,1.3302716766343466e17,7.319839522522623e17,-7.296553333396673e17,2.2848550304421085e17,9.708486181422629e17,4.634430565640006e17,5.960837605637518e17,1.618515957676857e17,-2.6405339028539334e17,-6.522188351785222e17,-7.302501609449047e17,1.6054468003119594e17,-2.188586030904309e18,1.3774600011403714e17,-3.320584707538531e17,-3.239195333770872e17,-1.64566470084928e17,-1.9990204672887296e17,2.2649459314196522e17,2.058183098631387e17,1.8694902952486557e17,2.1032058296563414e17,-4.1116679590588384e17,-2.1088541813261507e17,-2.063010028889625e17,-1.636517754522111e17,-1.377423979540985e17,4.826580394542068e17,1.5712446946703936e17,4.043674086401201e16,8.838231706300554e16,-5.54803892249939e16,-7.706973458782629e16,1.0439045247636824e17,1.0716809373660837e17
6.74920881013334e16,1.605121608906446e17,1.4169878253985974e17,1.1259286745501037e17,1.0238978206637796e18,8.780004021161293e17,1.2618798053627958e17,-3.334114878764499e17,1.2313789600885413e17,-1.4147229305197322e17,1.9411067761587014e17,-1.4677065316791757e17,-6.359451336988689e17,-5.169246766495752e17,-2.0807737534531885e17,-3.7774761783707206e17,1.1791196652024117e17,4.118270099201771e18,1.6348399057450173e17,-1.1804528342610514e18,-6.571875260165341e17,-1.1979943129560518e17,-2.916236407062242e17,3.339076278186505e17,-1.513743912399405e17,-1.269516585249749e18,5.2958504712346976e17,-2.0613392452457453e17,-7.841461345632394e16,-9.684941517134304e16,2.92390233213283e18,-3.1848184686023277e17,8.132696016771804e17,2.083554945056592e17,2.5462390597816698e17,2.8763053147654925e17,-2.5560322193658982e17,-2.708107889246502e18,7.866018246567956e17,-1.4908976295677998e18,-5.337326421858419e17,6.803729509788999e18,9.817399309348213e16,2.2216247381947024e17,8.892823190259702e16,1.702818875080953e17,-1.7493837831966122e17,9.560113303884472e16,-9.53105571070217e16,-8.404093273293322e16
8.32049200944826e16,6.806129599162426e16,-3.5614981128471085e17,9.084363567958003e16,-1.1920912995128494e17,1.9406697403682477e17,-1.763215287419676e17,9.11791460826187e16,1.91082710119202e17,-3.206704687450078e17,5.079400902864236e18,-1.7677353133954608e17,5.168668830448246e17,1.178547777124285e18,-8.721234313067506e18,-1.1322252550735811e17,-2.1001079204302144e17,1.693863441568208e18,-3.329699542542151e17,-2.8099190168892243e17,1.2443065425262173e17,1.37110868038208e17,-6.0143404776272e16,-4.6399359448987085e17,1.5452453016598214e17,5.638928963429389e17,-6.636786528702766e16,-4.147275335575232e17,7.437604097893802e18,-7.778144225033453e16,-4.731490283946825e17,1.793497199375842e17,-5.405632660877353e18,1.0773345638178902e17,-7.997536778805036e17,-2.644131276762032e17,-2.5268351669068298e17,1.6866630203129635e17,7.059258543799877e17,-7.878633622918017e17,-1.4059004872027403e17,-6.333470530238266e17,-1.0888565416398267e17,1.5730386483924957e17,2.2085671971604643e17,9.176975668509142e16,-1.0449430362579354e17,4.124158653019829e17,-1.4226565838982288e17,-6.180803087255157e16
-7.807510350583238e16,7.250221104305435e16,-1.4983875318067882e17,1.2368043099571722e18,8.999464323915837e17,9.738896193693935e17,1.6615086120064557e17,6.624049348785784e17,-6.055971226946578e17,1.1915667170935906e17,-7.47552103008295e17,2.7996952645787965e17,-2.455051034654179e17,1.9622588193419946e17,7.821161606598998e17,-3.1911832773611377e18,2.76008552934544e18,5.3035649097157696e17,2.1845120271732576e17,5.6173231154384134e17,7.68205861591474e16,3.665963504711628e17,4.812707321689423e17,1.5339265391431126e17,-2.1526354157009746e18,-1.8450974016435732e18,-4.5966870970101216e17,3.233928765392248e17,2.4045426181172026e17,4.724438033206776e19,-6.74117479002095e18,-8.890716202280014e17,3.600154840634103e17,-1.238834743311701e17,-2.3984733159621034e17,1.663238704648542e17,1.0358289179680242e18,-1.8690104716136032e17,1.4225683643792859e17,1.1475335494759338e17,1.0493956045278322e17,2.7110435136465382e17,8.29520237908081e17,-1.8119519275043085e17,4.374654201536604e17,-3.2281801936501594e17,9.797840388136685e16,5.637350430614715e16,-1.0790638840764868e18,8.60590050686396e16
-1.1755696183780526e17,1.263904829767873e17,-6.282878781901703e16,-1.2651167601254616e17,2.8836578181946214e17,-2.4705789609592362e17,1.3744710861625496e17,1.1818539518760586e18,1.2246836918282565e18,2.3657851222661392e17,1.4482510183879258e17,1.6949192358163494e17,7.782629514880262e17,2.1959495201698326e17,1.4729810218562534e17,5.587230458797347e16,1.9336897052206003e17,1.8738533687006733e17,9.307054124185117e16,-1.9031094211281923e17,3.097079356539518e17,2.970793683156894e17,2.242664271684563e17,1.899758555654089e18,1.4454378271413606e17,-1.383734811528811e18,-5.720426824123979e16,3.624269443119528e17,2.4125182540779443e17,2.0114583318645008e17,1.0561204883718064e17,1.530233846535685e17,1.5261131846621002e17,1.1731110236909862e17,3.093469876530127e17,-1.873904345088872e17,-6.914471569739212e17,1.6602951994014643e17,-2.569569314214005e17,1.500087305604592e17,-7.779592131317794e16,3.3662739423051525e18,4.8396671754285357e17,-2.2507060376777933e17,4.5251456928101766e17,-1.7952186503000186e17,-3.684151550680695e17,4.039470313433471e17,-2.1508255034267336e18,-6.530200474722834e17
5.182989661931234e17,4.6669015520170694e17,-1.0796773716496283e17,5.959002759368499e16,4.036718263274936e16,-3.058281208213163e17,-1.9982490387217485e17,3.513445866614851e17,6.07800476519668e17,-4.573535237827656e17,1.6078916053686742e17,-1.137625115652144e17,-4.621926803405487e17,-8.646952874384698e16,-9.628402586046496e16,1.661999810598562e17,-7.549294190487018e16,-2.8359256186133e18,-1.0610463868448683e17,-2.904214123206465e17,-1.052414812808784e17,-7.507804058152941e17,4.758750277140194e19,-7.931215650714789e16,-1.5168303727503408e17,9.72081065604041e16,-7.445186085422496e16,1.4986070604555578e17,7.79936417808979e17,1.4008486104863938e17,5.227566187269644e16,3.6199120263149626e17,9.795880791527451e16,9.1829120599442e16,-6.046753727927456e17,-2.251511317961704e17,-1.0093996068669074e17,-7.020923566633933e17,-8.120155690240408e16,1.3015895733137971e17,4.96555071703523e17,-8.099813351840485e17,-1.1891802926365005e18,2.9729471588914586e17,-1.0681487264019579e18,-1.627561153137428e17,-7.780115781004278e17,1.8965272519599142e18,-3.881249913415529e17,-2.6000757304418336e17
4.556594316048355e17,-8.96855225669766e16,-4.027845976148903e16,8.337823174129523e17,-8.56758342776386e16,-2.273580693637636e17,1.5352557663041948e18,-2.25418194455921e17,-2.163148970443145e18,1.8815941350072701e18,5.121671552237065e18,1.5769411595240608e17,1.4901664468729594e17,5.374208412367446e16,4.486903075428593e17,7.838665645561146e16,-2.1970520917566176e17,-1.8615756831127187e17,1.4522785445010998e17,-1.788738562037958e17,3.3669664667701926e17,-8.029038590650682e17,5.732952285320126e16,-6.5652205270602056e16,-4.931863064657369e16,-4.618983064638019e17,2.9642187770093946e17,8.726958494418545e17,-6.53447312761079e16,-5.108084973236186e16,-1.0718903470760978e17,-1.421676650530621e17,1.830066038183176e17,1.0051662207252576e17,1.909126336853662e17,-9.995179769004344e16,2.7202579407928496e17,1.666236424824971e17,1.457721183816339e17,9.525269320885874e16,-9.17973162856248e16,2.292418365843174e17,6.557716664222401e17,-2.963060860678291e17,2.1841488972237987e17,4.200462321413372e17,1.181168360630095e18,3.022891006378219e17,1.3998161637287434e17,7.523227054717653e16
-1.4910839524148406e17,-1.30681976971329e18,-1.9102561826451942e17,2.8142503127506704e17,-2.644338981056519e17,-2.1544372638375354e17,-1.4165297841620267e17,1.0936137027832448e17,1.0144012657159866e17,-1.1636943542242571e17,-9.81401575906492e17,1.3181187185299246e17,-1.9703905142621153e18,-4.473289463055504e16,-2.7331561358973942e17,9.585545895517747e16,1.2146402510956794e17,-1.45700955307115e17,-3.958232231871926e17,4.802901730292079e16,-2.570962893663934e17,2.4255796120411223e18,4.782486732577171e16,4.4789395872273766e18,5.579073359232438e16,6.5451699882123544e16,6.465016758784591e16,-1.4335067670392652e19,-1.795421145003652e17,9.153826622313971e16,1.3686535147766514e17,-1.0772984506589474e17,6.12197865956788e17,4.991275188881312e16,1.137012244594333e17,-3.267702878633205e17,-8.982622472087766e16,-9.419257886867389e16,2.3448476899068605e18,3.201998310597252e17,1.1326631775219496e17,1.1321985718815963e18,-1.7875927472233677e17,-9.011176393716995e16,1.3510145956394944e17,9.162889672145472e16,1.0726202876362314e17,1.806953958812242e18,-5.244769927983746e17,2.4820491653498346e17
-1.9816885859223213e17,-5.1617675062288096e17,3.235081389243156e17,7.10972812656066e16,1.1750100325349546e17,6.536011884662701e16,4.3777046016067296e17,-7.83668784476299e16,-9.668167801245613e17,-1.4543520783793686e17,-1.4568186948447174e17,-9.608545093289365e16,-1.2053827725066035e17,-8.676827565633035e16,-2.475432700389724e18,-4.384042417687622e16,-8.65588607013941e16,-2.817750451290829e17,7.678820118442389e16,1.4576347435272852e18,-1.2773019741228283e17,-6.768789266543428e16,-4.377399352498213e16,-2.2770846003476448e17,5.752239346993314e16,-2.2394204921089466e17,-3.021944470846786e17,-3.321880538575052e17,-1.4802439251380886e17,5.869515379172773e16,1.9377393835095347e17,-7.884873843338986e16,3.417019046499306e17,-1.886218298981721e17,-5.194582286963254e17,-1.2036576295376104e17,-7.747300873390926e16,-7.939949335378679e17,1.999014210991883e17,-2.8968333248177734e17,1.6769938120606586e17,-2.0640298358850422e17,1.4708465970946387e17,-2.877943892008596e17,-2.3682326293956243e17,-9.208162000457451e16,-2.0288423118482253e17,-1.6607601966681078e17,-7.304301881156072e17,-8.958668322026794e18
-1.206732716840435e17,3.3520111865030106e17,-1.7756913828032496e19,7.218638559657189e16,8.224711642039835e16,1.4788027677537288e18,1.795335015407969e17,1.3371898617656272e17,1.7832163557490723e17,-5.888157282291191e16,-9.681457159477523e16,5.669738556416509e16,-5.4656904576058534e17,1.7859275346366426e17,-6.783538214958575e17,-5.276473024163915e16,1.5969844736644093e17,5.806523931814748e16,-1.562143370014971e17,-1.282610052870143e17,3.23021729044156e17,8.03558202827761e16,2.202958458854434e17,5.289899434882158e16,-8.506096583537608e16,-4.8519381411055014e17,-8.72533320765311e16,2.0870369256656528e17,3.1613441336719277e17,-9.492367587859374e16,-2.5913567381485008e17,4.3180075509709976e16,-1.2913213220134314e17,-9.067585930906733e16,-7.97678441179398e16,-6.375507583689199e17,-3.7036302221883674e17,-4.838952145097778e16,-2.445400042896864e17,-3.140066076595195e17,-1.774901509235876e18,-9.114582834056918e16,-1.4060932680985432e17,4.7859024028484104e16,-9.372711400346504e16,1.2003584879408338e17,-1.435374140282255e17,1.7494982728711533e17,-1.6432176629544246e17,1.0903836202887248e17
-1.4952230371828912e17,-8.097643939247986e17,-1.0129532328241725e17,1.0749405026691176e18,2.0107900768277782e17,1.1475664080043494e17,-1.2131276161909707e17,-1.3978497410236653e17,-5.646791024680009e17,5.204325244737681e16,-3.8611955003597146e17,5.4565931506921096e16,-2.0353764815947923e17,-4.9689466082213384e16,-5.221291143129205e16,5.703595455336519e16,-4.592833767995863e17,-8.257201261790725e16,5.110493686830529e16,-7.258552524225138e16,-1.9204074626538214e17,-1.1396351331610187e17,-2.8007064671865706e17,-3.5697606477020474e17,-1.520955283523658e17,-1.2109493177090282e17,2.5375670737580035e17,-1.4009924560383478e17,-2.4247483594209805e17,-2.431465997439844e17,1.1042824172499448e17,-1.0930005959454355e18,-2.1535842521504896e17,1.0631454061815272e17,-1.183805681041729e17,-1.7825459637195808e17,-5.663655250985817e16,4.2916710873591896e16,-6.453392855451557e16,-6.229436432569683e17,-1.583943805458826e17,-1.1370478557337171e17,4.222542589167581e17,-2.1223057359612368e17,1.6856334190376525e18,-2.9279530419106463e18,9.721424349062237e16,-9.905940843892205e16,5.746061813205803e17,1.2151305972533542e18
-9.775301280609482e17,9.856217578886405e17,-2.447808338496084e17,-1.6054054118243117e17,-3.4767477337867245e17,-2.6541937797061168e17,1.2832673817075795e17,-1.0822152154797232e17,1.3333995210679878e17,1.3983750333940728e18,1.4812387783182458e17,1.3607133266399214e17,-5.042884488868173e17,1.2300163169668986e17,-1.9846932603958746e18,7.727004992917626e16,-8.492636614877688e16,-1.9034718215726685e17,-1.982027648450624e17,1.0169568710326784e17,7.211771373900326e16,9.250463612794162e16,-1.0231734986135893e17,-7.62677925081557e16,2.0954452877023293e17,1.007596766046333e17,1.2066728611954642e18,-3.553788850664602e17,6.7793953731085096e16,1.1214571254473248e17,-1.1392429011663322e17,7.349429231948054e16,7.313790360886346e16,-8.20990458559277e16,-6.619986006906272e16,-2.8393985273719584e17,-1.6203974797258765e17,9.881861599883366e16,-2.6349740613010074e17,-3.520736193223519e17,-1.2113173759968346e17,5.685553741312795e16,-8.017197023637776e16,6.211302129591284e16,-5.51070992192375e17,-5.621297790417003e17,1.344060188012899e17,-6.559442448322988e17,7.298344010900005e17,-3.983279987743299e17
1.2414111826420968e17,-1.109101063095153e17,-1.504119318777384e17,-7.149181933568315e16,1.3097990756341957e17,-4.654393536204241e17,-1.799905354326257e17,2.186599257519875e17,-1.7989353401143203e17,-4.638621027516198e17,1.3412011584910802e17,-2.742520206396626e17,2.117558117271472e17,6.123083349858081e17,1.6202514402206874e17,-1.1487985959255965e18,-1.7606855750781914e17,-1.821878274989584e18,6.627825868228551e16,2.04166150778238e17,1.299524261818662e19,2.7527151754407683e17,-8.005338259023208e17,3.696223278879673e17,-9.801649045178811e16,6.399675871447493e16,-6.585322054585751e17,1.1576010798655263e18,-2.0498938891013616e17,1.0864414722469188e18,-1.6470765301309162e17,-1.534283583591427e17,-1.0913676210713874e17,-2.5401604406766838e17,-4.468864523810146e16,-8.072448456173259e16,1.78981170062094e17,1.87542874191949e17,-1.6232750160703622e17,-3.215120371549019e17,-2.6997500953837306e17,-9.531499200889104e16,6.735784395598452e17,-1.1024394901102385e18,-5.3171662719247944e16,1.530744621149122e17,-6.128279462335042e16,1.6308821066155334e17,3.438719433806154e17,3.029715067259602e17
1.7230500816720547e17,-1.948949804732099e17,1.8182228837151594e17,2.2014292425237894e17,-1.3630914506671485e17,-3.7277832153352187e18,-1.874922931406797e17,1.0308382258789586e17,-2.9440174791924936e18,9.019594433313656e16,-1.0527750157384376e17,1.0118009146588394e18,-4.54986898983086e16,-8.005339251211987e16,7.237064471040581e16,-7.060221588034744e17,-1.554875359225673e17,2.2088743903761542e17,-5.2572061524625224e16,-5.672090733955687e16,-1.312165646457409e17,-5.038519820878989e17,3.776779447398888e16,-2.29399743327221e17,-2.5436237268210768e17,5.857594188238049e17,2.7286639510363936e17,4.415721283244349e17,1.4491256874445637e18,1.1544624823352022e17,2.094628401964215e17,-7.22505953396077e16,-5.01584857932428e16,9.045768342049942e16,4.357795723862282e17,-2.544269338734184e17,6.518895027753237e16,-7.653006391985717e16,-2.881901851317943e17,-1.0856826448653816e17,8.238278443043786e16,-1.4424230222445773e18,3.4854911031709376e17,-2.153469656031827e17,6.587932992792141e18,-5.159679815195816e17,-4.719540153333805e16,3.6895390184177325e17,-2.4345805205671827e17,-5.585026520284767e17
-3.278307622423934e18,-1.1715933294932928e17,6.304473398530986e16,-1.0785664319667894e17,-1.1261501928918478e17,4.4579581480810003e17,-7.463748452105619e17,8.207163212959531e16,-1.2405141802368023e18,1.7745008949392102e17,1.752025720681036e17,-1.7373493733651862e17,1.0838677897581934e17,-6.729770004649756e17,1.7061592964289552e17,-1.12351713052301e17,1.1316362217388557e17,2.315781871799765e17,4.383808734264958e16,6.19700322378677e16,-1.2250498975522493e17,-2.63921383299347e17,-9.624302895267827e16,4.6537582680653466e17,1.0244675913563322e18,4.930584261570863e16,1.606945856416846e17,-6.4779619581985704e16,-3.677952798632634e18,-3.341733734683861e17,4.49052008398928e17,-7.264274865847827e16,6.904937178146272e16,-1.5564383809107088e17,-1.1537303654556726e17,8.724723790187328e17,-9.39782881737561e17,-6.718951753749123e16,2.079520159157091e17,-6.121815815420369e17,1.0291164099785667e17,1.524060249380577e17,9.783421394293794e16,4.648200012798012e16,-1.0560192905060553e18,-6.887894822523635e18,-2.4755738842065914e17,9.60631565266285e16,-2.2269303744513258e17,2.7982059038374122e17
4.2637799879579866e17,1.8759955240506e17,1.219205938768963e18,-8.450298920748347e16,1.6113850212050253e17,1.3460943392325024e17,-1.7940165494189997e17,6.483132830443981e17,-5.1141485915657696e17,2.0806295314854285e17,1.754516522415867e17,2.8521492297808605e17,2.1020131320326893e17,5.104664248233072e17,-1.8104013151171046e17,-1.2949792853779011e17,1.296847255449564e17,1.2511791885863499e17,2.0733378753336403e17,1.897896672046172e17,1.8640423324521792e17,-7.221995130916797e17,-2.09611366046832e17,-4.214562055829358e18,1.0104925415807254e17,-1.9923223502640294e17,6.90096198402911e16,-8.105136020023236e17,8.963584181226546e17,-3.6288747898305005e17,6.932750927681033e16,1.1032197276614267e17,1.3915423545275264e17,1.6216654632420196e18,-7.618687040397844e17,-8.253005901183637e16,-2.117851120954515e18,8.605447839903934e16,-1.0298328432902656e17,-1.2074482169416166e17,-2.8241581726969104e17,1.1514435811852437e17,1.1417518347335064e17,-1.1900897426121099e17,8.890005327162539e16,-3.826399044610922e17,-7.704594190402903e17,-9.082052077242256e16,1.0645403377396114e17,1.1551037813931229e17
6.777108716788449e17,-1.0639686164458016e17,3.0439286846950224e16,-1.410257681502436e17,-1.1328735655876187e17,-3.5712551292990406e17,-3.383657715862244e17,-2.2600699397313315e17,-2.4922441027970138e17,5.1190710246477e16,7.48252036301505e16,-1.278394136204793e17,7.685539358218282e16,-1.0208736685904478e17,1.9828733424619715e17,1.1734634289778349e17,-1.7414313206030378e17,-9.562342510750835e16,-6.2161269174423464e16,-1.5452289247450294e17,-7.357182865599612e17,-3.732228123705169e17,-4.0089098865837325e17,-4.727819612320777e17,-1.5331624825812986e17,-1.0670588180176168e17,1.768680054853781e17,-1.8041901345647674e17,-1.1176355518370813e17,1.0577032772673494e17,2.8080726131661716e18,1.4780103508225238e17,1.334247062187733e17,-1.0415402481312709e17,1.3830211719084157e17,-7.943215371310403e17,1.5422042559411814e18,2.0939181425454064e17,1.5446586578123107e17,4.1528516300823546e17,1.3626078185379438e18,2.1455527709024925e17,3.757413018218264e17,2.8112970905449373e17,5.0854619638613235e17,-1.208253263687466e18,-1.2354486512343117e18,-1.096375778388694e17,2.4299357033054976e17,-2.83906089353837e17
-6.755861355166564e17,-2.755417322812035e17,8.35112161154882e16,7.31195423539708e16,6.483245383159945e17,1.71846013274289e17,-2.0124294172591344e17,5.665968071933996e17,-2.6664159687214528e17,1.4603202414781114e17,9.819762852794326e16,-9.688582343383613e16,5.623946253583379e17,-7.205852278192984e16,-1.5215969190971818e17,6.024267592528193e16,3.5779234518347686e17,-4.321385309466505e17,5.6078251736347224e16,1.7410257234876538e17,5.661926291973822e17,1.4994759804071357e17,9.351472127517338e16,-2.309924682441663e18,-7.165766379985512e19,7.405935160444555e16,1.4059524263061e18,-8.500504139152602e16,7.920777038387475e17,1.1716689941973982e17,-9.943806829742418e17,-1.0480089289387541e17,9.525487131459854e17,-6.192622968534248e16,-2.058386332988527e17,6.706092119845445e17,8.296346858642625e17,-1.2264824801673165e17,-7.0199638730712104e16,1.6960698258241504e17,6.846008764462076e17,-9.263564360871373e17,2.922225181985669e17,-8.734004618272778e16,3.4579910990189253e19,3.742866305013653e17,-3.963175649709149e17,2.4504916228730374e17,1.5612589273767734e18,-1.0315873230563274e17
6.983408083391511e16,-2.6256958015153107e17,-9.98238672619418e16,-1.3204381927358835e17,-1.751849048809568e17,-3.7227670272837645e17,1.1757080356722954e17,1.5515092518788154e17,-5.898415931842345e17,2.631823650208479e17,-6.647905986924794e17,7.114005069897678e16,-8.675225952503902e18,-1.9409365189643757e17,-8.549042924884325e17,7.679692041229677e16,7.353300440045493e16,-1.3142599219055368e17,1.155765025412187e17,1.0842558958923667e17,-2.1909770381672157e17,-3.19590280565989e17,9.830836354224757e16,-9.949999702460283e16,-8.099730204342403e16,9.067127998333429e16,-1.6576040111684925e17,-5.462069894635687e16,-1.789532619580537e17,4.528121048673061e16,-1.4147035522625562e17,-2.729638713696974e17,-3.903408699600987e17,-7.09766335432347e17,-1.8914720103591062e17,-1.6377780884054877e17,-1.4387108878877576e17,-2.582504900732451e17,-1.0959558629874013e17,1.0728954527144715e17,-1.1694642634843668e19,-2.0271709832968346e17,6.306850778861437e16,-1.073946469553939e17,9.196325204787061e16,-6.590098198135273e17,-3.73631414366679e17,-4.460263155701314e17,-1.298505949327528e17,6.821537628752697e16
-1.349506729585598e17,-6.229703539039373e17,3.464612199497069e16,-1.7698187057528305e18,1.298609015669031e17,-1.7913454041072133e18,1.6754868466803914e17,1.826625578599181e17,2.478451182939145e17,-2.4532480942090413e17,1.022580901173675e17,2.0725732122896986e17,-9.006455699101274e16,-3.105980878646888e17,1.1120485127675158e18,-1.0707033325825542e17,1.3207271121238502e17,5.641935540518856e17,-1.921300378566316e17,-4.958494993772049e17,1.8326938806547344e17,-1.3878756081990957e17,9.364664302302638e16,4.350886054168374e17,8.421605843283864e16,-7.312346136266221e17,2.319686796023239e17,-2.8728711886276256e17,-8.551396294666877e16,4.807126679898442e17,9.865567938196704e16,-1.4272709077595005e17,-2.3532987352978506e17,1.333140492402507e18,4.450416532778353e17,1.1660958542350272e17,-1.78648967615928e17,-1.626596880168983e18,1.083247000049478e17,-2.8320311711570006e17,1.5838173382507965e17,1.5023388066297072e17,2.0496586848665315e17,1.1485002714034112e17,-1.2573076409505605e18,7.870094205787407e17,3.196242783640614e17,-1.7060110503608896e17,-4.748811372695377e17,-5.900850400052262e17
6.648163194507025e16,-3.949705960586349e17,2.480176825955696e17,-5.726314220554076e16,-1.0535371569383539e19,2.23219477743268e17,2.7723603685826157e17,8.289992642835093e16,-6.359621392871735e17,-2.5145073957508723e17,6.003490118109132e16,5.984981572438046e16,2.246307721997969e17,8.792748380346629e16,-7.59396374809419e16,-1.1431902059376255e18,-3.545590143491146e17,2.7973825325077658e17,-1.801066607814798e17,2.595875085649821e17,3.5456096208849216e17,2.9136065707004114e18,1.8118734396815152e17,-1.1128018796758973e17,-1.4539818873941216e17,1.4386646558432104e17,1.2085058262716834e17,-2.1016333699513066e17,-2.3843489536155942e17,2.2627659463406314e17,9.116735743981469e16,1.3143243131596878e17,5.119366604179037e17,-2.742851529046717e18,5.266154275275177e16,-8.900000595050333e16,8.246257605800145e17,-6.286303601608863e16,-1.1830700630564682e17,9.490386528480288e16,-1.948815392929673e18,-2.0210790696604765e17,-1.1203389097705904e17,-5.954095127842502e16,-5.943148746969606e16,-1.1169365953422725e17,-6.623813607476157e17,-5.459100229615414e18,-1.945738829134848e17,-1.4268468091874021e17
1.985998719999972e17,-2.1460400379333776e17,7.666167158272656e16,8.872674186783414e16,3.713210525791669e18,-2.5370869184292083e17,-9.395928532761296e16,-2.8615938828363363e17,3.6229753521947264e17,-4.498474022520241e16,-8.811696576378118e17,5.190733534171198e16,2.2124455004947472e17,-3.8157869460777216e17,-9.828113500990195e16,4.5898015122521896e16,-7.346286080811936e17,-6.316421657703368e17,2.0152042502140566e17,4.068816018342962e16,-1.3833864765523167e18,3.303830623124942e17,1.605824565164899e18,6.500230768179443e16,1.1621960799457355e17,5.447086028481346e17,-8.245063852631221e16,1.2772257251423048e17,2.0916130491495987e17,-1.8843670759228027e18,5.770732860359383e17,7.149122710431068e18,-5.928467869503016e16,2.2459401007990998e17,2.8998709142041837e17,4.998836773068316e16,6.348342054338795e16,7.91793103059631e16,-3.476142639496213e17,-8.2688580336893e16,-1.0316713986486622e17,-9.110592742246282e16,-2.909426427514869e17,9.225469013376582e16,-9.098245533178303e17,-2.276232098897521e17,-1.1788918394590058e17,1.740716631243981e17,-5.586579565100719e16,-1.4374304458710838e18
-1.5182450785721456e17,2.200209764536837e18,-6.498198116359805e17,3.857491754552831e16,-9.7002029775187e16,8.95376584757364e16,1.695576746576458e17,-1.1796933757057987e17,-4.6828240224447597e17,-3.0402730211811206e17,-2.1836620096565414e17,-1.7103527422955344e17,-4.30120237736776e16,-1.550078092837433e17,-1.0759990091409238e19,-1.8830235155462547e17,-1.3054479732904968e18,-6.544792647262917e16,-5.877326829532277e16,1.7769908358411872e19,3.829227100681979e17,-2.0501137306919738e17,-1.3466969037684411e17,2.3410756071142733e17,3.065427743391118e17,-1.0424553354871331e17,-3.7214168192550355e17,-1.395130279542188e17,5.008739834855962e17,3.2105119867093414e17,-1.2753447500150032e17,4.35867287042725e17,3.849090852597979e17,4.0860774983515936e17,1.4366596682640208e17,-9.537441318519541e16,1.7681898706308877e17,-1.4334361172435974e17,-1.5372603216388752e17,1.8134982104989405e17,7.085919325489389e17,2.599292678854159e17,6.119934180503633e16,1.2831342654928845e17,-1.265211359741274e17,7.641996015668768e16,-6.231778659690712e17,-2.1799509786400147e17,1.6891169361602774e17,-1.0792030356848198e17
-7.421613213105762e16,-1.1605610781678051e17,8.747289700886742e16,9.780494708745802e17,-2.1682040679999306e17,6.661041182448457e16,2.964434917014143e17,1.8418221973944458e17,-8.75761978225582e16,1.3696729622286901e17,-8.931272266477781e16,6.512845795677092e17,-4.783133466414869e16,-1.2300538997106354e17,-8.689134297647842e16,7.16000535019549e16,-6.962846436871824e16,-7.033717289584362e17,-2.161109770344575e17,-1.1591563478507115e17,1.9507485716505772e18,7.040924809888403e16,-5.120048084235804e17,-1.1376919845785093e17,4.066102614422199e17,3.5801927312395035e19,-7.511891099420394e16,-3.2559056016532716e18,-1.6221130025755424e17,5.903933173559969e16,2.4753204359080154e17,-4.421421319143922e16,1.9748794594601946e17,-1.598531632835498e17,1.9263906775141766e17,9.666499334676282e17,1.0021261513611272e17,8.15390494796562e16,-7.7065861841777e16,5.4839025526955736e16,7.0499030112229896e16,-1.391405068661631e17,4.930879052553742e16,8.166174639727718e17,-4.655888668785729e17,-2.3027344141159626e17,-1.5098716299913072e17,1.7273282196839718e18,-1.2995056467995458e17,1.390041864632288e17
1.7593034909253485e17,1.811125777318964e17,-8.416359500104946e16,-6.403368815598351e16,-6.20016026960599e17,-9.563232422721309e16,4.35852292240039e17,-8.704303044778923e16,-4.165417020338042e17,-9.635225163557002e16,-8.753096112698222e16,-2.4479926176174995e17,-1.2993013640022018e17,3.21857585947191e17,-1.0757293700884462e17,7.020619740672022e16,3.807232497033777e18,8.570170387175938e16,-1.6871084879345978e17,1.2879877148419051e17,9.541623405170376e16,-3.3634237585770106e17,1.0200914846277585e18,-3.982579078976117e17,6.221590742540811e18,2.309361356020393e18,9.789969272920646e16,-2.2276519194642218e17,-8.474162439600558e17,-6.596943240956422e17,3.08983310709188e17,-8.955534615388954e16,2.614779195956239e17,1.3056040692794496e17,-1.2675473946867794e17,3.5521297354661366e18,-1.997054115766122e17,2.0472154033752352e17,4.432940840834862e16,-2.409327859053017e17,-2.0360366726859123e17,-1.3445044008118682e18,-4.5536369582610586e17,1.8170388811953498e17,-9.279885951391464e16,-2.0369275818147318e17,2.0013371753124653e17,-2.472040812700778e17,-6.000533920738593e16,6.492360483161176e16
1.238216348185473e17,-9.702692530188106e18,7.611422602796006e16,-9.868338403373806e16,-2.295190060131248e17,-2.8733665930135232e17,-3.176259697611266e18,1.3528409849257494e17,-7.092221177268782e16,-1.7218963911286413e17,-8.587695173449358e16,1.1862787713058798e17,1.1381461283489845e17,-1.7931999072895418e17,3.869054257423881e17,-7.934537900895576e16,-5.374523370220275e17,-8.69895729004202e16,3.1907789423709875e17,-3.1772227564511514e17,-7.420265868591963e16,3.2624994533468064e17,-1.8712550044447277e17,-1.1089211569931819e17,-4.55620448534261e17,-8.024185390171008e16,5.503498408785407e16,1.5235576027601613e18,1.1057318865526024e17,3.605417503944316e17,8.775650301535402e16,3.093431595548343e17,1.0299819730168504e17,-2.5231866127692035e17,6.382520214727849e17,-7.399522888033234e17,-1.607469601978616e17,6.409283627602677e16,9.514035457623899e16,2.3647012853241034e17,5.8716124693991384e16,1.1779166412081251e17,7.491071831755826e16,-1.1132062833431621e17,-8.696086215315855e17,2.0767306202343277e17,9.325503468932698e17,5.580876543475825e16,-1.4759819488954737e18,1.4944610754686906e17
-8.495874035274213e16,-1.0542567544256811e17,-2.7885034995621827e18,-9.19240603255335e16,-1.9428427510858768e17,-2.4348206551021632e17,-1.9930075828175536e17,3.0975083015560806e17,-7.639337457638602e16,-2.714641164805588e17,2.0846164137519245e17,1.9106012087460493e17,-4.443501304914298e16,-3.4469116277029843e17,-2.6695000608242874e17,8.224573614123746e16,-1.6032241012164595e17,-2.6152902638260275e18,-1.792766309205082e17,-2.0577306714346954e17,-1.783028587161073e17,-1.3459816544405043e17,-1.663730495497437e17,5.6487826026261626e17,-1.5072699930741232e17,-1.2848013217025182e17,-4.6185892963464774e17,-3.9774737181341496e18,-1.4217417946331347e17,9.440278180530496e16,3.206839014601999e17,5.919668742030928e16,8.250987511370862e17,1.8275503607457507e17,2.1466271098473354e17,1.0641158694952384e17,-9.388397099391886e16,4.460459859712761e16,5.0387057519408224e17,9.207635719994435e16,-8.079960354281206e16,9.615565420732789e16,1.6970108583344787e17,1.1377859429029605e18,-1.0895449110191173e17,2.973761221941839e17,-1.6107669846948957e17,6.042793530179941e16,1.8275459997426675e17,-1.4684575453478515e17
6.345271098044821e16,3.6002193507517664e17,-3.2376719040033203e18,1.7886092180079056e17,5.189369373787424e16,-6.035486231916059e17,1.0158254452611982e17,-1.3591625250564183e18,-2.0463796270468192e17,5.3074772916782483e17,-1.4516749060757866e17,-5.461436209171931e17,-9.212908551959072e16,8.362672951747924e17,1.58196320894723e17,-2.8427531582217046e17,-8.188955957191792e16,-1.3328924107092707e17,-1.0363006245787424e17,-7.060582641257558e17,-2.5039473088125264e17,1.499813836559261e18,-6.8242660274097656e16,-1.0947599114855358e17,2.8316186375090784e17,4.697596042857662e16,5.8545412252967656e16,-4.97090118861628e17,-3.837660092366748e17,-9.655351752205621e16,-1.5132809596079027e17,1.14032833782911e17,7.636528002402942e16,1.4649108691265315e17,5.270760961172595e18,1.153010596849691e17,8.123608009712328e16,-2.725024805102707e17,3.2208303120626086e17,-6.796309357571771e17,-2.6315455438393827e17,-5.261796594026841e16,1.880129304611921e17,-3.2354538160653e17,-1.0521822621020968e17,8.882649777786412e17,1.4175227664659018e17,-8.58101916909418e17,-6.228489929918599e16,-1.3509499616112447e19
7.44292820312082e16,-2.166529802173227e17,-1.1076199234251296e17,9.571028823918619e16,2.4832259117543318e17,1.15109704068364e17,1.7429004525243875e17,1.8035802142351012e18,-9.06459472830798e17,2.484115743374644e17,2.3709424491084886e17,9.36520068427805e16,-1.958107745556412e17,7.0068753052610184e16,1.6712126496894442e17,-3.835671245872273e17,8.218995867021116e17,4.325650068188616e17,3.3198177723065805e17,-6.444868273424914e18,5.537714071362589e16,1.1823928975215214e17,2.2002715039012243e17,9.516862764531692e17,7.264276168155715e16,-1.0176896216297845e17,6.7922825444756696e16,4.721766114838853e17,5.2211030553624435e17,8.960657716077197e16,2.7486820871180374e17,1.8309814499974044e18,-2.911581251919284e17,1.892222161496304e17,-9.5996721306945e16,3.2512810149436184e16,2.674166324460733e18,-3.5891317268521466e17,-3.046630251617462e17,1.0397082843189584e17,-1.1885816399670531e17,-6.6857740343023256e16,2.461369940389712e17,1.1175121229085126e17,-1.0577527490300483e17,4.73598328780265e16,-1.053580719243443e17,1.304362380368947e17,6.007680962615616e17,2.6644970279975037e17
-1.3587806261572856e17,-8.122560884673275e16,2.2612730611482794e17,2.1713851183378368e17,-1.7628841537336632e18,-2.2773627269820394e17,2.873770378038585e17,-4.978181982209306e17,2.6235656279009427e17,9.753810448564184e16,6.849850447122113e17,-1.0208746937760424e17,-4.024288523008316e17,-8.340362360567962e16,-8.465157928200538e16,-2.002782129328444e17,1.497771359979351e17,1.30385863849786e18,-2.3656310228135178e17,8.905282279534064e16,-1.3225413354461227e17,3.3218509568785626e17,1.0547928670968381e18,2.153729631236858e17,-7.841594052563974e17,6.9363324560079816e16,-1.355639856626316e17,-8.421571557488642e16,-2.059203104122936e17,-3.1330884298177363e17,4.199847913181831e17,2.930517776299049e16,-3.26938562847249e17,-9.852582390131992e16,8.068147639755838e16,-3.1537351846807795e17,-2.703088146565839e17,2.415932059232194e17,-3.248589668087151e17,1.0783147697666323e17,1.1635067577920768e17,-1.4711576233761626e18,-1.884773457627957e17,3.898237559574521e17,-3.983800222742137e17,-1.621519970872162e17,2.5382463339696133e18,-1.9243047006004566e17,-4.1142838597349233e18,1.5616545174990333e17
3.9896176516160557e17,8.416169758176643e16,-1.841003681851946e17,9.151786706744709e16,-9.48144755476768e16,1.9395773517351696e17,-2.2927463352583786e17,1.808676913392067e17,1.7236627147882207e18,7.007189446249472e16,-1.1185159619011606e18,1.8584754456423152e17,-2.4837505494014582e17,8.492601096241147e16,1.2535715704953477e17,-2.341051982712377e17,-2.4027048905112723e17,-1.3580417174292656e17,5.825321809116698e17,6.861201816910653e16,9.051720056425032e16,-1.35818224424684e17,-3.25300025461585e17,3.317958543959084e17,-4.9031385628685096e16,-4.916972957103145e18,-4.755426552162728e17,-7.622754566816571e16,-2.7762348159478483e17,-7.069615478970666e16,2.0970211962419885e17,-1.3073074160178955e17,8.733876370440874e17,-1.121408138059934e17,3.6833632611261656e16,8.23226009987358e16,2.9913779795975046e17,-2.741586019957817e17,-1.0679158457885565e17,-1.7716463145643485e17,-8.849791360319518e16,2.0875970522600477e17,-6.799997673074611e16,-2.5036036947068368e17,1.874785552605368e17,3.200291537581158e18,-1.3910929461983352e17,-2.9912849651149856e17,1.6759623153233372e18,-1.2335557771339698e17
-1.327823984269616e17,-1.991639276463949e17,-4.621726683228278e17,-4.796597357805156e17,-3.430382504386076e17,-1.1936592723326118e17,4.811939130885298e17,-1.2910061057409714e17,1.4890174641609702e17,-4.50409859437866e17,1.2074914613041443e17,1.430836292822914e17,3.634359952347961e17,9.579030514604256e16,-1.026423035508373e17,3.9658658458527814e17,1.563274710830716e17,-2.401375332665187e17,-2.948843031770569e17,4.6698602968060365e17,-3.9930031912026675e17,3.736858621217457e17,-1.1258506201080565e17,-1.3091784265304387e17,-1.3289275649938184e18,-2.062422167671206e18,-1.858784286894405e17,-2.0492594584476813e17,-1.1968896403755286e17,-2.4054464797374195e17,-5.029738664587482e17,7.902646243265022e18,2.1023767351894784e17,4.878377804216903e17,4.98130911759223e16,-2.3203685786051856e17,-3.4459535736400696e18,8.703267661328393e17,-2.930605562310805e17,-4.5262125658038856e18,-4.139752868794152e17,-4.684433537000867e16,-1.2946851430577704e17,2.0931148916778272e17,-2.92474255728668e17,-1.1894508851264622e17,6.520128144873487e17,2.2910062659566272e17,2.3272321987516656e17,4.530590695177823e17
1.6954367795321418e17,-1.2359610521647088e17,-3.6882794545978016e17,-1.1009977084593944e17,1.7408656744054528e17,4.287584198569112e16,3.0036585295393664e17,3.0319966525731354e17,-2.4439255665505254e18,2.9971283926223296e17,-1.3514128932905944e17,3.119052173933319e17,-1.6168628564041587e17,3.807624769604479e17,-1.2527986216936822e17,1.779770826277606e18,9.097958301382098e16,2.038893439274188e17,-1.4043191976648317e17,2.6243173427468067e17,-2.9190417453301037e17,-1.3479795682281098e17,-7.48690904225896e16,9.030946689582915e16,-6.9026508054576904e16,3.3801465420693843e17,2.3953963178742067e17,-2.0155047311124176e17,2.0535432549518627e17,-6.593220466684725e16,8.083642663335752e16,2.890887055604218e17,-1.5758102139610702e19,-1.4788182262947584e17,-8.507889414056749e16,1.7248985073681222e17,-1.5361630321127178e17,1.9044379927239174e17,-1.0249915759367258e17,-5.514861745142632e17,-2.655874958758799e17,-2.22861797847164e17,-9.362543184499792e16,-3.4335726002145824e17,-1.046042009137005e17,-2.2079258090056307e17,-3.059672538219488e17,2.4713604786870723e17,-8.205044214384358e16,6.27414236330868e17
1.676537441679586e17,5.316887064382463e16,-1.0872012601585013e17,-8.077304066746211e16,1.3650710466723246e17,-3.0966046571079725e17,2.124428371896533e17,1.8911526550399562e17,1.3586706565619974e17,-9.652968352981194e16,7.872786682892058e16,-3.059573143812302e17,1.0475565572074367e18,-4.064549408052462e16,5.722799803675656e16,1.7043069622078374e17,1.4078207566210102e17,1.3930365263542835e17,-9.362124461764722e16,-1.4762523075403853e18,-1.2896692950002576e17,2.347605292248254e17,5.533123077344532e16,1.127628250380076e17,-8.840636962036162e18,7.706673763951957e16,2.442370205519708e18,-1.2965133710730576e17,-3.2210620901776005e18,1.1968878707482986e17,1.1145845667349128e17,-4.329771500902832e17,-1.1769649068793602e17,5.6917742768366616e16,-1.0924945571479848e17,-5.3185595845997325e17,1.2607649417087275e17,3.8264015252552326e17,2.4540206426989962e17,-1.69440449088518e17,-1.272084166391092e17,-6.961487167676226e16,6.895024830286295e17,7.047346096781294e17,4.713532977208932e17,-7.4924536679399e17,1.9733904514003597e17,9.57575949717225e16,2.2788538776571117e17,-1.657116797024369e17
