0.0001546657857701845,0.00010644359991084183,7.485778399415381e-5,5.380152189243412e-5,3.947510506868137e-5,2.95222938310052e-5,2.2467372826582077e-5,1.737119383924331e-5,1.3624951126164872e-5,1.0826392452042468e-5,8.704719230905083e-6,7.074332896239973e-6,5.8058597534982466e-6,4.807678956156771e-6,4.01394039577997e-6,3.3766608832366173e-6,2.8604263244979943e-6,2.4387863362840024e-6,2.0917652331858327e-6,1.8041203848667932e-6,1.5641079828147154e-6,1.3625979030964133e-6,1.1924317742061459e-6,1.0479524941223454e-6,9.246559678705141e-7,8.189308946426978e-7,7.278626214662745e-7,6.490840534514395e-7,5.80661435838285e-7,5.210061969106815e-7,4.6880642332030055e-7,4.2297323765493506e-7,3.8259856953700877e-7,3.4692169753933357e-7,3.1530258710904526e-7,2.8720052715462336e-7,2.62156922413583e-7,2.3978136372418e-7,2.1974029778630272e-7,2.0174776909388142e-7,1.8555782188741706e-7,1.7095823827395171e-7,1.5776535674463413e-7,1.4581976810076174e-7,1.349827269306037e-7,1.2513314899326174e-7,1.1616509021726897e-7,1.0798562306497855e-7,1.0051304193122778e-7,9.36753419399344e-8
0.00015197385728181012,0.00010508101744471965,7.417244567328129e-5,5.346639931405002e-5,3.932327807082485e-5,2.946682993671967e-5,2.246214326433008e-5,1.739135906782838e-5,1.3657019610918805e-5,1.0863035786106597e-5,8.742006518216e-6,7.110225266938843e-6,5.839376319126063e-6,4.838428082440167e-6,4.041853484133711e-6,3.401840242590877e-6,2.8830581922719894e-6,2.4590914939881586e-6,2.109971470667549e-6,1.8204477009020924e-6,1.5787611945934807e-6,1.375763526348697e-6,1.2042773170176586e-6,1.058627064821351e-6,9.342915484622703e-7,8.27643901382868e-7,7.357555363139076e-7,6.562470073855096e-7,5.871736830201362e-7,5.269374528588706e-7,4.742180599835854e-7,4.2791933922256624e-7,3.8712685850167616e-7,3.510743430674017e-7,3.1911690848792795e-7,2.9070960478093667e-7,2.6539012794503197e-7,2.42764819934662e-7,2.224972775081608e-7,2.042990414999286e-7,1.8792195330912965e-7,1.7315185379449386e-7,1.5980336795343447e-7,1.4771557164830073e-7,1.3674837787115157e-7,1.2677951234046453e-7,1.1770197365295699e-7,1.0942189332572571e-7,1.0185672704099049e-7,9.493372115237999e-8
0.0001492958964255248,0.00010370937394367712,7.347317407781139e-5,5.3118196806782157e-5,3.916063999683546e-5,2.9402838765661626e-5,2.2450303030622005e-5,1.740642071563984e-5,1.3685139222052874e-5,1.0896607016495056e-5,8.776886939457161e-6,7.144217307510396e-6,5.871380498670989e-6,4.867964019106419e-6,4.068785872310176e-6,3.4262209479997125e-6,2.905035044598774e-6,2.478855817595808e-6,2.1277282955033208e-6,1.8363993109365355e-6,1.593098519542231e-6,1.38866211869406e-6,1.2158959716435244e-6,1.069107920179665e-6,9.43760976533978e-7,8.362137760699601e-7,7.435246407799095e-7,6.633024443489698e-7,5.935922144912289e-7,5.32786733235885e-7,4.795577485025598e-7,4.3280209043068276e-7,3.9159919636988026e-7,3.551774278363769e-7,3.228872067565609e-7,2.9417947356463534e-7,2.6858832298593423e-7,2.4571693776203103e-7,2.2522613982020975e-7,2.0682502948218203e-7,1.9026329858314725e-7,1.753248918375922e-7,1.6182275905943e-7,1.495944938148667e-7,1.3849869539842586e-7,1.2841192340215082e-7,1.1922613964789025e-7,1.1084655242690254e-7,1.0318979402274615e-7,9.618237528761868e-8
0.00014663461113246135,0.00010233067782466124,7.276129391857678e-5,5.2757762031881894e-5,3.898773334033303e-5,2.933067183286687e-5,2.243208385170532e-5,1.7416534437430682e-5,1.3709416499231815e-5,1.0927180396836055e-5,8.809413137844962e-6,7.176346940742039e-6,5.901900019218934e-6,4.896307319741094e-6,4.094752992007135e-6,3.4498147235648267e-6,2.926365887149389e-6,2.4980862956474214e-6,2.1450411826941125e-6,1.8519795424018118e-6,1.6071234064811912e-6,1.4012964500943005e-6,1.2272899790160765e-6,1.079396885532e-6,9.530657484539266e-7,8.446417528165368e-7,7.511709584933525e-7,6.70251217962948e-7,5.999177457294727e-7,5.385546406281101e-7,4.848259987086751e-7,4.376219245090313e-7,3.960159528008383e-7,3.592312685040993e-7,3.266137541876641e-7,2.9761036845188195e-7,2.7175171096537435e-7,2.486378939210527e-7,2.2792703871033242e-7,2.0932586762568068e-7,1.925819756735237e-7,1.7747745608315866e-7,1.6382362142847805e-7,1.5145661531889584e-7,1.4023375099804805e-7,1.3003044563565662e-7,1.207376446599243e-7,1.1225965070820353e-7,1.0451228785516212e-7,9.74213446155304e-8
0.0001439924703705046,0.00010094681517447034,7.203806821180229e-5,5.238591099050436e-5,3.8805083865751934e-5,2.9250671520645537e-5,2.2407712304312146e-5,1.7421852894402135e-5,1.3729956192185188e-5,1.0954829082635875e-5,8.83963706698708e-6,7.2066516470888245e-6,5.930962318633602e-6,4.923478345495921e-6,4.119770144843131e-6,3.47263320418231e-6,2.947059663611012e-6,2.5167898730956137e-6,2.161915576252544e-6,1.8671927004779016e-6,1.6208392881063406e-6,1.4136692787298462e-6,1.2384615713943414e-6,1.0894957797841314e-6,9.62207355795648e-7,8.529290621394516e-7,7.586955103736275e-7,6.770941797978723e-7,6.061509906551628e-7,5.442417764353038e-7,4.900233195272835e-7,4.4237927399435265e-7,4.0037749692329774e-7,3.6323618132236685e-7,3.302968227434768e-7,3.0100252415195433e-7,2.748804951323557e-7,2.5152786499033426e-7,2.3060012806425468e-7,2.1180169043964808e-7,1.948781024889003e-7,1.7960965017148717e-7,1.6580604639902354e-7,1.533020168608185e-7,1.4195361614485636e-7,1.3163514249304873e-7,1.222365451458225e-7,1.1366123851136507e-7,1.0582425352126498e-7,9.865066941203336e-8
0.0001413717183627481,9.955955502914836e-5,7.130470025685273e-5,5.2003428782803836e-5,3.861320090624865e-5,2.91631711964896e-5,2.237740986142515e-5,1.7422525770611903e-5,1.374686126521687e-5,1.0979625131150886e-5,8.867609989150487e-6,7.23516846258245e-6,5.958594543586863e-6,4.9494972633961214e-6,4.14385250096375e-6,3.49468793441952e-6,2.9671252547917385e-6,2.5349734505950046e-6,2.178356888640298e-6,1.8820430676470188e-6,1.6342495806349048e-6,1.4257833507171298e-6,1.249412972137876e-6,1.0994064152312028e-6,9.711872851913475e-7,8.610769308410929e-7,7.660993145337915e-7,6.838321792945085e-7,6.122926615661849e-7,5.49848740817205e-7,4.951502189334634e-7,4.470745706936976e-7,4.0468419730495825e-7,3.6719248211135317e-7,3.339366840542785e-7,3.0435617511914477e-7,2.779748785404983e-7,2.5438702739934396e-7,2.3324556165450293e-7,2.14252632348067e-7,1.971517968744413e-7,1.8172157769633114e-7,1.6777012527614058e-7,1.551307791179191e-7,1.4365836229845726e-7,1.3322607741726626e-7,1.2372289755790402e-7,1.1505136617724304e-7,1.0712573600588799e-7,9.987038995684935e-8
0.00013877438819503824,9.817055452133212e-5,7.056233559348168e-5,5.16110703693563e-5,3.841257766674092e-5,2.9068495335075274e-5,2.2341392940819384e-5,1.7418699791179233e-5,1.3760232902867042e-5,1.1001639502001769e-5,8.89338247401312e-6,7.2619339770597995e-6,5.9848235478033394e-6,4.974384044793319e-6,4.167015097748149e-6,3.515990367462007e-6,2.986571477774863e-6,2.5526438838275202e-6,2.194370500231187e-6,1.8965349032662547e-6,1.6473576834646728e-6,1.4376413998362703e-6,1.260146395488384e-6,1.1091305973819437e-6,9.800070181898349e-7,8.690865818941081e-7,7.733833861866642e-7,6.904660636871092e-7,6.183434690748846e-7,5.553761326414681e-7,5.002072039089139e-7,4.5170824564859377e-7,4.0893642192257235e-7,3.7110048623457264e-7,3.3753360939734956e-7,3.076715555350217e-7,2.810350640330318e-7,2.5721555741567824e-7,2.358634931295646e-7,2.166788276804248e-7,1.9940317660390787e-7,1.8381334219809727e-7,1.6971594932567287e-7,1.5694298273927563e-7,1.4534806089884811e-7,1.348033138383231e-7,1.2519675834073883e-7,1.1643008404293372e-7,1.0841678029315459e-7,1.010805465313017e-7
0.00013620231482025595,9.678136389124176e-5,6.981206393543705e-5,5.120956133327802e-5,3.820369153127588e-5,2.8966959643959163e-5,2.2299872956172648e-5,1.741051874217577e-5,1.3770170516664338e-5,1.1020942058494804e-5,8.917004397878332e-6,7.286984332698178e-6,6.0096758905109055e-6,4.998158463958688e-6,4.189272838612513e-6,3.5365518641282967e-6,3.0054070851212416e-6,2.5698079828621596e-6,2.2099617587992e-6,1.910672443158556e-6,1.6601669788468888e-6,1.4492461472688938e-6,1.2706640463589575e-6,1.1186701247886597e-6,9.886680311188984e-7,8.769592343295426e-7,7.805487375535326e-7,6.969966779286495e-7,6.243041220465756e-7,5.608245494328887e-7,5.051947803998664e-7,4.562807291000319e-7,4.131345381327081e-7,3.749605085743756e-7,3.410878696763719e-7,3.1094889929104734e-7,2.8406125422808534e-7,2.600136311325667e-7,2.384540760032458e-7,2.190804106626237e-7,2.0163235937187088e-7,1.8588504715715718e-7,1.716436097684716e-7,1.5873870834078465e-7,1.4702278336210737e-7,1.3636691516956758e-7,1.2665818392789476e-7,1.177974424389354e-7,1.0969743136399946e-7,1.0228117941614267e-7
0.0001336571474690868,9.539343135790023e-5,6.90549210775962e-5,5.079959864152764e-5,3.798700437397231e-5,2.8858871192587475e-5,2.225305637054692e-5,1.739812349209591e-5,1.3776771752909248e-5,1.1037601569616127e-5,8.93852494333187e-6,7.31035522284486e-6,6.033177835089695e-6,5.020840096811828e-6,4.210640491907357e-6,3.5563836919504224e-6,3.02364076411833e-6,2.5864725115482557e-6,2.2251359790308577e-6,1.9244598992215206e-6,1.672680831572327e-6,1.4606003013458173e-6,1.2809681201307659e-6,1.1280267888829078e-6,9.971717949520044e-7,8.846961031283385e-7,7.87596377775498e-7,7.034248646180889e-7,6.301753275396466e-7,5.661945873238951e-7,5.101134532760139e-7,4.607924504542644e-7,4.172789126431708e-7,3.7877286350798636e-7,3.445997354012553e-7,3.14188439971551e-7,2.870536515042616e-7,2.6278142445661906e-7,2.4101746364422936e-7,2.21457515408055e-7,2.0383946278606014e-7,1.8793679598726965e-7,1.7355319777472793e-7,1.6051803650026426e-7,1.486826010761543e-7,1.3791694480399937e-7,1.2810723073873268e-7,1.1915349168635428e-7,1.1096773419372417e-7,1.0347232888941333e-7
0.00013114036147881313,9.400810784798132e-5,6.829189077410823e-5,5.0381851403992065e-5,3.7762962872824186e-5,2.8744528544257424e-5,2.2201144752052663e-5,1.7381652014804796e-5,1.378013250143202e-5,1.1051685712665865e-5,8.95799259932192e-6,7.332081891129356e-6,6.055355347912162e-6,5.04244831978029e-6,4.231132689905591e-6,3.5754970243182063e-6,3.0412811360744984e-6,2.6026441869413215e-6,2.239898442061246e-6,1.937901459053594e-6,1.6849025886702536e-6,1.4717065573043675e-6,1.2910608024570024e-6,1.1372023738166733e-6,1.0055197751792536e-6,8.922983991160933e-7,7.945273128273618e-7,7.097514639296416e-7,6.359577907472453e-7,5.714868410063003e-7,5.149637262904347e-7,4.652438382494025e-7,4.2136991148506196e-7,3.8253786488405037e-7,3.480694766683956e-7,3.1739041083704396e-7,2.9001245798650016e-7,2.6551911309580527e-7,2.4355380926582544e-7,2.238102759088321e-7,2.060246043598485e-7,1.899686920291195e-7,1.7544480445840097e-7,1.6228104775263749e-7,1.5032758539657487e-7,1.3945346611064613e-7,1.2954395517525028e-7,1.204982820941492e-7,1.1222773374958946e-7,1.0465403522433227e-7
0.0001286532695531979,9.262665158044146e-5,6.752390658529922e-5,4.995696162905921e-5,3.7531998825699007e-5,2.8624221890687525e-5,2.214433483151518e-5,1.7361239413866338e-5,1.378034690526975e-5,1.1063261076500925e-5,8.97545516164336e-6,7.352199130846548e-6,6.0762340973668575e-6,5.0630023087854595e-6,4.250763927878245e-6,3.593902939685252e-6,3.05833675565735e-6,2.618329678760536e-6,2.2542543950330906e-6,1.951001285597174e-6,1.6968355791199824e-6,1.4825675970551248e-6,1.3009442690739702e-6,1.1461986563090124e-6,1.0137134316825004e-6,8.997673288610619e-7,8.013425454340003e-7,7.159773135440022e-7,6.416522149405137e-7,5.767019036842717e-7,5.197461020404978e-7,4.6963532012280245e-7,4.254078999854747e-7,3.8625582599969853e-7,3.51497363141344e-7,3.205550448078804e-7,2.929378755322161e-7,2.682268725476658e-7,2.460632659159131e-7,2.2613882602718935e-7,2.0818790150486803e-7,1.919808385439639e-7,1.7731852087173897e-7,1.640278225851947e-7,1.519578076425154e-7,1.4097654243099327e-7,1.3096841361897356e-7,1.2183186395641977e-7,1.1347747498844084e-7,1.0582633868721554e-7
0.00012619703246779233,9.125023250577395e-5,6.675185369136667e-5,4.952554497448599e-5,3.7294529467900125e-5,2.8498233188871354e-5,2.2082818561972124e-5,1.7337017948157677e-5,1.377750737121091e-5,1.1072393165355472e-5,8.990959733808071e-6,7.370741284599839e-6,6.095839453059259e-6,5.082521038350102e-6,4.269548563255125e-6,3.6116124208348086e-6,3.074816110274658e-6,2.633535608876991e-6,2.2682090506782427e-6,1.963763516798244e-6,1.7084831135746698e-6,1.4931860889578633e-6,1.3106206856191063e-6,1.155017405497944e-6,1.0217542186145244e-6,9.071040945752824e-7,8.080430749892207e-7,7.22103248581496e-7,6.47259301413335e-7,5.818403670285071e-7,5.244610819297283e-7,4.7396732277921867e-7,4.293932427408138e-7,3.899270595781206e-7,3.548836640318897e-7,3.236825744482514e-7,2.9583010571772117e-7,2.7090487808775006e-7,2.485459864670709e-7,2.2844329948702836e-7,2.1032947152375773e-7,1.9397333870739143e-7,1.7917443799989363e-7,1.6575844143293392e-7,1.5357333909264037e-7,1.4248623707547133e-7,1.3238066242789668e-7,1.2315428754973235e-7,1.147170028543708e-7,1.0698927953542463e-7
0.00012377266923604643,8.987993659934978e-5,6.597657067113762e-5,4.908819149246261e-5,3.705095779070578e-5,2.8366836299907224e-5,2.2016783179837457e-5,1.7309117058680874e-5,1.3771704581156044e-5,1.1079146403210186e-5,9.004552728283655e-6,7.387742244193438e-6,6.114196485182523e-6,5.101023280823398e-6,4.2875008148674725e-6,3.628636354203553e-6,3.090727619496762e-6,2.648268550831898e-6,2.281767586921012e-6,1.97619226528209e-6,1.7198484840970917e-6,1.50356468760647e-6,1.3200922074558095e-6,1.163660382797574e-6,1.0296435842822098e-6,9.143098940188046e-7,8.146298974770037e-7,7.281301015371239e-7,6.527797494285773e-7,5.869028211316013e-7,5.291091661306176e-7,4.782402719597179e-7,4.3332630359072296e-7,3.935518777466266e-7,3.582286480815487e-7,3.267732319505123e-7,2.986893498249112e-7,2.735533047582827e-7,2.510021236068953e-7,2.3072382986562856e-7,2.1244943160304071e-7,1.9594629560318676e-7,1.8101264675562152e-7,1.674729846739772e-7,1.5517425098115746e-7,1.4398261331999957e-7,1.3378075793346865e-7,1.2446560313048888e-7,1.1594636227641397e-7,1.0814289801534648e-7
0.00012138106675244187,8.851677000887543e-5,6.519885124439655e-5,4.864546636786732e-5,3.6801672860331656e-5,2.823029712951018e-5,2.1946411267576462e-5,1.727766339648537e-5,1.376302750424665e-5,1.1083584138681765e-5,9.016279868083865e-6,7.403235450763397e-6,6.1313299640518985e-6,5.1185276057192795e-6,4.304634762269919e-6,3.6449855292615152e-6,3.1060796345191006e-6,2.6625350293837773e-6,2.29493514650272e-6,1.9882916180446746e-6,1.730934963907097e-6,1.513706033622629e-6,1.3293609795049078e-6,1.1721293417602557e-6,1.037382971033615e-6,9.213859204069414e-7,8.21104005395105e-7,7.34058702217454e-7,6.582142561657956e-7,5.918898544645676e-7,5.336908535483658e-7,4.824545924113406e-7,4.372074455926206e-7,3.971305920152061e-7,3.6153258354344864e-7,3.298272491198357e-7,3.015158088282265e-7,2.7617232735704613e-7,2.5343182982850085e-7,2.3298055058550395e-7,2.1454789880612716e-7,1.978998122173055e-7,1.8283323797408227e-7,1.6917153262506277e-7,1.5676061449390387e-7,1.454657344025794e-7,1.351687564376242e-7,1.257658609323329e-7,1.171655981662758e-7,1.0928723436039942e-7
0.00011902298892951221,8.716166305650882e-5,6.44194459765141e-5,4.819791064879193e-5,3.654705013680064e-5,2.808887376993104e-5,2.1871880817741798e-5,1.7242780851619674e-5,1.3751563409715355e-5,1.1085768650405525e-5,9.026186188694189e-6,7.417253895137402e-6,6.147264359796461e-6,5.135052379163883e-6,4.320964345139011e-6,3.6606706379463853e-6,3.1208804376637568e-6,2.676341520083979e-6,2.3077168366269353e-6,2.000065636159313e-6,1.741745807140423e-6,1.5236127534580787e-6,1.3384291360826274e-6,1.180426027943743e-6,1.0449738151488723e-6,9.28333362320476e-7,8.274663876809903e-7,7.398898776793304e-7,6.635635166703745e-7,5.968020538345074e-7,5.382066417855333e-7,4.866107078574985e-7,4.4103703099682486e-7,4.0066351325556204e-7,3.647957381646098e-7,3.32844857359186e-7,3.0430968338187265e-7,2.7876212042648745e-7,2.5583525742120274e-7,2.352135949064134e-7,2.1662499006644747e-7,1.9983399143195108e-7,1.846363024077183e-7,1.7085416553711338e-7,1.5833250076449886e-7,1.4693566351994899e-7,1.365447142098638e-7,1.270551111635961e-7,1.1837475541609642e-7,1.1042232878907022e-7
0.00011669908534609819,8.58154740966322e-5,6.363906394430525e-5,4.774604196850166e-5,3.628745179223713e-5,2.7942816643019783e-5,2.1793365298229304e-5,1.720459058303321e-5,1.3737397880412371e-5,1.108576115288474e-5,9.034316040316842e-6,7.429830118413487e-6,6.162023842201958e-6,5.150615763448324e-6,4.336503362745893e-6,3.6757022741504163e-6,3.135138241918776e-6,2.6896944488795684e-6,2.320117728624795e-6,2.011518354498175e-6,1.7522842486186413e-6,1.5332874592052186e-6,1.3472988007448915e-6,1.1885521787831754e-6,1.0524175467348186e-6,9.351534036187783e-7,8.337180296400135e-7,7.456244521703665e-7,6.688282238040819e-7,6.016400043433958e-7,5.42657027107596e-7,4.907090409690859e-7,4.4481542122226324e-7,4.04150951680624e-7,3.6801837916860543e-7,3.3582628765460955e-7,3.0707117380730713e-7,2.813228582430355e-7,2.582125584613761e-7,2.3742309591751982e-7,2.186808221807043e-7,2.0174893601975815e-7,1.8642193072122718e-7,1.7252096359087693e-7,1.598899808705565e-7,1.4839246382428287e-7,1.379086874843765e-7,1.2833340400478274e-7,1.1957387889624537e-7,1.115482215029786e-7
0.00011440989942451469,8.447899323069383e-5,6.285837436224133e-5,4.7290355258069e-5,3.602322702813551e-5,2.7792368644186233e-5,2.171103371861785e-5,1.716321104935306e-5,1.3720614826965883e-5,1.1083621802781616e-5,9.040713090419997e-6,7.440996212748363e-6,6.17563228069869e-6,5.16523571668283e-6,4.351265473500414e-6,3.690090933258337e-6,3.1488611905142037e-6,2.7026001917428993e-6,2.3321428576399143e-6,2.022653781468331e-6,1.7625535036299165e-6,1.5427327484158962e-6,1.3559720861378425e-6,1.196509523467823e-6,1.0597155896232965e-6,9.418472233557663e-7,8.398599128758309e-7,7.512632470711937e-7,6.740090681970003e-7,6.064042893479762e-7,5.470425044093728e-7,4.947500133363117e-7,4.485429768327546e-7,4.0759321682452255e-7,3.712007732386136e-7,3.3877177056083965e-7,3.098004800809768e-7,2.8385471480663227e-7,2.6056388480349435e-7,2.396091865296949e-7,2.2071551180225124e-7,2.0364474863807834e-7,1.8819021348661876e-7,1.7417200689264162e-7,1.6143312582996176e-7,1.4983619841995051e-7,1.3926073245720824e-7,1.2960078960609228e-7,1.2076301345315098e-7,1.1266495268496918e-7
0.00011215587615450173,8.31529458808927e-5,6.207800816831471e-5,4.683132344899762e-5,3.5754712391183835e-5,2.7637765287024127e-5,2.162505069746458e-5,1.711875804046334e-5,1.3701296502533932e-5,1.1079409705625585e-5,9.045420326576508e-6,7.450783822346209e-6,6.188113244489104e-6,5.178929992548659e-6,4.365264194564388e-6,3.7038470117345427e-6,3.162057356533648e-6,2.7150650743270943e-6,2.3437972223323205e-6,2.033475898761882e-6,1.7725567677203329e-6,1.5519512039281228e-6,1.364451093854411e-6,1.2042997828224748e-6,1.0668693612730381e-6,9.484159956986472e-7,8.458930152229959e-7,7.568070808394112e-7,6.791067382008251e-7,6.110954904207318e-7,5.513635671823338e-7,4.987340454412173e-7,4.5222005751385964e-7,4.10990617523026e-7,3.7434318650083223e-7,3.4168153618720517e-7,3.124978018223126e-7,2.863578638304746e-7,2.6288938807133833e-7,2.417719994679695e-7,2.2272917543458993e-7,2.0552153182336642e-7,1.8994124117835729e-7,1.7580737547002172e-7,1.6296200659720785e-7,1.5126693036032394e-7,1.40600905283475e-7,1.3085731808498158e-7,1.2194220390716145e-7,1.1377256249723347e-7
0.0001099373693819042,8.183799622480227e-5,6.129855956902032e-5,4.636939816522168e-5,3.548223208725316e-5,2.7479234848377774e-5,2.1535576530432488e-5,1.7071344709818605e-5,1.3679523518109183e-5,1.107318292291504e-5,9.048480059577987e-6,7.459224144639197e-6,6.199490002809004e-6,5.191716140144071e-6,4.378512901531581e-6,3.7169808067580917e-6,3.1747347425603677e-6,2.7270953716466456e-6,2.3550857846008994e-6,2.0439886611198358e-6,1.7822972164955316e-6,1.560945393700629e-6,1.3727379142967973e-6,1.2119246691933639e-6,1.073880272675052e-6,9.548608898493954e-7,8.518183106816898e-7,7.62256768955235e-7,6.841219198434956e-7,6.15714187311926e-7,5.556207074827428e-7,5.026615566308938e-7,4.5584702205028214e-7,4.1434346189442523e-7,3.77445884508271e-7,3.44555814183844e-7,3.1516333828197204e-7,2.888324787309617e-7,2.6518921964937837e-7,2.43911667264125e-7,2.2472192942498838e-7,2.073793879856677e-7,1.9167510416858736e-7,1.7742714926781573e-7,1.6447669405979256e-7,1.5268472264463598e-7,1.4192926207461804e-7,1.3210303952376037e-7,1.2311149505043678e-7,1.1487109107945619e-7
0.00010775464867999784,8.053475049331178e-5,6.052058754307167e-5,4.590501040393071e-5,3.520609829319121e-5,2.7316998513643653e-5,2.1442767259133962e-5,1.7021081607424437e-5,1.3655374858337595e-5,1.1064998479590449e-5,9.049933926810376e-6,7.4663479316511256e-6,6.209785525317375e-6,5.203611503920939e-6,4.3910248281720636e-6,3.729502515903838e-6,3.186901280356781e-6,2.7386973077824948e-6,2.366013469323834e-6,2.0541959961094143e-6,1.791778005432361e-6,1.569717870654955e-6,1.380834626544766e-6,1.2193858863385406e-6,1.0807497282614548e-6,9.61183069968897e-7,8.57636769354537e-7,7.676131238687888e-7,6.890552967851257e-7,6.202609579126757e-7,5.598144159006534e-7,5.065329650913589e-7,4.594242283038148e-7,4.176520573208659e-7,3.8050913222490126e-7,3.4739483372821445e-7,3.1779728833032703e-7,2.912787326178413e-7,2.6746353067432397e-7,2.46028322249428e-7,2.266938899582161e-7,2.09218419403205e-7,1.9339189272244654e-7,1.7903140814393388e-7,1.659772590346748e-7,1.540896382148916e-7,1.432458588957038e-7,1.333380039672287e-7,1.242709316448744e-7,1.1596057854699174e-7
0.00010560790582125425,7.924376013450807e-5,5.974461730360656e-5,4.543857120473521e-5,3.492661146608633e-5,2.7151270522110645e-5,2.1346774740578998e-5,1.6968076713422714e-5,1.3628927897814458e-5,1.1054912371856865e-5,9.049822895877949e-6,7.472185491535927e-6,6.2190224826093675e-6,5.21463322370861e-6,4.402813066238827e-6,3.7414222368683118e-6,3.1985648305763965e-6,2.7498770556107667e-6,2.376585164116592e-6,2.0641018039143337e-6,1.8010022697003502e-6,1.578271172524992e-6,1.388743298229573e-6,1.2266851293225828e-6,1.0874791258176502e-6,9.673836951037197e-7,8.633493573854888e-7,7.728769549490143e-7,6.939075502752317e-7,6.247363782190626e-7,5.639451815297166e-7,5.103486878221105e-7,4.6295203319183254e-7,4.209167104301182e-7,3.8353319401016915e-7,3.5019882351189744e-7,3.203998504461939e-7,2.9369679828456487e-7,2.697124720268413e-7,2.481220965475005e-7,2.2864517305039418e-7,2.1103872821705993e-7,1.9509169699345492e-7,1.8062023186539697e-7,1.674637722647905e-7,1.5548173995282606e-7,1.4455075176276694e-7,1.3456226142034683e-7,1.254205584200645e-7,1.170410649890649e-7
0.00010349726086713841,7.796552484633e-5,5.8971141718771675e-5,4.49704723067461e-5,3.464406064969384e-5,2.6982258312154473e-5,2.1247746717122788e-5,1.6912435472220773e-5,1.3600258417823219e-5,1.1042979575334673e-5,9.048187268462919e-6,7.476766690283383e-6,6.227223246847497e-6,5.224798234821645e-6,4.413890565334325e-6,3.7527499672388406e-6,3.2097331825071735e-6,2.760640736554587e-6,2.386805719106895e-6,2.07370995713786e-6,1.8099731239927131e-6,1.586607821713732e-6,1.3964659854134203e-6,1.2338240844155663e-6,1.094069856397827e-6,9.734639191154347e-7,8.689570369007092e-7,7.780490684341734e-7,6.986793591112196e-7,6.291410222972429e-7,5.680134919377986e-7,5.141091406113196e-7,4.6643079266629845e-7,4.2413772707777176e-7,3.865183336038507e-7,3.5296801172769225e-7,3.2297122270580203e-7,2.9608684819883236e-7,2.719361943234334e-7,2.5019312206733196e-7,2.305758945429633e-7,2.1284041642595513e-7,1.967746070189903e-7,1.8219370010440144e-7,1.6893630441562664e-7,1.568610906769163e-7,1.4584399664019306e-7,1.3577586184594335e-7,1.2656042007127674e-7,1.1811259046700124e-7
0.00010142276789325539,7.67004954810064e-5,5.820062269068976e-5,4.45010867931961e-5,3.435872377774028e-5,2.681016266611403e-5,2.1145826886812008e-5,1.685426082710676e-5,1.3569440623482255e-5,1.1029254053518766e-5,9.045066684408177e-6,7.480120953583847e-6,6.234409892506034e-6,5.234123268248339e-6,4.424270132834992e-6,3.7634956043044467e-6,3.2204140538453234e-6,2.7709944203582563e-6,2.3966799467262945e-6,2.0830243006181658e-6,1.8186936623666631e-6,1.5947303251571015e-6,1.4040047324743097e-6,1.2408044289961724e-6,1.100523304243622e-6,9.794248906124772e-7,8.744607659514351e-7,7.831302673839106e-7,7.033713995980962e-7,6.3347546224955e-7,5.720198331383971e-7,5.178147380116744e-7,4.6986086169330245e-7,4.273154123298588e-7,3.894648141112664e-7,3.5570262605699366e-7,3.25511602771998e-7,2.98449054493334e-7,2.741348479084835e-7,2.5224153049641925e-7,2.3248617009676022e-7,2.14623585881127e-7,1.9844071271584116e-7,1.8375189243445278e-7,1.7039492607185228e-7,1.5822775313943841e-7,1.4712564943814554e-7,1.3697885516245772e-7,1.2769056125747843e-7,1.1917519501247996e-7
9.938442036684394e-5,7.544907682443671e-5,5.7433492492925595e-5,4.40307697232862e-5,3.40708679738462e-5,2.6635177854685835e-5,2.1041154974035477e-5,1.6793653255295933e-5,1.3536547161268117e-5,1.1013788766526323e-5,9.04050012601157e-6,7.4822772688449124e-6,6.2406041972239546e-6,5.242624850916918e-6,4.4339644338715294e-6,3.773668944907237e-6,3.2306150904986326e-6,2.7809441248831177e-6,2.406212621517819e-6,2.0920486512557595e-6,1.8271669580928008e-6,1.6026411741946706e-6,1.4113615719961647e-6,1.247627831458879e-6,1.1068408467060025e-6,9.85267752884432e-7,8.798614984587726e-7,7.881213516328292e-7,7.079843455094155e-7,6.377402681815631e-7,5.759646895628309e-7,5.214658933168485e-7,4.732425942331051e-7,4.304500704458969e-7,3.9237289798882387e-7,3.5840289365744997e-7,3.28021187883679e-7,3.007835889566874e-7,2.763085828464554e-7,2.542674532940473e-7,2.343761151862115e-7,2.1638833828129512e-7,2.0009010387583913e-7,1.852948883265675e-7,1.7183970773400538e-7,1.5958179002357273e-7,1.483957660100327e-7,1.3817129124172033e-7,1.2881102659938062e-7,1.202289186258165e-7
9.738215619322237e-5,7.421163025379553e-5,5.667015506666411e-5,4.35598587509855e-5,3.3780749847829274e-5,2.645749178068533e-5,2.0933866800387896e-5,1.6730710803354934e-5,1.3501649136883432e-5,1.0996635680114859e-5,9.034525922519807e-6,7.483264187352714e-6,6.245827642761746e-6,5.2503193060362995e-6,4.442985991363121e-6,3.783279685332849e-6,3.2403438664183464e-6,2.7904958159244737e-6,2.4154084799592633e-6,2.100786797852627e-6,1.8353960635133346e-6,1.6103428444470744e-6,1.4185385246641118e-6,1.2542959511250928e-6,1.113023854170176e-6,9.90993643838757e-7,8.851601841603825e-7,7.930231177455924e-7,7.125188680494021e-7,6.419360081701361e-7,5.79848544033202e-7,5.250630185385896e-7,4.7657634322068466e-7,4.3354200486232535e-7,3.95242847029908e-7,3.610690411508973e-7,3.30500174845457e-7,3.0309062302455684e-7,2.784575489142552e-7,2.5627102168469543e-7,2.3624584509363036e-7,2.1813477516772345e-7,2.0172287016156912e-7,1.8682276714553996e-7,1.7327071981523864e-7,1.6092326394056205e-7,1.4965440215001552e-7,1.3935321990676292e-7,1.2992186067751705e-7,1.2127380127426813e-7
9.541586244738644e-5,7.298847627673784e-5,5.5910987275906696e-5,4.3088674730564204e-5,3.3488615788171765e-5,2.6277286122032584e-5,2.082409435566236e-5,1.6665529122954216e-5,1.3464816133439801e-5,1.0977845774951999e-5,9.027181754811285e-6,7.483109826570834e-6,6.250101416057612e-6,5.257222753508654e-6,4.451347186103496e-6,3.7923374212386954e-6,3.249607883458795e-6,2.799655407049007e-6,2.42427222030175e-6,2.1092425009627733e-6,1.8433840099089503e-6,1.6178377957000257e-6,1.4255375991647717e-6,1.2608104381581936e-6,1.1190736899835528e-6,9.966036959398566e-7,8.903577685590322e-7,7.97836358973465e-7,7.169756358162536e-7,6.460632482323564e-7,5.836718777361045e-7,5.286065243844146e-7,4.798624605467796e-7,4.365915181763694e-7,3.980749223510897e-7,3.637012946115663e-7,3.329487600175449e-7,3.053703277709655e-7,2.805818955937439e-7,2.5825236665157563e-7,2.3809547490362948e-7,2.198629979193716e-7,2.0333910110215836e-7,1.8833560814627243e-7,1.7468803263811732e-7,1.6225223742690802e-7,1.509016135905558e-7,1.4052469092966904e-7,1.3102310803035027e-7,1.2230988289036626e-7
9.348537980649564e-5,7.177989695565522e-5,5.51563401220694e-5,4.2617522308677925e-5,3.319470225045538e-5,2.609473647382845e-5,2.0711965868889127e-5,1.6598201506899758e-5,1.3426116229927316e-5,1.0957469056120246e-5,9.018504660256852e-6,7.481841872570059e-6,6.253446410378752e-6,5.263351110410789e-6,4.459060256897037e-6,3.800851647618716e-6,3.2584145712637716e-6,2.8084287594519843e-6,2.432808502422971e-6,2.117419492753865e-6,1.8511338073740384e-6,1.6251284717947087e-6,1.4323607920914843e-6,1.2671729334823659e-6,1.1249917103866382e-6,1.002099036150461e-6,8.954551928729551e-7,8.025618652123119e-7,7.213553147665752e-7,6.501225522954248e-7,5.874351701970787e-7,5.320968202359093e-7,4.831012970394143e-7,4.395989121302814e-7,4.0086938437867016e-7,3.6629987955455626e-7,3.353671393058664e-7,3.0762287389978684e-7,2.8268177206440575e-7,2.602116189302996e-7,2.3992511949763486e-7,2.215731077481391e-7,2.049388860891392e-7,1.8983349047017293e-7,1.760917164314734e-7,1.6356877294162304e-7,1.5213745600000362e-7,1.416857540294539e-7,1.3211481315240796e-7,1.233372033702735e-7
9.15905066985138e-5,7.058613822048916e-5,5.440653991844662e-5,4.214669050286588e-5,3.2899236041587587e-5,2.5910012489398934e-5,2.0597605879346e-5,1.652881892539881e-5,1.3385616019942376e-5,1.0935554562839392e-5,9.00853103774835e-6,7.479487582582639e-6,6.255883226563652e-6,5.268720091541748e-6,4.466137300743113e-6,3.8088317588034176e-6,3.2667712871789403e-6,2.81682168183375e-6,2.44102194769492e-6,2.1253214768797096e-6,1.8586484447001348e-6,1.6322173005244136e-6,1.4390100878543087e-6,1.273385068705124e-6,1.1307792644468232e-6,1.0074807858752743e-6,9.004533939879969e-7,8.072004229620164e-7,7.256585681809661e-7,6.54114482167442e-7,5.911388992557891e-7,5.35534314127607e-7,4.862932024459066e-7,4.4256448759597845e-7,4.0362649283554004e-7,3.6886502092457197e-7,3.377555081523815e-7,3.0984843173641824e-7,2.8475732719616617e-7,2.6214890900266806e-7,2.417348935485082e-7,2.232652056941949e-7,2.0652231437238753e-7,1.9131649314161581e-7,1.7748184132731434e-7,1.648729328635217e-7,1.5336198498022495e-7,1.4283645886998052e-7,1.331970204924482e-7,1.2435580257216597e-7
8.973100318176316e-5,6.940741207363718e-5,5.366188942506401e-5,4.167645326636087e-5,3.260243459966056e-5,2.572327802019097e-5,2.048113530746574e-5,1.6457470062515484e-5,1.3343380630648368e-5,1.0912150378391083e-5,8.997296652884807e-6,7.476073787674467e-6,6.2574321743510135e-6,5.273345210033813e-6,4.472590273066835e-6,3.8162870484939555e-6,3.2746853161893536e-6,2.8248399302948435e-6,2.448917138865503e-6,2.1329521283632045e-6,1.8659308892673472e-6,1.6391066935372685e-6,1.44548745859474e-6,1.2794484660434956e-6,1.1364376939950088e-6,1.0127500609068387e-6,9.053533044115235e-7,8.117528152872667e-7,7.298860566306885e-7,6.580395975090679e-7,5.947835410419151e-7,5.389194127264546e-7,4.894385254153435e-7,4.454885445600686e-7,4.06346506728353e-7,3.713969430849211e-7,3.4011406152562937e-7,3.120471712196346e-7,2.868087095423575e-7,2.640643670905895e-7,2.435249115152746e-7,2.2493939262139832e-7,2.0808947505613653e-7,1.9278469506446209e-7,1.7885847735778294e-7,1.6616477948856143e-7,1.545752560642673e-7,1.4397685505790756e-7,1.3426977445165345e-7,1.2536572031463966e-7
8.79065945696476e-5,6.824389869051001e-5,5.292266894450661e-5,4.1207070039146344e-5,3.230450626930129e-5,2.553469125441352e-5,2.0362671525574255e-5,1.6384241352774803e-5,1.3299473741943372e-5,1.0887303640229509e-5,8.984836643306711e-6,7.471626895529331e-6,6.258113273791705e-6,5.2772417780244816e-6,4.478430987994437e-6,3.82322670982916e-6,3.2821638708812867e-6,2.832489208249269e-6,2.45649861995373e-6,2.1403150934895428e-6,1.8729840869435051e-6,1.6457990462449326e-6,1.4517948641049718e-6,1.2853647382537198e-6,1.1419683335649803e-6,1.017907971373569e-6,9.101558522280194e-7,8.162198217797121e-7,7.340384379454338e-7,6.618984558060757e-7,5.983695699517486e-7,5.422525213118385e-7,4.925376134815192e-7,4.4837138210924816e-7,4.0902968433501394e-7,3.73895869806769e-7,3.4244299391147844e-7,3.142192618936139e-7,2.888360673328316e-7,2.6595812315011674e-7,2.452952876379502e-7,2.2659576921280248e-7,2.0964045709506228e-7,1.9423817501864668e-7,1.8022169445217283e-7,1.6744437502722754e-7,1.557773247140645e-7,1.4510699214067224e-7,1.3533311938185187e-7,1.2636699637514138e-7
8.61169748142661e-5,6.709574841929418e-5,5.2189137379359846e-5,4.073878628522674e-5,3.2005650572389115e-5,2.5344404854324778e-5,2.024232842839329e-5,1.630921701787532e-5,1.3253957605810654e-5,1.086106055026369e-5,8.971185524169152e-6,7.4661728933391634e-6,6.257946256739747e-6,5.280424907386748e-6,4.48367111867177e-6,3.829659835484264e-6,3.2892140914276785e-6,2.8397751663553183e-6,2.4637708961581266e-6,2.1474139897093814e-6,1.8798109619909426e-6,1.6522967377370552e-6,1.4579342517516364e-6,1.2911354885644257e-6,1.1473725103354937e-6,1.0229556216899e-6,9.14861961056371e-7,8.206022185214515e-7,7.381163671821422e-7,6.656916123427256e-7,6.018974586254717e-7,5.45534043756173e-7,4.955908130463255e-7,4.512132984160743e-7,4.116762831924669e-7,3.7636202425863897e-7,3.4474249930409146e-7,3.163648729001397e-7,2.908395484672188e-7,2.6783030686560524e-7,2.4704613593247177e-7,2.2823443596624777e-7,2.1117534929044133e-7,1.9567701165682243e-7,1.8157156243399322e-7,1.6871178160195856e-7,1.5696824631817766e-7,1.4622691960450222e-7,1.363870995837672e-7,1.273596704884234e-7
8.436180966211814e-5,6.596308368346889e-5,5.146153325194634e-5,4.027183401610968e-5,3.170605847403076e-5,2.5152566092074017e-5,2.012021650324822e-5,1.623247910347236e-5,1.3206893065828947e-5,1.083346638529697e-5,8.9563771937447e-6,7.459737350794658e-6,6.256950568418684e-6,5.2829095105153796e-6,4.488322197624111e-6,3.835595417800304e-6,3.295843045596294e-6,2.846703402463389e-6,2.4707384337778667e-6,2.154252405551678e-6,1.886414416980608e-6,1.6586021307014076e-6,1.4639075564039148e-6,1.2967623106132109e-6,1.152651544075016e-6,1.0278941105085316e-6,9.194725500088079e-7,8.249007780498287e-7,7.421204965948807e-7,6.694196201760138e-7,6.053676779251188e-7,5.487643825060388e-7,4.985984693635964e-7,4.54014590725105e-7,4.142865600847884e-7,3.7879562899616993e-7,3.4701277119708945e-7,3.1848417297097173e-7,2.928193005083277e-7,2.696810476439944e-7,2.4877757018572903e-7,2.298554931900363e-7,2.1269424028638198e-7,1.9710128350106727e-7,1.8290815101808744e-7,1.6996706124462202e-7,1.581480761895763e-7,1.473366868724633e-7,1.3743175930529636e-7,1.2834378234502315e-7
8.264073959456704e-5,6.484600079059567e-5,5.074007568708107e-5,3.9806432300524904e-5,3.140591264369982e-5,2.4959316984014388e-5,1.999644289992312e-5,1.6154107515996284e-5,1.3158339576820295e-5,1.0804565507609733e-5,8.940444939147416e-6,7.452345423170693e-6,6.2551453690597075e-6,5.284710301166728e-6,4.492395617155775e-6,3.8410423489431085e-6,3.302057728779937e-6,2.853279461580336e-6,2.4774056601464257e-6,2.16083390054594e-6,1.8927973327133798e-6,1.664717571349527e-6,1.4697167003658944e-6,1.3022467883865034e-6,1.1578067470890348e-6,1.032724530674698e-6,9.239885336514336e-7,8.291162693235023e-7,7.460514756057326e-7,6.730830301107141e-7,6.087806969132016e-7,5.519439385638579e-7,5.015609265233826e-7,4.5677555533939076e-7,4.1686077103157154e-7,3.8119690595210976e-7,3.4925400257491905e-7,3.2057733042038645e-7,2.9477547067568197e-7,2.715104746092004e-7,2.504897039506943e-7,2.3145904099869022e-7,2.141972185661221e-7,1.985110689396502e-7,1.8423152980779877e-7,1.712102758940285e-7,1.5931686956345367e-7,1.4843634330253629e-7,1.3846714273981417e-7,1.2931937158976375e-7
8.095338256520061e-5,6.374457165086909e-5,5.0024965358603664e-5,3.934278776043294e-5,3.110538771145987e-5,2.476479442340889e-5,1.987111150010981e-5,1.6074180059471255e-5,1.3108355224613835e-5,1.0774401375672311e-5,8.923421442169848e-6,7.4440218545013004e-6,6.252549535608137e-6,5.285841795349921e-6,4.49590262978802e-6,3.846009421090772e-6,3.307865064048024e-6,2.8595088358498136e-6,2.483776963577227e-6,2.1671620051536652e-6,1.8989625681483804e-6,1.670645389347726e-6,1.475363593313091e-6,1.307590496162675e-6,1.162839424169926e-6,1.0374479691824327e-6,9.284108219663463e-7,8.332494576897816e-7,7.499099507766976e-7,6.766823906752462e-7,6.121369828319832e-7,5.550731114700977e-7,5.044785274366642e-7,4.594964876073346e-7,4.1939917127660784e-7,3.835660764265515e-7,3.5146638590442485e-7,3.22644513137882e-7,2.967082058392035e-7,2.7331871659663107e-7,2.5218265054164634e-7,2.3304517930879303e-7,2.1568437244840017e-7,1.999064462238547e-7,1.8554176829219205e-7,1.7244148739349069e-7,1.6047468159508153e-7,1.4952593818572619e-7,1.394932940245044e-7,1.3028647782028096e-7
7.929933654570172e-5,6.265884540887132e-5,4.931638540047274e-5,3.888109505339925e-5,3.080465051920468e-5,2.4569130311459907e-5,1.974432298640045e-5,1.5992772472302214e-5,1.3056996745905607e-5,1.074301655497525e-5,8.905338785224597e-6,7.434790980838859e-6,6.2491816634948285e-6,5.28631831226693e-6,4.498854348733643e-6,3.850505326648625e-6,3.3132719022186904e-6,2.8653969645480995e-6,2.4898566933210467e-6,2.1732402207086612e-6,1.904912960338077e-6,1.6763878977533665e-6,1.4808501322330355e-6,1.3127949984583122e-6,1.167750872549268e-6,1.0420655071327803e-6,9.327403203153058e-7,8.373011048531844e-7,7.536965657825757e-7,6.802182480983293e-7,6.154370010833961e-7,5.581522992860001e-7,5.073516138204895e-7,4.621776819098833e-7,4.2190201527684863e-7,3.859033610774089e-7,3.536501131266098e-7,3.2468588858104405e-7,2.986176525130224e-7,2.751059021478086e-7,2.538565230294963e-7,2.346140078349109e-7,2.1715579008389117e-7,2.012874934648645e-7,1.8683893584331765e-7,1.736607574884225e-7,1.616215673576971e-7,1.5060552074420203e-7,1.4051025723871862e-7,1.3124514058557102e-7
7.767818189132585e-5,6.158884999191682e-5,4.861450228323506e-5,3.842153734143124e-5,3.0503860366860732e-5,2.4372451686597477e-5,1.9616174910776523e-5,1.5909958463999194e-5,1.3004319548194574e-5,1.0710452728964648e-5,8.88622845738284e-6,7.42467673359268e-6,6.2450600684692555e-6,5.286153975299736e-6,4.501261748406956e-6,3.854538658490714e-6,3.31828502195085e-6,2.870949234094939e-6,2.495649159534784e-6,2.179072019366032e-6,1.910651324370061e-6,1.6819473929562143e-6,1.4861782013697984e-6,1.3178618499775805e-6,1.172542381852605e-6,1.0465782196939272e-6,9.369779294049095e-7,8.41271968845205e-7,7.574119613848215e-7,6.83691146286416e-7,6.186812152095939e-7,5.61181898576819e-7,5.101805261835253e-7,4.648194316480744e-7,4.243695566916508e-7,3.882089799111211e-7,3.5580537564859156e-7,3.267016237685792e-7,3.0050395684942796e-7,2.768721595051095e-7,2.5551143423720105e-7,2.3616562608559574e-7,2.1861155945171437e-7,2.0265428863070065e-7,1.881231017135306e-7,1.748681478239839e-7,1.6275758184043024e-7,1.516751401294691e-7,1.4151807640236052e-7,1.321953993845616e-7
7.608948353657037e-5,6.053459357832107e-5,4.791946665669787e-5,3.796428674639755e-5,3.020316925351035e-5,2.4174880851968574e-5,1.9486761762550543e-5,1.5825809751809898e-5,1.2950377729776571e-5,1.0676750710070871e-5,8.866121360502605e-6,7.413702642942096e-6,6.24020278849119e-6,5.285362713042141e-6,4.5031356649675716e-6,3.858117910226843e-6,3.3229111298554796e-6,2.87617097807897e-6,2.5011586332612496e-6,2.1846608440596035e-6,1.916180453315246e-6,1.687326154624813e-6,1.4913496721724091e-6,1.3227925955645877e-6,1.1772152340565572e-6,1.050987176063197e-6,9.411245452532494e-7,8.45162803995272e-7,7.610567754063401e-7,6.871016268018919e-7,6.218700868741128e-7,5.641623043955611e-7,5.129656038120273e-7,4.674220292309129e-7,4.268020483723025e-7,3.904831522735888e-7,3.579323643357543e-7,3.2869188527350124e-7,3.0236726463295045e-7,2.7861761660661495e-7,2.571474967352789e-7,2.3770013335946357e-7,2.2005176835600307e-7,2.0400690954322176e-7,1.8939433503285414e-7,1.7606371994276204e-7,1.638827799462633e-7,1.5273484542056712e-7,1.4251679547429676e-7,1.3313729366470578e-7
7.453279303112613e-5,5.9496065988850764e-5,4.7231414159655405e-5,3.7509504792165455e-5,2.990272211340252e-5,2.3976535501075495e-5,1.9356175035719035e-5,1.5740396097232496e-5,1.2895224099777874e-5,1.0641950450819146e-5,8.845047815438958e-6,7.401891841319309e-6,6.2346275856778025e-6,5.283958260374405e-6,4.5044867968967646e-6,3.861251476494125e-6,3.327156860625548e-6,2.88106747729717e-6,2.506389346419718e-6,2.190010108467504e-6,1.9215031181823724e-6,1.6925264456576775e-6,1.4963664032470371e-6,1.327588770158732e-6,1.1817707034482674e-6,1.0552934394308773e-6,9.451810591580378e-7,8.489743609028521e-7,7.646316427072266e-7,6.904502288420207e-7,6.250040758436521e-7,5.670939102672246e-7,5.15707184756199e-7,4.699857660635829e-7,4.29199742351819e-7,3.927260968413367e-7,3.60031269504079e-7,3.306568392164738e-7,3.042077212745735e-7,2.80342401081069e-7,2.5876482283740927e-7,2.3921762874135454e-7,2.21476504422545e-7,2.0534543387517403e-7,1.906527048063923e-7,1.7724753528249672e-7,1.6499721649002478e-7,1.5378468562230377e-7,1.4350645835079312e-7,1.3407086282059762e-7
7.300765042570987e-5,5.8473240004551695e-5,4.655046619752339e-5,3.7057342833610074e-5,2.9602657046831235e-5,2.3777528841516107e-5,1.9224503295688977e-5,1.5653785342383092e-5,1.2838910198212153e-5,1.0606091055011594e-5,8.823037568329822e-6,7.3892670669575905e-6,6.228351948303237e-6,5.281954159578658e-6,4.505325705604946e-6,3.863947653272281e-6,3.3310287771837948e-6,2.885643959807969e-6,2.5113454918068014e-6,2.1951231969857365e-6,1.926622067878631e-6,1.697550512139259e-6,1.501230240312853e-6,1.3322518987528837e-6,1.1862100565870944e-6,1.0594980669458272e-6,9.491483576661358e-7,8.527073864107046e-7,7.681371951613989e-7,6.93737489218634e-7,6.280836399704369e-7,5.69977108173516e-7,5.184056058169705e-7,4.725109325359838e-7,4.315628898350087e-7,3.949380316128945e-7,3.6210228091266694e-7,3.3259665125930964e-7,3.06025471806072e-7,2.8204664024294583e-7,2.603635245961264e-7,2.407182110985681e-7,2.2288585509548304e-7,2.0666993914730123e-7,1.918982799117899e-7,1.7841965517384422e-7,1.6610094619642096e-7,1.5482470966351427e-7,1.4448710886397618e-7,1.3499614619260952e-7
7.151358601690596e-5,5.746607261406763e-5,4.587673068875248e-5,3.6607942472663847e-5,2.9303105545869503e-5,2.357796971678521e-5,1.909183224534209e-5,1.556604344619267e-5,1.278148631604377e-5,1.0569210788969687e-5,8.800119796950079e-6,7.375850667500472e-6,6.221393092847908e-6,5.279363761493163e-6,4.505662816069042e-6,3.8662146382216705e-6,3.33453337084791e-6,2.88990560099758e-6,2.5160312231074546e-6,2.2000034647094383e-6,1.9315400291762543e-6,1.7024005833004916e-6,1.5059430161614782e-6,1.3367834963544211e-6,1.1905345522685288e-6,1.0636021096828566e-6,9.530273225444887e-7,8.563626235792451e-7,7.715740616341434e-7,6.969639423385333e-7,6.311092351751804e-7,5.728122885380548e-7,5.210612025331429e-7,4.749978180115847e-7,4.338917411887997e-7,3.971191739004023e-7,3.641455877564362e-7,3.345114865986198e-7,3.0782066087448213e-7,2.8373046108762343e-7,2.619437137986057e-7,2.42201979077172e-7,2.2427990763408532e-7,2.0798050272550906e-7,1.9313112909673855e-7,1.7958014083818267e-7,1.6719402369809842e-7,1.5585496639535024e-7,1.4545879078032112e-7,1.359131830655529e-7
7.00501219596857e-5,5.647450619348471e-5,4.521030278089097e-5,3.616143596158838e-5,2.9004192714956496e-5,2.337796272609976e-5,1.8958244790404124e-5,1.5477234520410136e-5,1.2723001515242826e-5,1.053134709282763e-5,8.776323117127977e-6,7.361664603667556e-6,6.213767966094556e-6,5.276200226703578e-6,4.505508417498501e-6,3.8680605310432854e-6,3.33767706151245e-6,2.8938575236590697e-6,2.520450654915739e-6,2.2046542374217014e-6,1.936259706684862e-6,1.7070788714838566e-6,1.5105065506199648e-6,1.3411850679489877e-6,1.1947454414902791e-6,1.0676066126117981e-6,9.568188307524221e-7,8.599408116619938e-7,7.749428679605328e-7,7.001301201846102e-7,6.340813154306185e-7,5.75599840212034e-7,5.236743091689382e-7,4.774467108166026e-7,4.36186545932834e-7,3.992697403214265e-7,3.661613786590068e-7,3.364015099596121e-7,3.0959343273669374e-7,2.853939902866632e-7,2.635055019625322e-7,2.436690310983908e-7,2.2565874910957225e-7,2.0927720181807645e-7,1.9435132097652614e-7,1.8072905338545344e-7,1.6827650353374067e-7,1.5687550458959924e-7,1.464215477991624e-7,1.3682201266735799e-7
6.861677375582555e-5,5.5498469621657286e-5,4.4551265537173325e-5,3.571794659366326e-5,2.8706037486344174e-5,2.31776083422171e-5,1.8823821104089096e-5,1.5387420865389844e-5,1.266350364881634e-5,1.0492536591866886e-5,8.751675589217415e-6,7.346730452973081e-6,6.205493247268542e-6,5.272476526769429e-6,4.504872664028661e-6,3.869493333859739e-6,3.3404661978468272e-6,2.897504798083782e-6,2.5246078627650637e-6,2.2090788115896396e-6,1.940783782829513e-6,1.7115875721128191e-6,1.5149226505171599e-6,1.3454581084669463e-6,1.1988439674204623e-6,1.0715126145682766e-6,9.60523754415273e-7,8.634426860821081e-7,7.782442369247013e-7,7.032365522976548e-7,6.370003327455965e-7,5.783401504603557e-7,5.262452587019087e-7,4.798578982294755e-7,4.3844755273030924e-7,4.013899467909909e-7,3.681498416657554e-7,3.382668855900362e-7,3.113439312541648e-7,2.870373541831897e-7,2.6504900033206273e-7,2.4511946535506237e-7,2.2702246640201394e-7,2.105601134729319e-7,1.9555892403163845e-7,1.818664538120449e-7,1.6934844014619963e-7,1.5788637293703138e-7,1.4737542355123137e-7,1.3772267416777613e-7
6.7213051626019e-5,5.453787933388181e-5,4.389969059450683e-5,3.527758908149602e-5,2.8408752830417363e-5,2.297700302721885e-5,1.868863869099049e-5,1.5296663005642643e-5,1.2603039380802528e-5,1.0452815107882479e-5,8.726204724619931e-6,7.331069413493114e-6,6.196585350219586e-6,5.268205445484019e-6,4.503765575440285e-6,3.870520951616572e-6,3.3429070575089443e-6,2.9008524421647404e-6,2.5285068831676233e-6,2.213280454367576e-6,1.945114917834192e-6,1.7159288636655449e-6,1.5191931096534375e-6,1.349604102752446e-6,1.2028313653678725e-6,1.0753211482261052e-6,9.641429607993452e-7,8.668689784099605e-7,7.814787882399673e-7,7.062837657588582e-7,6.398667371497327e-7,5.810336049482089e-7,5.287743828112277e-7,4.822316664706589e-7,4.4067500937908097e-7,4.034800085138154e-7,3.7011116423704536e-7,3.401077772542766e-7,3.1307229988775915e-7,2.886606787873772e-7,2.665743198738691e-7,2.4655337980817253e-7,2.2837114619728112e-7,2.1182931457497082e-7,1.9675400660539664e-7,1.8299240299871207e-7,1.7040988788065864e-7,1.5888762004577555e-7,1.483204615972163e-7,1.3861520667710367e-7
6.583846177305949e-5,5.3592640316701874e-5,4.32556387937309e-5,3.4840469923168905e-5,2.811244596090863e-5,2.277623934623723e-5,1.8552772450193844e-5,1.5205019725130948e-5,1.2541654206213816e-5,1.0412217670572537e-5,8.69993749235098e-6,7.314702307677783e-6,6.18706042564261e-6,5.263399580166087e-6,4.502197037904199e-6,3.87115119250295e-6,3.3450058473737307e-6,2.903905421511575e-6,2.532151713662718e-6,2.217262403607107e-6,1.9492557497106573e-6,1.7201049076527494e-6,1.5233197087736647e-6,1.353624525535069e-6,1.2067088627542775e-6,1.0790332400713041e-6,9.67677312288115e-7,8.702204163417284e-7,7.846471385297838e-7,7.092722851729684e-7,6.426809766786095e-7,5.83680587728092e-7,5.312620118663449e-7,4.845683006927079e-7,4.428691628030016e-7,4.055401399767592e-7,3.7204553324162837e-7,3.4192434822758555e-7,3.1477868169270317e-7,2.902640897720326e-7,2.6808157127326965e-7,2.4797087218345654e-7,2.2970487498406382e-7,2.130848818434321e-7,1.979366369016465e-7,1.841069617085346e-7,1.7146090098282753e-7,1.5987929443972003e-7,1.492567054263472e-7,1.3949964924492492e-7
6.449250754307632e-5,5.266264704653763e-5,4.2619160783011863e-5,3.440668775644463e-5,2.7817218535036314e-5,2.2575406079105807e-5,1.8416294737587406e-5,1.5112548102289526e-5,1.2479392470916808e-5,1.037077852894247e-5,8.672900325644627e-6,7.297649586204546e-6,6.176934363335095e-6,5.258071342981503e-6,4.500176804749753e-6,3.871391768391039e-6,3.3467687037762226e-6,2.906668649576632e-6,2.5355463128737424e-6,2.221027867873827e-6,1.9532088942524743e-6,1.7241178485996319e-6,1.5273042155433546e-6,1.3575208414039352e-6,1.2104776790886735e-6,1.0826499103776696e-6,9.711276663597303e-7,8.734977236790175e-7,7.877499013095083e-7,7.122026326521251e-7,6.454434973595046e-7,5.862814812272835e-7,5.337084749159936e-7,4.868680849706611e-7,4.450302590435184e-7,4.075705549414688e-7,3.739531349502156e-7,3.4371676129045523e-7,3.164632193136604e-7,2.918477124682803e-7,2.695708649304419e-7,2.4937203996807576e-7,2.3102373905094543e-7,2.1432689182932306e-7,1.9910688298248612e-7,1.8521019058491262e-7,1.7250153359717074e-7,1.6086144455694668e-7,1.5018419845500492e-7,1.4037604085887706e-7
6.317469049142078e-5,5.1747784374747856e-5,4.199029759523654e-5,3.3976333701261334e-5,2.7523166848600214e-5,2.237458832991914e-5,1.827927542734992e-5,1.5019303544755423e-5,1.2416297391436536e-5,1.0328531162715767e-5,8.645119128591414e-6,7.279931331869284e-6,6.166222794488635e-6,5.252232962293567e-6,4.497714497256149e-6,3.871250295293305e-6,3.348201692768535e-6,2.9091469877918607e-6,2.538694600573478e-6,2.2245800264705743e-6,1.9569769450340988e-6,1.7279698140317174e-6,1.5311483845279141e-6,1.3612945047842923e-6,1.2141390259434939e-6,1.0861721731839063e-6,9.744948755657103e-7,8.767016203094526e-7,7.907876869689518e-7,7.150753278003157e-7,6.481547431976515e-7,5.888366662357249e-7,5.361140996775545e-7,4.891313022927136e-7,4.4715854325149297e-7,4.095714664372249e-7,3.7583415502921007e-7,3.454851787231343e-7,3.18126054979924e-7,2.9341167186134484e-7,2.7104231095671894e-7,2.507569804073602e-7,2.32327824483537e-7,2.1555542091289284e-7,2.0026481276603974e-7,1.863021501495995e-7,1.7353183976516615e-7,1.6183411874818632e-7,1.511029840253517e-7,1.412444204434353e-7
6.188451135943478e-5,5.0847928361640705e-5,4.136908120025283e-5,3.3549491690753095e-5,2.7230382026075567e-5,2.217386763449025e-5,1.8141781972596343e-5,1.4925339823790195e-5,1.235241107467394e-5,1.0285508293743488e-5,8.616619282804286e-6,7.261567263511637e-6,6.1549410940124034e-6,5.24589648404009e-6,4.49481960546549e-6,3.870734293836998e-6,3.349310810390246e-6,2.911345245716148e-6,2.541600457757546e-6,2.2279220294669465e-6,1.960562473414868e-6,1.7316629144645815e-6,1.5348539571748944e-6,1.3649469599164615e-6,1.2176941069326921e-6,1.0896010362722392e-6,9.777797875108585e-7,8.798328221882457e-7,7.937611027557277e-7,7.178908876984894e-7,6.508151561630105e-7,5.913465218943439e-7,5.384792125267692e-7,4.913582345511753e-7,4.492542596792762e-7,4.115430867539803e-7,3.776887785346111e-7,3.4722976230027615e-7,3.197673305007201e-7,2.949560925864265e-7,2.724960191709686e-7,2.5212579050162445e-7,2.336172171616746e-7,2.1677054530116153e-7,2.0141049402427315e-7,1.8738290080076873e-7,1.7455187342359604e-7,1.6279736527530416e-7,1.520131054039883e-7,1.4210482685871617e-7
6.062147096798347e-5,4.9962947061863937e-5,4.07555350327985e-5,3.3126238791037685e-5,2.6938950205750907e-5,2.1973322065698646e-5,1.800387946516399e-5,1.4830709108380191e-5,1.2287774537525557e-5,1.0241741897405357e-5,8.5874256541075e-6,7.242576739971204e-6,6.1431043828862545e-6,5.239073773136054e-6,4.491501489016566e-6,3.8698511897549874e-6,3.350101982951663e-6,2.913268181192685e-6,2.5442677267256306e-6,2.2310569977349174e-6,1.963968028547774e-6,1.7351992433972797e-6,1.5384226617992043e-6,1.368479640837118e-6,1.221144117691676e-6,1.0929375011485104e-6,9.809832448343637e-7,8.828920413207088e-7,7.96670752759356e-7,7.206498268902731e-7,6.534251761775436e-7,5.938114256837729e-7,5.408041384877825e-7,4.935491625337063e-7,4.5131765167299817e-7,4.1348562743559754e-7,3.795171899060682e-7,3.4895067328572117e-7,3.2138718726062665e-7,2.9648109892467684e-7,2.739320990960491e-7,2.5347856700304657e-7,2.3489200275666575e-7,2.1797234102549173e-7,2.0254399438085044e-7,1.8845250281112134e-7,1.7556168840286864e-7,1.6375123230981148e-7,1.5291460578063034e-7,1.4295729889930366e-7
5.938507103329646e-5,4.909270126351649e-5,4.0149674496946676e-5,3.270664551001575e-5,2.664895271996089e-5,2.177302633672346e-5,1.7865630694524336e-5,1.4735461999000763e-5,1.2222427726395156e-5,1.0197263213995178e-5,8.557562599243945e-6,7.22297876407154e-6,6.130727530541396e-6,5.2317765149001e-6,4.4877693779982874e-6,3.868608314392518e-6,3.350581067329552e-6,2.9149205005160803e-6,2.5467002111703563e-6,2.2339880229904175e-6,1.9671961373928486e-6,1.7385808773094293e-6,1.5418562135711745e-6,1.3718939713628274e-6,1.224490245859041e-6,1.0961825630237158e-6,9.84106085192034e-7,8.858799857456888e-7,7.995172378961169e-7,7.233526573683099e-7,6.559852411029996e-7,5.96231753413491e-7,5.430892012235344e-7,4.957043659148369e-7,4.533489616650995e-7,4.153992992732735e-7,3.813195729611041e-7,3.5064807242741767e-7,3.229857662151048e-7,2.9798681479926407e-7,2.7535065995534765e-7,2.5481540641261777e-7,2.3615226672860146e-7,2.191608839392129e-7,2.036653813090329e-7,1.895110163260245e-7,1.765613384253692e-7,1.6469576793140313e-7,1.5380752826680985e-7,1.4380187529309233e-7
5.817481491034593e-5,4.823704518323638e-5,3.9551507447883065e-5,3.2290776095432424e-5,2.6360466270469092e-5,2.1573051902161e-5,1.772709620580653e-5,1.4639647561031668e-5,1.215640953658791e-5,1.0152102760083685e-5,8.52705397259601e-6,7.202791986628777e-6,6.117825157266435e-6,5.224016216503652e-6,4.483632373821926e-6,3.867012905228867e-6,3.3507538512747535e-6,2.9163068586088257e-6,2.5489016762734443e-6,2.23671816784062e-6,1.9702493047350903e-6,1.741809875661844e-6,1.5451563145074422e-6,1.3751913650758189e-6,1.2277336710600726e-6,1.099337210796942e-6,9.871491412396727e-7,8.887973595199273e-7,8.023011558946465e-7,7.259998885611836e-7,6.584957867291702e-7,5.986078792113549e-7,5.453347230264659e-7,4.978241232477491e-7,4.553484311670796e-7,4.1728431229915e-7,3.830961108894869e-7,3.5232211995246423e-7,3.245632078861363e-7,2.994733637715333e-7,2.7675181066939456e-7,2.5613640497715674e-7,2.3739809432371912e-7,2.2033624971529317e-7,2.0477472212962032e-7,1.9055850136168698e-7,1.7755087710384312e-7,1.6563102012652068e-7,1.5469191589459827e-7,1.4463859470015138e-7
