0.00022860286350964595,0.00023092208788309983,0.00023247092931010955,0.00023420555680365993,0.00023723188343757507,0.0002420939148752239,0.00024853902696234326,0.00025612805371015514,0.00026449254621248265,0.00027314903125502736,0.00028181039723512366,0.00028977012787018657,0.0002966514111886157,0.0003021743053388891,0.00030577726673989723,0.0003073446021859696,0.00030692737691054924,0.0003046536660080724,0.0003007028685529055,0.000295284031286136,0.0002886186404656541,0.0002809277081939046,0.00027242264512222314,0.00026329927588706004,0.00025373434020725574,0.00024388387666627852,0.00023388297159673084,0.00022384644973749804,0.00021387017365418303,0.0002040326988814364,0.00019439709891857457,0.00018501282846343175,0.00017591753570624777,0.0001671387667686939,0.00015869552923978845,0.00015059969891760997,0.00014285726580302654,0.00013546942336352218,0.00012843351011200302,0.00012174381543512486,0.00011539226298367186,0.00010936898527830274,0.00010366280284071448,9.826162039087593e-5,9.315275163975451e-5,8.83231830828115e-5,8.37597860496684e-5,7.944948514678263e-5,7.53793901776852e-5,7.153689765889619e-5
0.00021072699636293937,0.00021304782657890377,0.00021451382989338258,0.00021614883230671773,0.0002188764976255252,0.00022328426025976068,0.00022922819999701157,0.00023635244074415315,0.0002443425129109668,0.0002527361724348613,0.0002612305199223811,0.0002691889901752872,0.00027623649685181215,0.000282108610138816,0.00028626413599098556,0.00028855583450818496,0.0002889996261834537,0.00028768784175665056,0.0002847661115068906,0.00028041327684290513,0.0002748249907244328,0.0002682010444311687,0.0002607360979187849,0.00025261331865076176,0.00024400038296747763,0.0002350473152140183,0.00022588569861622585,0.00021662886591189952,0.0002073727534608703,0.00019819717249986888,0.00018916731187016157,0.000180335336867026,0.0001717419891790646,0.00016341812425442974,0.00015538614618904682,0.0001476613177523829,0.00014025293572235694,0.0001331653704028159,0.00012639897397326408,0.00011995086592440216,0.00011381560586014105,0.00010798576485846395,0.00010245240673016084,9.720549015741391e-5,9.223420202466779e-5,8.752723140934509e-5,8.307299277571269e-5,7.88598059768971e-5,7.487603976033289e-5,7.111022461706773e-5
0.0001945068600067214,0.00019682895933721302,0.00019824820459437867,0.00019979547072500252,0.00020228514434161014,0.00020623119870455777,0.00021171571867479498,0.00021836873800681674,0.00022596638904372196,0.00023405705306920853,0.00024232411080895563,0.0002502073552455449,0.000257337266362218,0.0002634495548536403,0.00026803842604748674,0.0002709284055646776,0.0002721053948523793,0.00027163015969691745,0.0002696177301130163,0.00026621895556285706,0.0002616050363905368,0.00025595524120348805,0.00024944764727036797,0.0002422525425046965,0.0002345280469882306,0.0002264175052060619,0.00021804823529830776,0.00020953127699554846,0.00020096184167355826,0.00019242022796977785,0.0001839730203319748,0.00017567443388649597,0.0001675677067960983,0.00015968647134599666,0.00015205605828185094,0.000144694706497267,0.00013761466308897835,0.0001308231680273574,0.00012432332405856088,0.00011811485665332662,0.00011219477140503703,0.00010655791769779791,0.00010119746805607137,9.610532261121209e-5,9.127244777144316e-5,8.668915760300809e-5,8.23453457240067e-5,7.823067475066116e-5,7.433472956755961e-5,7.064713995086716e-5
0.0001797633143444264,0.00018207714064734853,0.00018348351761282052,0.00018493916788397556,0.0001872109473844834,0.000190757034902891,0.00019579943985345658,0.0002020014974068093,0.0002091850859430016,0.0002169480843543624,0.00022494577633404641,0.00023269516905627041,0.00023983440094760636,0.0002460990829428846,0.00025101875710391243,0.0002543966492552398,0.00025619330087403293,0.000256441831375554,0.0002552297448795746,0.0002526821411817147,0.00024894726025185984,0.0002441847068307821,0.00023855632750238191,0.0002322194971606756,0.0002253224683274971,0.00021800140685662128,0.00021037875212005398,0.0002025625782493192,0.0001946466817026987,0.0001867111708031203,0.00017882338004353762,0.0001710389734426075,0.0001634031361719187,0.00015595178211866607,0.00014871272755256115,0.0001417067984214086,0.00013494885185575425,0.00012844870203293444,0.00012221194736322766,0.00011624070063895927,0.00011053422684779625,0.00010508949521070574,9.990165299254708e-5,9.496442900407858e-5,9.027047466276328e-5,8.581165015157298e-5,8.157926271697841e-5,7.756426355649465e-5,7.375740911675753e-5,7.014939199214615e-5
0.0001663393347477077,0.000168636709896265,0.0001700565142345634,0.00017141036993875835,0.00017348999195564084,0.00017668147755809974,0.0001813091602710491,0.000187074661358179,0.00019384475891330897,0.00020126342324326387,0.00020896295501594023,0.000216532738603235,0.00022362042862371546,0.00022996510039936753,0.00023512772379133984,0.00023889721788755757,0.0002412129627907966,0.00024208406748420022,0.00024157345234913208,0.0002397826936082745,0.00023683862893733034,0.00023288217624797675,0.00022805945036889682,0.00022251503765901388,0.00021638716844800464,0.00020980447863550505,0.00020288404879137054,0.0001957304325622636,0.00018843542285303151,0.0001810783454612999,0.00017372671033010043,0.00016643708743893103,0.00015925610624078733,0.000152221504119953,0.00014536317081806016,0.00013870415268078183,0.00013226159356575167,0.00012604759899248033,0.00012007001723252798,0.00011433313608597607,0.00010883829753805281,0.00010358443472541111,9.856853697733195e-5,9.378604937980542e-5,8.923121353135216e-5,8.489735606454445e-5,8.077713120586754e-5,7.686272321942118e-5,7.314601408521111e-5,6.961872124142025e-5
0.0001540969704420561,0.00015637592640653015,0.00015780466128431742,0.00015906848361060453,0.00016097873455817247,0.0001638934474903237,0.00016810587198048659,0.0001734478871628741,0.00017981594845978678,0.00018687290839664811,0.00019425488040816736,0.0002016100526026498,0.00020859708779223887,0.00021496133054389277,0.000220291951198496,0.0002243692751938102,0.00022711527553715877,0.0002285183940087111,0.00022861975055708786,0.0002274995725933857,0.00022526488170794445,0.00022203896790176262,0.0002179528273867055,0.00021313851240281067,0.00020772421004858958,0.00020183080401827222,0.0001955696555016314,0.00018904134984809384,0.0001823351813604844,0.00017552918122400418,0.00016869052763051294,0.00016187620939304428,0.00015513384306383931,0.0001485025680819278,0.00014201396471763444,0.0001356929558410246,0.00012955866628550346,0.0001236252233358153,0.00011790248916533008,0.00011239672136181196,0.00010711116143456652,0.00010204655374451756,9.720159893469276e-5,9.257334689719016e-5,8.81575347796936e-5,8.394887565426687e-5,7.99413033535885e-5,7.61281787077196e-5,7.25024620489558e-5,6.905685643746429e-5
0.0001429147577758317,0.00014517008759971228,0.00014660878948910083,0.0001477979283035788,0.00014955116795311484,0.00015222371208222982,0.0001560492007692126,0.00016101083670385519,0.00016697887610441707,0.00017365898791932361,0.00018071159263278186,0.00018782610473317248,0.00019467335457237168,0.00020100711935484497,0.00020644208828850984,0.00021075462322749737,0.00021385262309350293,0.00021570691199577021,0.0002163394166471797,0.00021581111246662038,0.00021421078872969023,0.000211645217578359,0.00020823097539244303,0.0002040879395347286,0.0001993343452712987,0.00019408321369609902,0.0001884399319143821,0.0001825007658330809,0.00017635210195531808,0.0001700702393282295,0.00016372158074604522,0.0001573631000250874,0.0001510429876776751,0.00014480139965447657,0.000138671252684853,0.00013267902520152015,0.00012684553518620858,0.00012118667591503953,0.00011571409794139367,0.00011043583113973273,0.00010535684461640615,0.00010047954509420314,9.580421626623629e-5,9.132940281325947e-5,8.705224346472828e-5,8.296875779851649e-5,7.907409152635718e-5,7.536272488535973e-5,7.182864851315968e-5,6.846551087186687e-5
0.00013268551627873302,0.00013491176533693525,0.00013635572000611753,0.00013751180354610142,0.00013909641642333425,0.00014155271267481427,0.00014505543351746292,0.00014963604082448596,0.00015521878078211232,0.00016151548363880252,0.00016823300714097268,0.0001750882324297488,0.00018176502040635292,0.00018802720592829973,0.00019351275224854336,0.0001979977746224116,0.00020137903706239128,0.00020361250767172705,0.0002047033413313341,0.00020469526096363118,0.00020366038057501506,0.00020169008998039274,0.0001988873055006423,0.00019536017141970997,0.00019121715580195641,0.00018656340263785082,0.00018149816325985747,0.000176113119595699,0.0001704914193545351,0.00016470726084032533,0.00015882588733974576,0.00015290387440037965,0.00014698961564461971,0.00014112393287750132,0.00013534075362043414,0.00012966781373372122,0.00012412735462321583,0.00011873679393713288,0.00011350935597964064,0.00010845465363825072,0.00010357921776184346,9.888697292116235e-5,9.43796605796143e-5,9.00572121051761e-5,8.591807493264853e-5,8.195949567482e-5,7.817776418823333e-5,7.456842260731725e-5,7.112644323328547e-5,6.784637894937507e-5
0.00012331446716991136,0.00012550875652304582,0.0001269508967600764,0.0001280838588252146,0.0001295290272087804,0.0001317773724330159,0.00013498416159292586,0.00013923033679182846,0.0001444232682655245,0.00015034646574562985,0.00015672804529508566,0.00016331148029427266,0.00016979426560247184,0.00017595146985204243,0.00018144243518219153,0.00018604598023861532,0.00018965030935129832,0.00019219901918803532,0.00019368272472149344,0.00019412978519941932,0.00019359715084152357,0.00019216196906485876,0.0001899142958484393,0.0001869510471960823,0.00018337118455986513,0.0001792720415488438,0.00017474665300019933,0.00016988192931843583,0.0001647575191645728,0.0001594452147832093,0.00015400877125996995,0.00014850403025469305,0.0001429792579872612,0.0001374756251251444,0.0001320277720446975,0.00012666441645234865,0.00012140897156689355,0.00011628015214610992,0.00011129255283419383,0.00010645718888388008,0.00010178199353848067,9.727226949421389e-5,9.29310941227737e-5,8.875967970703818e-5,8.475769098675679e-5,8.092352295473431e-5,7.725454219087937e-5,7.374729515318702e-5,7.039768682480471e-5,6.720113299354277e-5
0.0001147176238337147,0.00011688130037473798,0.00011831195901510391,0.00011942339480282738,0.0001207645122571544,0.00012282060155974773,0.00012576256358571512,0.00012967909536932892,0.00013450396685146885,0.00014006523221841502,0.00014611382841536356,0.00015241799411825228,0.00015868923734920542,0.00016471466488399586,0.0001701733826632285,0.00017484922086184976,0.00017862406626329704,0.00018143136576547928,0.00018324923783683236,0.0001840924478057817,0.0001840042338543296,0.00018304862829336119,0.00018130364867675018,0.00017885553352319628,0.00017579405882606864,0.000172208882405654,0.0001681868116560073,0.00016380986580507212,0.00015915399774918133,0.0001542883460982591,0.00014927490030519123,0.0001441684771629337,0.00013901692321305098,0.0001338614732712951,0.00012873720951904553,0.00012367357804491552,0.00011869493024188133,0.00011382106513883633,0.0001090677557352614,0.00010444724792353161,9.996872484681227e-5,9.563873276578966e-5,9.146156688955286e-5,8.74396173358786e-5,8.357367656947064e-5,7.986321044453753e-5,7.63065954491998e-5,7.29013249930049e-5,6.964418765787379e-5,6.65314202959781e-5
0.0001068224657157375,0.0001089570994936368,0.00011037055495753358,0.00011146276606682134,0.000112714535294877,0.00011459801112086821,0.00011729096514383732,0.00012090207669796278,0.0001253873652633095,0.0001305933862665177,0.00013631493484271733,0.00014233644916036625,0.00014838363843954063,0.00015425614631403144,0.0001596514520113367,0.00016436017037965505,0.00016825981044761449,0.00017127564448938404,0.00017337515382170364,0.0001745611561607988,0.00017486455944350478,0.00017433738203814783,0.00017304643242299744,0.00017106785378886145,0.00016848260479028165,0.0001653728578646764,0.00016181924148514813,0.00015789882340215384,0.0001536837206866329,0.00014924022307615588,0.00014462832408954545,0.00013990156624398332,0.00013510712015835558,0.00013028603084255845,0.00012547357713764735,0.00012069970159279709,0.00011598947783652904,0.0001113635907012704,0.00010683881108305458,0.00010242845291286696,9.814280385872176e-5,9.398952464737948e-5,8.997401436099651e-5,8.609974087962026e-5,8.236853693799527e-5,7.878086315725215e-5,7.533603999205102e-5,7.203245087784455e-5,6.886771903214664e-5,6.583886040638046e-5
9.956507226410576e-5,0.00010167252822259149,0.00010306389792396332,0.00010413278446259633,0.000105317168536989,0.00010703204999125754,0.00010950086263649006,0.00011282695601183731,0.00011699293281110487,0.00012186060659849205,0.00012726271813396744,0.0001330015145490731,0.0001388163311140884,0.0001445195977160486,0.00014982595671499983,0.00015453413673712218,0.00015851893636136146,0.00016169919948870866,0.00016403345261474135,0.0001655140875084522,0.0001661609867707515,0.000166015219440313,0.0001651332095917708,0.00016358160614743256,0.00016143295360596604,0.0001587621744445852,0.00015564381679568584,0.00015214998804096585,0.00014834887950464782,0.00014430378394275262,0.00014007251170934228,0.0001357071201258463,0.00013125388140496793,0.00012675342594222684,0.0001222410089028768,0.00011774685822561851,0.00011329657114991318,0.00010891153405526751,0.00010460934680469709,0.00010040423800756623,9.630746179223908e-5,9.232766995229934e-5,8.847125584573987e-5,8.474266831853098e-5,8.114469531187267e-5,7.767871779960016e-5,7.434493537595145e-5,7.114256524653768e-5,6.807001662578082e-5,6.512504265951786e-5
9.28867528281181e-5,9.495631706071823e-5,9.633534986039205e-5,9.737150761313761e-5,9.849585304450061e-5,0.00010006117609152874,0.00010232754413986886,0.00010538925377222597,0.00010925588076651461,0.00011380500265078497,0.00011889889041341703,0.00012435335436944352,0.00012993095898920383,0.00013545276142159495,0.00014064950219735452,0.00014532898597873235,0.00014936472415249955,0.00015267066772705357,0.00015519790250134185,0.00015692979260896063,0.00015787641912912075,0.00015806892203667136,0.00015755415123179062,0.0001563898708423902,0.0001546406391328109,0.0001523743994702914,0.00014965975975475334,0.00014656390218621189,0.00014315104644042434,0.00013948138233447425,0.00013561038894961325,0.00013158846292570377,0.0001274607870454538,0.00012326737974630982,0.00011904327581090293,0.00011481879755981158,0.00011061988405005776,0.0001064684529101309,0.00010238277548646665,9.837785098563429e-5,9.446576936421769e-5,9.065605595887841e-5,8.695599338214356e-5,8.337091815081384e-5,7.990449096959553e-5,7.655894065641682e-5,7.333528244862562e-5,7.023351193882746e-5,6.725277621169386e-5,6.439152393439359e-5
8.67341267034925e-5,8.875671224617961e-5,9.01205307208184e-5,9.113129348028716e-5,9.219782991695898e-5,9.363454205977644e-5,9.571280734233947e-5,9.853110741277431e-5,0.00010211782275874969,0.00010636507823948079,0.0001111664852225679,0.0001163371650458655,0.00012167730021791488,0.00012700717592597068,0.0001320778170782237,0.00013670505380635232,0.00014076231619762907,0.0001441600051528771,0.00014684312167102736,0.00014878728038509174,0.00014999390156443317,0.00015048516646550447,0.00015029913888471575,0.00014948530732872463,0.00014810068761790608,0.0001462065418396025,0.00014386571162460646,0.00014114052653980033,0.00013809122702683664,0.00013477483144270754,0.00013124437480643004,0.00012754845002871363,0.00012373098859655071,0.00011983122539015122,0.00011588380048684645,0.00011191895878170351,0.0001079628156236675,0.00010403766321760591,0.00010016229819660237,9.63523555305352e-5,9.262063786334456e-5,8.897743254729437e-5,8.543081116455355e-5,8.198690829237001e-5,7.865017777067767e-5,7.542362585415242e-5,7.23090214483076e-5,6.930708420434527e-5,6.641765163327205e-5,6.363982664001897e-5
8.105219037497438e-5,8.302747700373195e-5,8.437372674381839e-5,8.537161661529118e-5,8.637592164911124e-5,8.770866014674388e-5,8.960599783811057e-5,9.220415796592684e-5,9.552609229899876e-5,9.948816678107028e-5,0.00010400851494364782,0.00010890365643497151,0.000114005965820573,0.00011913792253414838,0.00012406958320934614,0.00012862504832036604,0.00013267867991836264,0.00013613849650605397,0.00013894462259605748,0.00014106608584448757,0.00014249670307383864,0.0001432506135340492,0.00014335785488777007,0.0001428602417531805,0.0001418076996231959,0.00014025512673453012,0.00013825979941665088,0.00013587929840301128,0.00013316991035423211,0.00013018544664789827,0.00012697641713500606,0.00012358949747721062,0.00012006723288190654,0.00011644792708131179,0.00011276567222200054,0.00010905048224522836,0.00010532849890473907,0.000101622245533966,9.795090891720713e-5,9.433063410701038e-5,9.077482078703656e-5,8.729441286373725e-5,8.389817545603676e-5,8.059295542042614e-5,7.738392307902951e-5,7.427479398443041e-5,7.126803042397467e-5,6.836502299603672e-5,6.556625303094135e-5,6.287143692147074e-5
7.579911017262932e-5,7.772711475704779e-5,7.905389549999507e-5,8.003920487557854e-5,8.099562344257477e-5,8.222745210129227e-5,8.39616727356936e-5,8.636129898584873e-5,8.943313721788684e-5,9.312650718608445e-5,9.737779762771057e-5,0.00010200964335924875,0.0001068726061706162,0.0001118033828324483,0.00011658626702970646,0.0001210539469523502,0.00012508255995614674,0.0001285787516622761,0.000131478841754046,0.0001337463233693488,0.00013536838503165472,0.0001363519848871858,0.000136719861911595,0.0001365067453772279,0.00013575592454904032,0.0001345162644484765,0.00013283969800459487,0.0001307791866480808,0.00012838711690042295,0.00012571408650165097,0.0001228080272653628,0.00011971361080816929,0.00011647188572660486,0.00011312009929113845,0.0001096916622785833,0.00010621622146417988,0.00010271981007670964,9.922505189808971e-5,9.575139950744182e-5,9.231539136384976e-5,8.893091598726041e-5,8.560947446637855e-5,8.236043495022177e-5,7.919127473062105e-5,7.610780706314142e-5,7.311439106811344e-5,7.021412396109943e-5,6.740901553603094e-5,6.470014531039832e-5,6.208780307929466e-5
7.093730865736703e-5,7.281832087041545e-5,7.412416049688119e-5,7.509786430975779e-5,7.601011432690456e-5,7.716026895714822e-5,7.875814334014613e-5,8.095600782045541e-5,8.379598211896273e-5,8.723878144581342e-5,9.123132233904424e-5,9.560879507614855e-5,0.00010023660066941432,0.0001049650080019768,0.00010959195418437034,0.00011395889003388296,0.00011794442230464742,0.00012145469101736702,0.00012442315693945863,0.00012680872727756544,0.0001285928573799371,0.000129776128461381,0.00013037467260055478,0.0001304167045410096,0.00012993932813390875,0.00012898571353935163,0.00012760268777974875,0.00012583874329144778,0.0001237424438596644,0.0001213611919490632,0.00011874031345654423,0.00011592241320127622,0.00011294695532600278,0.00010985002589356488,0.00010666423934018358,0.00010341875538873608,0.00010013937805020205,9.684871313988775e-5,9.356636512410899e-5,9.030915800058273e-5,8.709136827206154e-5,8.392496090864549e-5,8.081982154538345e-5,7.778398007729711e-5,7.482382234844297e-5,7.194428784001943e-5,6.914905219705882e-5,6.644069414142379e-5,6.382084684272344e-5,6.129033419474828e-5
6.643297678142775e-5,6.826750502433336e-5,6.955186138181616e-5,7.0512822381985e-5,7.139194162315138e-5,7.246361150026609e-5,7.393663595525667e-5,7.595597861762034e-5,7.857646843698403e-5,8.179032044078955e-5,8.552986092819145e-5,8.966251400836094e-5,9.406053666074672e-5,9.858710054475713e-5,0.00010305318885538656,0.0001073090729670217,0.00011123639257751144,0.00011474152207084979,0.00011775589414935192,0.00012023468137735565,0.0001221544240051461,0.00012351007384414346,0.00012431181015784359,0.00012458188276874416,0.00012435165332989672,0.0001236589385483853,0.00012254570796575625,0.00012105615169589822,0.00011923510793473163,0.00011712682371386553,0.000114774013087013,0.00011221717282268913,0.00010949411517033886,0.00010663967913513251,0.00010368558499841234,0.00010066040086567636,9.758959432588023e-5,9.449564653905516e-5,9.139821002984288e-5,8.831429503798179e-5,8.52584724115915e-5,8.224308371660218e-5,7.927845149464795e-5,7.637308446704559e-5,7.353387399724765e-5,7.076627933426106e-5,6.807450011004336e-5,6.546163529707328e-5,6.292982838618711e-5,6.048039895293231e-5
6.22556481017624e-5,6.40443741973091e-5,6.53073287009648e-5,6.625372776489032e-5,6.710261948707832e-5,6.810400119086052e-5,6.946410913027425e-5,7.13256222586402e-5,7.374735100416437e-5,7.673739017186683e-5,8.023761679955505e-5,8.413542033447815e-5,8.830995338033294e-5,9.263660865050349e-5,9.693881885087275e-5,0.00010107563855772848,0.0001049321902226937,0.00010841570906103345,0.00011145632578913131,0.00011400623906334073,0.00011603781860580384,0.00011754107859000872,0.00011852086068476076,0.00011899397560928566,0.00011898647496459588,0.00011853116254602099,0.00011766540573732901,0.00011642927145818851,0.00011486398558516218,0.0001130106977958509,0.00011090952350291465,0.00010859882927045766,0.00010611472642423953,0.00010349073833483915,0.00010075760917814484,9.794322519115558e-5,9.507262305932729e-5,9.216806375977997e-5,8.92491537233717e-5,8.633299843537344e-5,8.34343764996063e-5,8.056592471869262e-5,7.773832689712365e-5,7.496050087609439e-5,7.223977979188654e-5,6.958208475015798e-5,6.699208706512992e-5,6.447335896220926e-5,6.20285122191968e-5,5.965932465546568e-5
5.837782640909782e-5,6.012156777887661e-5,6.13625464283967e-5,6.229359651689367e-5,6.311707041956861e-5,6.405564456123214e-5,6.531228431615435e-5,6.702836518942374e-5,6.92684121611509e-5,7.204879710174818e-5,7.532190726623148e-5,7.899507291629514e-5,8.295310516822384e-5,8.708293317172219e-5,9.121984717376293e-5,9.523157073474151e-5,9.900706017773775e-5,0.00010245493723105864,0.00010550466172501995,0.0001081061353376267,0.00011022823224163292,0.00011185666647179782,0.00011299151804463727,0.000113644658791524,0.00011383724860325342,0.00011359741478097206,0.00011295818130875829,0.00011195568006289335,0.00011062765074938147,0.00010901221905369393,0.00010714693146751493,0.00010506801904664037,0.00010280985967666129,0.00010040460822623154,9.788196541509712e-5,9.526905867409489e-5,9.259041125212522e-5,8.98679789927115e-5,8.712123733064214e-5,8.436730400097583e-5,8.162108562375193e-5,7.889543868775828e-5,7.620133749584214e-5,7.354804336277356e-5,7.094327079699561e-5,6.83933475787897e-5,6.590336660112378e-5,6.347732809749636e-5,6.111827147358686e-5,5.882839641407174e-5
5.477465943328453e-5,5.647433763233104e-5,5.769331781455349e-5,5.860924658251983e-5,5.9408114950821225e-5,6.0293713574349064e-5,6.145362252275857e-5,6.303646996185736e-5,6.510993902422574e-5,6.769436461313307e-5,7.075287633817632e-5,7.421171456138192e-5,7.796074287968e-5,8.1897746981164e-5,8.586929053227761e-5,8.97515905942706e-5,9.34377031883245e-5,9.683807306448008e-5,9.988203451132502e-5,0.00010251779198607775,0.00010471133364408448,0.0001064446585726106,0.00010771362197897552,0.00010852563025471091,0.00010889735402244601,0.00010885257371722045,0.00010842022917373245,0.0001076327114027173,0.00010652441007928865,0.00010513051286681163,0.00010348604117431074,0.00010162509999847248,9.958031599192342e-5,9.738243686702137e-5,9.5060065910236e-5,9.263950713704826e-5,9.014469900042332e-5,8.759721724110145e-5,8.501633019993918e-5,8.241909254478707e-5,7.982046580040586e-5,7.723345625699468e-5,7.46692627496365e-5,7.213742844710371e-5,6.964599217738897e-5,6.720163597048909e-5,6.480982644183521e-5,6.247494839910816e-5,6.0200429657286176e-5,5.7988856516203294e-5
5.142365237571164e-5,5.308026700599135e-5,5.427730356804447e-5,5.51778385949385e-5,5.595364639490507e-5,5.679073858413373e-5,5.7864360860158026e-5,5.9324801563150113e-5,6.124455929839946e-5,6.364648315637325e-5,6.650554279116286e-5,6.975803965080002e-5,7.330591238663798e-5,7.705482634512609e-5,8.086204504883982e-5,8.461205547758017e-5,8.820220578010825e-5,9.154512161774293e-5,9.457047994183078e-5,9.722531699815299e-5,9.947328326272387e-5,0.00010129319805123082,0.00010267719015794602,0.00010362864659003574,0.00010416013369885574,0.00010429140574744455,0.00010404757568905658,0.00010345749128085386,0.00010255233574317398,0.00010136445488756438,9.992640080324887e-5,9.82701746864584e-5,9.642664720628805e-5,9.442513305349e-5,9.229309629565642e-5,9.005596428982546e-5,8.773702973913507e-5,8.535742269353336e-5,8.293613664848546e-5,8.049009522690618e-5,7.803424813238041e-5,7.558168707339832e-5,7.314377414740605e-5,7.073027673047432e-5,6.834950424854191e-5,6.600844332390734e-5,6.371288871558722e-5,6.146756822636943e-5,5.927626035530194e-5,5.714190395368245e-5
4.830441593698534e-5,4.9919023096308985e-5,5.1094420761513395e-5,5.19795723334854e-5,5.273285854262852e-5,5.3525891845156e-5,5.452637334149248e-5,5.5872130785326135e-5,5.7648574353485685e-5,5.9880701027863366e-5,6.255448483849249e-5,6.560898226935717e-5,6.896401591998077e-5,7.25298938476544e-5,7.617475926356141e-5,7.979086159680563e-5,8.327997067665684e-5,8.655718189268524e-5,8.955291391484282e-5,9.221349918863251e-5,9.450074192249522e-5,9.639076934253863e-5,9.787244480078095e-5,9.894555440295732e-5,9.961892670517251e-5,9.990859987082836e-5,9.983611320185052e-5,9.942697002260242e-5,9.870929586695675e-5,9.77126989100903e-5,9.646732761426328e-5,9.50031126511446e-5,9.334917542710405e-5,9.153338318795792e-5,8.95820300560358e-5,8.751962391912893e-5,8.53687604265047e-5,8.315006713099974e-5,8.088220281225927e-5,7.85818990575146e-5,7.62640331503783e-5,7.394172315419048e-5,7.162643773465421e-5,6.932811472938106e-5,6.705528373739643e-5,6.481518907771657e-5,6.261391036700593e-5,6.045647870962978e-5,5.834698709794349e-5,5.628869410523098e-5
4.539844428151019e-5,4.6972138825508635e-5,4.8126898922670546e-5,4.899729560707255e-5,4.972908674373752e-5,5.0481856844407804e-5,5.1415814708288925e-5,5.265949838347088e-5,5.4300422152089664e-5,5.6375333721130274e-5,5.887445127224791e-5,6.174152309277093e-5,6.491300554779303e-5,6.830047233528714e-5,7.178571440446857e-5,7.52673505679888e-5,7.865164828981723e-5,8.185640103243257e-5,8.481310645940126e-5,8.746779886123848e-5,8.978087487401129e-5,9.172621248609287e-5,9.328983445478968e-5,9.446831707706303e-5,9.526709839059925e-5,9.569879861928876e-5,9.57816309233305e-5,9.55379523318562e-5,9.499298269496678e-5,9.417370289461465e-5,9.310793158512401e-5,9.18235715625962e-5,9.034801170283615e-5,8.870766755771981e-5,8.692764255858248e-5,8.503149184497793e-5,8.304107162006378e-5,8.097645832127842e-5,7.88559235549752e-5,7.669595250808338e-5,7.451129530169269e-5,7.23150424137078e-5,7.011871682368673e-5,6.793237689829721e-5,6.576472523196213e-5,6.362321968653315e-5,6.151418374544529e-5,5.944291402517352e-5,5.741378338525528e-5,5.543033856373683e-5
4.268891903388665e-5,4.422282003555227e-5,4.5357457630161074e-5,4.6212468496132965e-5,4.692419616068817e-5,4.764152174487836e-5,4.851426775773483e-5,4.9666309527929026e-5,5.1183748086049325e-5,5.311303997885661e-5,5.544459306342189e-5,5.813451340688877e-5,6.113049572002644e-5,6.434574931221408e-5,6.76747118025759e-5,7.102222008373087e-5,7.429906976901027e-5,7.742592798611003e-5,8.033565364462715e-5,8.297433524705979e-5,8.530135193294217e-5,8.728873321083425e-5,8.8920051475563e-5,9.018903739027986e-5,9.10980662066384e-5,9.165662550942296e-5,9.187984275288506e-5,9.17871245336627e-5,9.140093856016733e-5,9.074575319641222e-5,8.984713761149793e-5,8.873101724735239e-5,8.742307384241262e-5,8.594827599302647e-5,8.433052465252249e-5,8.259239760170968e-5,8.075497740096753e-5,7.883774835850584e-5,7.685854939622146e-5,7.483357119664622e-5,7.277738755224286e-5,7.07030123302741e-5,6.862197486039273e-5,6.654440781789258e-5,6.447914279902974e-5,6.243380976320791e-5,6.041493735477461e-5,5.8428051824210014e-5,5.6477772856733236e-5,5.456790509910555e-5
4.016053595495847e-5,4.165577483955196e-5,4.276959199880603e-5,4.360916560413069e-5,4.430304457800707e-5,4.498703427065324e-5,4.5804310763445925e-5,4.6872823367762616e-5,4.827914241110121e-5,5.007096246909843e-5,5.22458097090642e-5,5.477046835718021e-5,5.7597012531808535e-5,6.064645119572063e-5,6.382296726007545e-5,6.70374388563094e-5,7.020518197922438e-5,7.324986716937807e-5,7.61059479837834e-5,7.871987135445548e-5,8.105034432542714e-5,8.306790934237863e-5,8.475404570601709e-5,8.609997640390704e-5,8.710532202050648e-5,8.777670928860957e-5,8.812641225434616e-5,8.817107934722838e-5,8.79305797601601e-5,8.74269870569235e-5,8.668370629633587e-5,8.572474259699432e-5,8.45741033713308e-5,8.325532288001861e-5,8.179109580663426e-5,8.020300580789616e-5,7.851133510930147e-5,7.673494191059101e-5,7.489119342269192e-5,7.299594361318378e-5,7.106354607061525e-5,6.910689372459812e-5,6.713747842212146e-5,6.51654645260287e-5,6.319977175019648e-5,6.124816337029252e-5,5.931733674971139e-5,5.741301380326153e-5,5.5540029595558894e-5,5.370241774763507e-5
3.779935141417504e-5,3.925721797045817e-5,4.03495587860715e-5,4.11736742369106e-5,4.185084026793727e-5,4.2505271545928965e-5,4.327119288473847e-5,4.426356668997414e-5,4.556814585180655e-5,4.7232168974755525e-5,4.926059236698547e-5,5.1629328617309115e-5,5.4294587240078605e-5,5.718472683671726e-5,6.021301212954222e-5,6.329616588137982e-5,6.635398468053717e-5,6.931323254650235e-5,7.211014784794244e-5,7.469179678096421e-5,7.701651878405357e-5,7.905369404181695e-5,8.078303480874404e-5,8.219356901463675e-5,8.328245123916346e-5,8.405370523314937e-5,8.451697498255459e-5,8.468633833484391e-5,8.457921843976249e-5,8.421541342107082e-5,8.361625336334404e-5,8.280388537048075e-5,8.180068161985367e-5,8.062876151196636e-5,7.930961676014144e-5,7.786382719556214e-5,7.631085485821792e-5,7.466890434158798e-5,7.295483815019159e-5,7.118413685427505e-5,6.93708949653015e-5,6.752784462326816e-5,6.566640032274927e-5,6.379671897017528e-5,6.192777053733617e-5,6.0067415444151675e-5,5.8222485564356985e-5,5.639886640359855e-5,5.460157855679405e-5,5.283485701893813e-5
3.559264617331823e-5,3.701464530998821e-5,3.8084801273417995e-5,3.8893789282906e-5,3.955521790291037e-5,4.018299635883151e-5,4.090146036014788e-5,4.182451601075791e-5,4.303546475448686e-5,4.458116747852984e-5,4.647288184692687e-5,4.869465132596175e-5,5.120663473403519e-5,5.3944039716247825e-5,5.682860082726923e-5,5.978267400902207e-5,6.273047010201671e-5,6.560190247351135e-5,6.83351463199347e-5,7.087810896107933e-5,7.318902937317592e-5,7.523641633150028e-5,7.699851166502289e-5,7.846243652999941e-5,7.962314904707306e-5,8.048231374458212e-5,8.10471583529551e-5,8.132937217160925e-5,8.134408258369201e-5,8.110893214976783e-5,8.064326773553408e-5,7.99674449092453e-5,7.910224494555314e-5,7.806839776882185e-5,7.688620166843904e-5,7.557522927463818e-5,7.415410879965228e-5,7.26403696803863e-5,7.105034230770636e-5,6.939910233916005e-5,6.770045104879222e-5,6.596692418291196e-5,6.420982280263858e-5,6.243926056115462e-5,6.066422275961317e-5,5.889263333594059e-5,5.7131426659124696e-5,5.538662162775095e-5,5.366339610922748e-5,5.196616021160909e-5
3.3528804335807555e-5,3.4916226804839005e-5,3.596383401151881e-5,3.675786338627376e-5,3.7403991433719465e-5,3.800732759145325e-5,3.8684096921291364e-5,3.954374633522496e-5,4.066756652820025e-5,4.210377344453697e-5,4.3867939993189005e-5,4.59513258741992e-5,4.831784203861103e-5,5.09090682431197e-5,5.365462448138604e-5,5.6482277759808486e-5,5.9320565037300356e-5,6.210257556898143e-5,6.476853984608152e-5,6.726739325574998e-5,6.955750746284578e-5,7.160677931393826e-5,7.339224921499992e-5,7.489939659878387e-5,7.612123404076772e-5,7.705729647771814e-5,7.771259924033361e-5,7.809661887877905e-5,7.822233422419084e-5,7.81053517001751e-5,7.776312832481598e-5,7.72142977897502e-5,7.647809909841998e-5,7.557390312097068e-5,7.45208297306778e-5,7.333744661366324e-5,7.204154011889415e-5,7.064994841102705e-5,6.917844751821343e-5,6.764168148224519e-5,6.605312860457808e-5,6.442509665254704e-5,6.276874078275489e-5,6.109409880937402e-5,5.941013926511557e-5,5.772481845439908e-5,5.604514337282152e-5,5.4377237961522596e-5,5.272641068084405e-5,5.1097221829001676e-5
3.159720560511797e-5,3.29510310405482e-5,3.397614001764157e-5,3.475529880258975e-5,3.5386748730974515e-5,3.596800178297258e-5,3.660795012865214e-5,3.7408443794314474e-5,3.84520709577352e-5,3.9786990180713886e-5,4.143370962682984e-5,4.3385438723258235e-5,4.56140660366128e-5,4.806561359781413e-5,5.067703040266374e-5,5.338126528627637e-5,5.611107553580023e-5,5.880272781745628e-5,6.139859698002422e-5,6.384880222946821e-5,6.61120502170803e-5,6.815585644465147e-5,6.995630307715505e-5,7.149747080024275e-5,7.277065952342437e-5,7.377349022083715e-5,7.450895948526072e-5,7.498450016036363e-5,7.521108596845238e-5,7.520240534857863e-5,7.497411958242425e-5,7.454321244292176e-5,7.392743274187658e-5,7.314482695821724e-5,7.221335629119888e-5,7.115059072237635e-5,6.997347173947949e-5,6.869813506365751e-5,6.733978485411836e-5,6.591261129980925e-5,6.44297441354117e-5,6.290323535356146e-5,6.134406516378699e-5,5.976216602596019e-5,5.816646033118448e-5,5.6564907996203984e-5,5.4964560867226426e-5,5.337162139038712e-5,5.179150349821622e-5,5.0228894086716644e-5
2.978812924315601e-5,3.110935684401624e-5,3.211207894124091e-5,3.287667594465086e-5,3.349431109323801e-5,3.405503154852077e-5,3.4661139671180226e-5,3.540926894874105e-5,3.637794629262578e-5,3.761934259750237e-5,3.915634465650057e-5,4.09843327050673e-5,4.308223965350159e-5,4.5400514591754807e-5,4.7882747060685875e-5,5.046683435248953e-5,5.308963422045904e-5,5.569057105889256e-5,5.821422745849233e-5,6.06120344079938e-5,6.284320791416549e-5,6.487508617843545e-5,6.668301225125182e-5,6.824989016946194e-5,6.956552270318884e-5,7.062581873512978e-5,7.143193947857274e-5,7.198943597847471e-5,7.230741594972015e-5,7.2397766032061e-5,7.227444586282219e-5,7.195286277366976e-5,7.144933014733246e-5,7.078060824953065e-5,6.996352341120439e-5,6.9014659525981e-5,6.795011472367172e-5,6.678531558855514e-5,6.55348812482244e-5,6.42125299312713e-5,6.283102107338663e-5,6.140212665860539e-5,5.993662615262865e-5,5.844432007245612e-5,5.693405790850817e-5,5.541377675039714e-5,5.3890547552124546e-5,5.237062649960026e-5,5.0859509410444175e-5,4.936198750362536e-5
2.8092668331215905e-5,2.938213425980544e-5,3.0362804907808596e-5,3.111308011467458e-5,3.1717450178624536e-5,3.225890384803847e-5,3.2834107361333844e-5,3.353445504248096e-5,3.443585603451102e-5,3.5590627130623314e-5,3.7024128287200866e-5,3.873693335310165e-5,4.071028580513567e-5,4.290156903744995e-5,4.5259614248624934e-5,4.772703218449776e-5,5.024465022861719e-5,5.2755012974434134e-5,5.520495180216556e-5,5.7547312763527015e-5,5.9741970373833346e-5,6.17562652708844e-5,6.356499817753705e-5,6.515009891126774e-5,6.650007202010187e-5,6.76093027471098e-5,6.847728998554213e-5,6.910785749805592e-5,6.95083813040715e-5,6.968905988549518e-5,6.966224465565593e-5,6.944184081670424e-5,6.904278308351338e-5,6.848058654292178e-5,6.777096991094385e-5,6.692954642462082e-5,6.59715763572988e-5,6.491177449881304e-5,6.376416574393257e-5,6.25419820578333e-5,6.125759443450498e-5,5.992247395246048e-5,5.8547176600065186e-5,5.714134714396039e-5,5.571373791504687e-5,5.427223896420762e-5,5.282391657937628e-5,5.1375057647844426e-5,4.99312177886478e-5,4.849727156854186e-5
2.6502653117878534e-5,2.7761200950413333e-5,2.8720192917314877e-5,2.945644452438913e-5,3.0048044240911486e-5,3.05717361754982e-5,3.111827710971638e-5,3.177500590656128e-5,3.261466658073294e-5,3.368939573879188e-5,3.502656882773762e-5,3.663130902600188e-5,3.84870384625736e-5,4.0557461152798624e-5,4.279631812480968e-5,4.515069903093314e-5,4.756526174542091e-5,4.998561864310109e-5,5.2360871594891286e-5,5.4645363133736754e-5,5.6799752727995084e-5,5.879154098294299e-5,6.059516239601048e-5,6.219175653156022e-5,6.356871280835398e-5,6.471906827446247e-5,6.564082236242417e-5,6.633621852624519e-5,6.681103027233466e-5,6.707387855001934e-5,6.713559874153536e-5,6.700866846710882e-5,6.670670192472746e-5,6.62440123181124e-5,6.563524088608059e-5,6.489504893492359e-5,6.403786791085092e-5,6.307770177018255e-5,6.202797557098812e-5,6.090142420360789e-5,5.971001540238912e-5,5.8464901559662884e-5,5.717639533496197e-5,5.585396457178592e-5,5.450624256682893e-5,5.3141050258378024e-5,5.176542739523751e-5,5.0385670204722136e-5,4.900737349238746e-5,4.76354754749211e-5
2.501058239442765e-5,2.623906568425047e-5,2.7176772816461665e-5,2.78992251305694e-5,2.8478192861880817e-5,2.8985709132015503e-5,2.9506048000300835e-5,3.0122665409112573e-5,3.0905664022265636e-5,3.190645065722964e-5,3.315405024153395e-5,3.465742675151571e-5,3.64021702389269e-5,3.835769455120966e-5,4.048233082741705e-5,4.272741526446792e-5,4.504129107812618e-5,4.737257371451378e-5,4.9672640560569534e-5,5.189739274590836e-5,5.40083807378927e-5,5.5973402405535855e-5,5.776668302299066e-5,5.9368738593004226e-5,6.076601148328847e-5,6.195035345288479e-5,6.291841730900671e-5,6.367100556582427e-5,6.421241302348292e-5,6.454979032810023e-5,6.469254732793845e-5,6.465180832575394e-5,6.44399260045627e-5,6.40700567074021e-5,6.355579670483317e-5,6.291087691341966e-5,6.214891207158415e-5,6.128319948920731e-5,6.032656203550101e-5,5.929122990649058e-5,5.8188755827687715e-5,5.70299586252726e-5,5.582489048161489e-5,5.458282363288027e-5,5.331225273362899e-5,5.202090958089055e-5,5.071578734077911e-5,4.9403171842916424e-5,4.8088677894786194e-5,4.6777288916279115e-5
2.3609561972923685e-5,2.4808806045111984e-5,2.572567175562352e-5,2.643441261109586e-5,2.700104683050593e-5,2.7493470332111334e-5,2.7990461412355597e-5,2.8569984061795135e-5,2.930084268195981e-5,3.023333408851465e-5,3.1398125602600376e-5,3.280602676455802e-5,3.444612595106225e-5,3.629253039743514e-5,3.8307854369127127e-5,4.0447451850371105e-5,4.2663202203571515e-5,4.490664921867994e-5,4.7131436528280035e-5,4.929506898698954e-5,5.136007583063878e-5,5.329467109368487e-5,5.507301023791984e-5,5.6675136281607386e-5,5.808669842618308e-5,5.929851401891436e-5,6.030603229173454e-5,6.110874659617598e-5,6.170959129229872e-5,6.211435025876159e-5,6.233109622149156e-5,6.236967370069637e-5,6.224123324332395e-5,6.195782060241653e-5,6.153202149501377e-5,6.097666036422817e-5,6.030455004391689e-5,5.952828824319373e-5,5.86600962151697e-5,5.771169474804528e-5,5.669421263149338e-5,5.561812293673741e-5,5.4493202748268825e-5,5.332851235436838e-5,5.213239030847733e-5,5.0912461188767924e-5,4.967565329088744e-5,4.8428223876345106e-5,4.717578995853054e-5,4.59233629353366e-5
2.2293249458168787e-5,2.3464097622261546e-5,2.4360571709851824e-5,2.5055594395254563e-5,2.56102948833469e-5,2.6088598287514184e-5,2.656417176348187e-5,2.7110469877091334e-5,2.7793022973222784e-5,2.866247283661418e-5,2.9750439205789293e-5,3.106855892979124e-5,3.2610061653622564e-5,3.435293033675155e-5,3.6263768530657965e-5,3.8301724007066774e-5,4.0422060709143015e-5,4.257916801431488e-5,4.472893435197502e-5,4.683049853397383e-5,4.884744000177585e-5,5.0748491174779413e-5,5.250786095123509e-5,5.4105254951829116e-5,5.55256697244169e-5,5.6759027591700155e-5,5.779970776304955e-5,5.864601868898908e-5,5.9299646920240775e-5,5.9765109184544904e-5,6.004922709235344e-5,6.0160637806266596e-5,6.010934907884912e-5,5.990634316625275e-5,5.9563231132192675e-5,5.909195683565653e-5,5.850454831764663e-5,5.7812913247724454e-5,5.7028674452684555e-5,5.616304123350468e-5,5.5226712102745277e-5,5.4229804676253254e-5,5.31818086760616e-5,5.209155830267201e-5,5.096722058085897e-5,4.981629664838822e-5,4.864563332295987e-5,4.746144263614897e-5,4.626932735533347e-5,4.5074310820207634e-5
2.1055804605159938e-5,2.2199081530516624e-5,2.3075622544111068e-5,2.3756975103347806e-5,2.4300116115216855e-5,2.4765174531061964e-5,2.522106835638166e-5,2.573707588827389e-5,2.6375910782275473e-5,2.7187132601473447e-5,2.820298336423394e-5,2.9437124670306206e-5,3.0885788684387573e-5,3.2530503831982084e-5,3.434158248522762e-5,3.628174788474661e-5,3.8309496039006774e-5,4.0381972861466244e-5,4.2457279830729874e-5,4.4496206936374106e-5,4.646344070735866e-5,4.8328319073551064e-5,5.0065212804060055e-5,5.1653611800454605e-5,5.3077987910140195e-5,5.4327496885152534e-5,5.539557229386393e-5,5.62794545597141e-5,5.6979689384358624e-5,5.749962187945832e-5,5.784490588551731e-5,5.8023042201708447e-5,5.8042954731265994e-5,5.7914609771988546e-5,5.7648680742010993e-5,5.725625841228497e-5,5.6748605105513527e-5,5.613695020937242e-5,5.5432323642113374e-5,5.4645423514709735e-5,5.37865140811353e-5,5.2865350094394e-5,5.189112383886561e-5,5.0872431347682335e-5,4.981725460436179e-5,4.873295684549546e-5,4.7626288407024467e-5,4.650340087686075e-5,4.5369867621858986e-5,4.4230709041292884e-5
1.9891844640527858e-5,2.1008362125288756e-5,2.1865422383775554e-5,2.2533203851088437e-5,2.3065137076012017e-5,2.351773921792674e-5,2.3955518943667518e-5,2.444378795221095e-5,2.5042479206716448e-5,2.5799943496024684e-5,2.6748799834454875e-5,2.7904423904998562e-5,2.926572229848246e-5,3.08174595686316e-5,3.253338989970023e-5,3.437960009110181e-5,3.631766595159562e-5,3.8307396091753496e-5,4.030906465858383e-5,4.228511872306888e-5,4.4201395848802426e-5,4.602791297661032e-5,4.773929763233021e-5,4.931493280348961e-5,5.0738881827090415e-5,5.19996519709902e-5,5.30898467276241e-5,5.400574814957312e-5,5.474686239485401e-5,5.53154543045862e-5,5.571609043258705e-5,5.595520451100279e-5,5.6040694832805034e-5,5.598155938961973e-5,5.578757173109531e-5,5.5468998310788384e-5,5.503635645336938e-5,5.4500210923009286e-5,5.387100630475482e-5,5.3158931950367547e-5,5.237381601846979e-5,5.152504509707405e-5,5.062150598562196e-5,4.967154639347052e-5,4.868295155035996e-5,4.7662933996811125e-5,4.6618134109620375e-5,4.555462920560348e-5,4.447794934551502e-5,4.339309822286e-5
1.879640400184298e-5,1.9887016432992873e-5,2.0724997327734897e-5,2.1379335944616658e-5,2.1900393044771233e-5,2.2341251081506638e-5,2.2762327649012183e-5,2.3225174675181514e-5,2.3786995253334298e-5,2.4494831405411384e-5,2.5381465253002458e-5,2.6463706543523775e-5,2.774283450451047e-5,2.920656061293903e-5,3.083182727213128e-5,3.258787989769225e-5,3.443922309079981e-5,3.6348230839809065e-5,3.8277302418935156e-5,4.019053808917177e-5,4.2054958936063105e-5,4.38413221419237e-5,4.552459451159011e-5,4.708414903570271e-5,4.8503745742654376e-5,4.977135170287578e-5,5.087884745629458e-5,5.182165932682366e-5,5.259834963758861e-5,5.321019005524091e-5,5.366073731606148e-5,5.39554254649956e-5,5.410118445402328e-5,5.4106091444275885e-5,5.397905836220865e-5,5.372955708910617e-5,5.336738202771581e-5,5.290244860462917e-5,5.234462545244233e-5,5.170359749942922e-5,5.0988756912751125e-5,5.0209118739098916e-5,4.93732581178433e-5,4.848926606794749e-5,4.756472104015999e-5,4.660667365585235e-5,4.56216423043698e-5,4.4615617527666845e-5,4.3594073373935464e-5,4.256198414363409e-5
1.7764898014168436e-5,1.8830492206278737e-5,1.964974896850944e-5,2.0290798241040637e-5,2.0801293032561496e-5,2.1231051274770126e-5,2.1636696976974342e-5,2.207622484482648e-5,2.2604170888316636e-5,2.3266191606099954e-5,2.4095046673290648e-5,2.510872812968352e-5,2.6310610748450858e-5,2.7691083030881476e-5,2.9230035279368737e-5,3.0899673965949784e-5,3.26672835715791e-5,3.449770379205673e-5,3.635540562688932e-5,3.820613020440275e-5,4.001810449931958e-5,4.1762876143113596e-5,4.3415822483991243e-5,4.495639247910021e-5,4.6368137810669676e-5,4.763858440214773e-5,4.875898891080364e-5,4.972401778999535e-5,5.053137973349531e-5,5.118143606063559e-5,5.1676808036438736e-5,5.202199530617462e-5,5.2223015557755345e-5,5.228707216907414e-5,5.222225389015364e-5,5.203726847975013e-5,5.1741210586674344e-5,5.134336296197619e-5,5.085302923762979e-5,5.027939594469631e-5,4.963142111046773e-5,4.891774661868193e-5,4.814663149595891e-5,4.732590336477844e-5,4.64629254487967e-5,4.556457670623296e-5,4.4637242882743756e-5,4.3686816502287895e-5,4.2718704042370735e-5,4.1737838761051937e-5
1.6793367816801414e-5,1.78345893225255e-5,1.8635421410487476e-5,1.9263357788542732e-5,1.9763588118471217e-5,2.0182830682870696e-5,2.0574193478298327e-5,2.0992311134757964e-5,2.1489124846816052e-5,2.210884908365587e-5,2.2884061039666492e-5,2.383370926211133e-5,2.496301012129838e-5,2.6264777698011127e-5,2.7721622922083372e-5,2.9308523438025967e-5,3.09953974804252e-5,3.2749449403424895e-5,3.453716381351594e-5,3.632590317244433e-5,3.808511380597411e-5,3.978717412479074e-5,4.140793305581865e-5,4.292699141448691e-5,4.4327777979770664e-5,4.5597467896573704e-5,4.672678535109955e-5,4.770972625004863e-5,4.854323048255332e-5,4.92268275940514e-5,4.976227453055538e-5,5.0153199595446005e-5,5.040476291183931e-5,5.0523340476258804e-5,5.0516236275626975e-5,5.039142485895341e-5,5.0157325141543614e-5,4.98226050064249e-5,4.939601539078593e-5,4.8886251944921535e-5,4.830184197368333e-5,4.765105416832386e-5,4.694182856911314e-5,4.618172423170231e-5,4.537788217441808e-5,4.453700133637276e-5,4.366532545908225e-5,4.2768639002941545e-5,4.185227041360964e-5,4.0921101254165287e-5
1.5877964278490133e-5,1.6895533880280472e-5,1.767807912190078e-5,1.829309340453347e-5,1.8783342768954594e-5,1.9192600340912618e-5,1.957071668704969e-5,1.9969157245978027e-5,2.043734800065579e-5,2.1018022457645875e-5,2.174343823049546e-5,2.2633298455553266e-5,2.3694428794088426e-5,2.492183505050634e-5,2.630063426797805e-5,2.7808393244401535e-5,2.941752119195379e-5,3.1097485528626355e-5,3.281672263834816e-5,3.4544190660635615e-5,3.625056092824214e-5,3.790907413307961e-5,3.949610254207257e-5,4.099146547925877e-5,4.2378545432236384e-5,4.3644248995099486e-5,4.477885203396333e-5,4.577576296282277e-5,4.663123245575231e-5,4.7344032648435245e-5,4.7915124087562604e-5,4.834732445911481e-5,4.864498949120043e-5,4.881371337031924e-5,4.886005349466759e-5,4.8791282364112744e-5,4.8615167817017255e-5,4.8339781610595886e-5,4.797333544667904e-5,4.7524042914727416e-5,4.700000540952862e-5,4.640911983840732e-5,4.5759005823901e-5,4.50569501001831e-5,4.430986586789337e-5,4.3524264990149295e-5,4.270624106445838e-5,4.186146157689953e-5,4.099516752544197e-5,4.011217908050311e-5
1.5015193017122858e-5,1.6009415228557205e-5,1.6774071519856727e-5,1.7376369889203127e-5,1.785690883091653e-5,1.8256664632782823e-5,1.8622470989431245e-5,1.9002808133172653e-5,1.9444671928686077e-5,1.9989291164713123e-5,2.0668487338224482e-5,2.1502538137208167e-5,2.2499666409310316e-5,2.3656852546956634e-5,2.4961517606806998e-5,2.6393643487160342e-5,2.79279914046323e-5,2.9536190411971905e-5,3.118856401038052e-5,3.2855635210872735e-5,3.4509299196643634e-5,3.612368257490867e-5,3.767572432409862e-5,3.9145520464617875e-5,4.0516475629291286e-5,4.17753024737051e-5,4.291190583012209e-5,4.3919183677817616e-5,4.479277199433123e-5,4.553075572931805e-5,4.613336370685341e-5,4.660266131298239e-5,4.694225139923734e-5,4.7156990926682005e-5,4.7252728461637814e-5,4.7236065672534034e-5,4.711414441888833e-5,4.689445981704432e-5,4.658469876206878e-5,4.6192602732600986e-5,4.572585326061589e-5,4.51919781707267e-5,4.459827654833014e-5,4.3951760352066445e-5,4.3259110617941416e-5,4.252664628862079e-5,4.176030382449828e-5,4.096562589926412e-5,4.0147757641046154e-5,3.931144904252699e-5
1.4201667766778323e-5,1.5172810537759128e-5,1.5920033238602463e-5,1.6509814605873e-5,1.698090192406663e-5,1.737159698378796e-5,1.7725940122325102e-5,1.8089603002571777e-5,1.850724037212395e-5,1.9018565586609878e-5,1.965486588685324e-5,2.0436833500802837e-5,2.1373895180945755e-5,2.246480462823756e-5,2.369909684321032e-5,2.5059002764964864e-5,2.6521500801069433e-5,2.806028097809254e-5,2.9647487193051617e-5,3.125517223550643e-5,3.285644806616637e-5,3.442634385037153e-5,3.5942401076889646e-5,3.738504291641705e-5,3.8737757030555774e-5,3.998712964020584e-5,4.112276535601567e-5,4.213712306425653e-5,4.3025293671577896e-5,4.378474111392352e-5,4.441502394010879e-5,4.4917511099077276e-5,4.529510233769401e-5,4.555196085929607e-5,4.569326358378026e-5,4.5724972454893715e-5,4.565362871866969e-5,4.5486170904100894e-5,4.522977632810996e-5,4.4891725278054324e-5,4.447928655571886e-5,4.3999622759961814e-5,4.3459713508045065e-5,4.2866294719593584e-5,4.2225812087700054e-5,4.154438691849731e-5,4.0827792616744815e-5,4.008144021710529e-5,3.931037149806274e-5,3.851925835962168e-5
1.3434674771236327e-5,1.4382579135243588e-5,1.511281418380751e-5,1.569029618943225e-5,1.6152179988870922e-5,1.653421779213664e-5,1.687786403320244e-5,1.7226150802176293e-5,1.762148329076205e-5,1.8102059841842897e-5,1.869855171639298e-5,1.9431923966609485e-5,2.031263147661836e-5,2.1341014979401445e-5,2.2508544965137485e-5,2.379954331291096e-5,2.51930752411992e-5,2.6664792365220302e-5,2.8188590865036835e-5,2.9738014696178067e-5,3.128738041455562e-5,3.281263019435507e-5,3.429193701435747e-5,3.570609459575351e-5,3.70387275478389e-5,3.8276356539118586e-5,3.9408350679778537e-5,4.042679567057057e-5,4.1326302268596204e-5,4.210377562236657e-5,4.2758162257464754e-5,4.329018806908034e-5,4.370209765332196e-5,4.399740270003395e-5,4.418064496537634e-5,4.4257177517094665e-5,4.42329664650307e-5,4.411441421555365e-5,4.390820438148464e-5,4.3621167799773745e-5,4.326016862079964e-5,4.283200910183046e-5,4.234335153253364e-5,4.180065561576515e-5,4.121012959923469e-5,4.05776934835632e-5,3.9908952703632216e-5,3.920918077974175e-5,3.848330955245978e-5,3.773592574187344e-5
1.2711229283129964e-5,1.3635806136525755e-5,1.4349491242351094e-5,1.4914905170418237e-5,1.5367823773475923e-5,1.5741574372683293e-5,1.6075217862634188e-5,1.6409307955302692e-5,1.678409326572451e-5,1.7236266988039684e-5,1.7795817290067903e-5,1.8483857018727292e-5,1.931170967477649e-5,2.028113091288536e-5,2.138535943680576e-5,2.261065783751043e-5,2.3938052399978698e-5,2.534505864265203e-5,2.6807256105941277e-5,2.829963845873171e-5,2.9797710285964935e-5,3.127833175658269e-5,3.2720330193504136e-5,3.410490684816849e-5,3.541587078662221e-5,3.663973185152393e-5,3.776568265559145e-5,3.878549646887632e-5,3.9693364311753305e-5,4.0485690943940154e-5,4.1160865975642735e-5,4.1719023146982816e-5,4.216179798867114e-5,4.249209161232581e-5,4.271384627939706e-5,4.283183664433622e-5,4.2851479132301183e-5,4.2778660761344114e-5,4.261958781885109e-5,4.238065411721922e-5,4.2068328051122465e-5,4.168905732730278e-5,4.124919000965796e-5,4.075491039263681e-5,4.021218816303199e-5,3.962673931574922e-5,3.900399733757019e-5,3.834909325159724e-5,3.766684321364659e-5,3.696174246218156e-5
1.2027774508863385e-5,1.2929784232543557e-5,1.3627353341882868e-5,1.4180936325425698e-5,1.4625119066759478e-5,1.4990922711316417e-5,1.5315192836723035e-5,1.5636158115074714e-5,1.599200402092406e-5,1.6417936407552033e-5,1.69432062035396e-5,1.7588964211864887e-5,1.836725810758823e-5,1.928109970656328e-5,2.032533937568691e-5,2.1488037933964114e-5,2.27520617647488e-5,2.4096694654563077e-5,2.5499130274027827e-5,2.6935768313446863e-5,2.8383281087920632e-5,2.981944694308758e-5,3.1223764911908304e-5,3.257787492379914e-5,3.386581212238388e-5,3.5074124539178276e-5,3.61918819355409e-5,3.721060103173966e-5,3.812410921596784e-5,3.892836555867191e-5,3.962125478373671e-5,4.0202366901971186e-5,4.067277256332683e-5,4.1034801860852003e-5,4.129183232428597e-5,4.1448090161252826e-5,4.1508467416532505e-5,4.1478356596858966e-5,4.136350341970203e-5,4.116987765868955e-5,4.090356154577508e-5,4.057065482284211e-5,4.017719528743017e-5,3.97290935256631e-5,3.923208045002646e-5,3.8691666243012236e-5,3.8113109335060854e-5,3.7501394104432505e-5,3.686121606761274e-5,3.619697342353448e-5
1.1381818592434421e-5,1.2261997107918513e-5,1.2943879168832436e-5,1.3485872584927722e-5,1.3921540505610089e-5,1.4279710850363305e-5,1.4595178879813434e-5,1.4903993741127468e-5,1.5242370858931939e-5,1.5644053171534654e-5,1.61375116965827e-5,1.6743839158804895e-5,1.7475676916450323e-5,1.833714674333379e-5,1.9324564382947637e-5,2.0427653979613047e-5,2.163100591109816e-5,2.2915578933317986e-5,2.4260111741812284e-5,2.5642364646715017e-5,2.704015424511444e-5,2.843217303682968e-5,2.9798604227206096e-5,3.1121552285009896e-5,3.238531465329231e-5,3.357652127692e-5,3.468416770347186e-5,3.569956538449015e-5,3.661623007464591e-5,3.742972629162038e-5,3.8137482900242327e-5,3.8738592160977894e-5,3.923360211082788e-5,3.962430995844733e-5,3.99135622831938e-5,4.0105066221912844e-5,4.020321448975656e-5,4.0212925988684175e-5,4.013950288312483e-5,3.998850433934205e-5,3.976563660643181e-5,3.9476658737168443e-5,3.912730298245797e-5,3.8723208722714746e-5,3.826986870417478e-5,3.777258631161333e-5,3.723644261715894e-5,3.666627198611154e-5,3.606664508519096e-5,3.544185821855996e-5
1.0771045315889874e-5,1.1630104329647445e-5,1.2296722269433495e-5,1.2827370347603256e-5,1.325473680301114e-5,1.3605563744785718e-5,1.3912748778189832e-5,1.4210299320745428e-5,1.4532552827943397e-5,1.4911819198056927e-5,1.537575698666479e-5,1.5945317326877266e-5,1.6633617661826787e-5,1.7445755311083396e-5,1.8379374906088577e-5,1.9425736403930522e-5,2.0571042979843968e-5,2.179783762675397e-5,2.3086335454584262e-5,2.4415610747825397e-5,2.5764598309807666e-5,2.71128971105963e-5,2.844138262219389e-5,2.9732644932839744e-5,3.097127506572586e-5,3.214402371266029e-5,3.3239856171012564e-5,3.4249925572587544e-5,3.516748413387446e-5,3.598774953476248e-5,3.67077408928585e-5,3.732609628877967e-5,3.784288149539926e-5,3.825939751065602e-5,3.857799270257431e-5,3.8801883843332015e-5,3.893498902314582e-5,3.898177437491505e-5,3.894711568428716e-5,3.883617528305926e-5,3.865429410263188e-5,3.840689837549712e-5,3.809942019496407e-5,3.773723095683484e-5,3.7325586594026167e-5,3.686958346078779e-5,3.637412371396054e-5,3.584388906339088e-5,3.528332181283325e-5,3.469661217871808e-5
1.019330022432802e-5,1.1031927562883838e-5,1.1683697448572645e-5,1.2203246066195538e-5,1.2622517259826682e-5,1.2966269446075993e-5,1.3265643743490464e-5,1.3552736075259945e-5,1.386009645521246e-5,1.4218636038001625e-5,1.4655177261004841e-5,1.5190457487306732e-5,1.5837964542655247e-5,1.660364793308071e-5,1.7486354021260398e-5,1.847875824163728e-5,1.9568570281544166e-5,2.0739829385503848e-5,2.197415927659206e-5,2.325190073262862e-5,2.455307852554086e-5,2.585818724139755e-5,2.71487988347621e-5,2.8408005778974396e-5,2.962071944449884e-5,3.077384558990434e-5,3.1856358871983753e-5,3.285929698003346e-5,3.377569298548355e-5,3.4600462168838215e-5,3.533025719058692e-5,3.596330316198935e-5,3.6499222031504785e-5,3.693885377760548e-5,3.7284080206601605e-5,3.7537655695945886e-5,3.770304798976437e-5,3.7784291128254814e-5,3.778585175672373e-5,3.7712509392384306e-5,3.756925070623728e-5,3.736117748261844e-5,3.709342763069133e-5,3.6771108422221685e-5,3.639924100213028e-5,3.598271514817369e-5,3.552625323114733e-5,3.503438233653717e-5,3.451141354357988e-5,3.396142741076427e-5
