4.389233054789358e-5,3.0235588870031175e-5,2.1282403312632647e-5,1.531022074322868e-5,1.124381762193658e-5,8.416389141586913e-6,6.410382772549526e-6,4.9600241296085836e-6,3.892940808394697e-6,3.095162933395407e-6,2.4899030962166578e-6,2.024488191964923e-6,1.6621705358148848e-6,1.3769044690492134e-6,1.1499557742857994e-6,9.676633990604785e-7,8.199379693038494e-7,6.992391533202851e-7,5.998691285553091e-7,5.174778313447332e-7,4.4871210110189054e-7,3.909638961143293e-7,3.421875781316587e-7,3.007659199267195e-7,2.6541086768332854e-7,2.3508935608816495e-7,2.0896736234620612e-7,1.8636736354568593e-7,1.6673573154172931e-7,1.4961755784978696e-7,1.3463707815558898e-7,1.2148234897483814e-7,1.0989317650573888e-7,9.9651549911254e-8,9.057401577301952e-8,8.250556648560808e-8,7.531471638508185e-8,6.888951496371567e-8,6.313430341343063e-8,5.796706385112638e-8,5.3317243448581715e-8,4.9123960898454244e-8,4.533452209078616e-8,4.190318695146007e-8,3.8790141146402e-8,3.5960635561967383e-8,3.3384263718951677e-8,3.1034353008550515e-8,2.888745019071024e-8,2.692288522662627e-8
4.313991638205821e-5,2.985659571493807e-5,2.109254491149509e-5,1.521784741157524e-5,1.1202369237263026e-5,8.401672033058627e-6,6.409571185947727e-6,4.966214257978387e-6,3.902384233608495e-6,3.1058252083114815e-6,2.500694924612877e-6,2.034846724469016e-6,1.6718272560169275e-6,1.3857546643078867e-6,1.1579843649917218e-6,9.749025464531073e-7,8.264428438472861e-7,7.050741891081547e-7,6.051003740890516e-7,5.221688542773623e-7,4.529219595472948e-7,3.9474629992236756e-7,3.4559072131619786e-7,3.0383267705571085e-7,2.6817917315554953e-7,2.3759266076385242e-7,2.112351073504507e-7,1.8842543825519652e-7,1.6860689897280405e-7,1.5132184020572647e-7,1.361921007828838e-7,1.2290364401552133e-7,1.1119444909563752e-7,1.0084491046025299e-7,9.167018204158176e-8,8.351403906650727e-8,7.624393094677268e-8,6.974697429355546e-8,6.392669196259133e-8,5.870034715529743e-8,5.399675449343552e-8,4.9754475222682585e-8,4.592032317417952e-8,4.2448123220261614e-8,3.92976757410138e-8,3.6433889850329164e-8,3.382605539971695e-8,3.1447229528749955e-8,2.9273718100312534e-8,2.7284636004920622e-8
4.239044824040502e-5,2.9474544449362197e-5,2.089851102129084e-5,1.512165947244666e-5,1.115780208877018e-5,8.384507484490303e-6,6.406866952291102e-6,4.970944929810914e-6,3.9106989438290426e-6,3.115609458049382e-6,2.5107987768789063e-6,2.0446619453636452e-6,1.6810514574367716e-6,1.3942578007121393e-6,1.165732319020087e-6,9.819130826695119e-7,8.327601691382111e-7,7.107543268703778e-7,6.102028724648762e-7,5.267522199074687e-7,4.5704128173401605e-7,3.984521544286724e-7,3.4892881054490033e-7,3.068438819063043e-7,2.7089982289020353e-7,2.400549062490312e-7,2.1346733087853963e-7,1.9045266211987677e-7,1.7045117245660127e-7,1.5300259510175605e-7,1.3772647173519227e-7,1.2430675349149675e-7,1.1247965872778228e-7,1.0202404144866502e-7,9.275370768615366e-8,8.451125254206653e-8,7.716309129466365e-8,7.059543337043934e-8,6.471100481610033e-8,5.942636801843856e-8,5.4669720323043876e-8,5.037907846092804e-8,4.650077519002e-8,4.2988209690687055e-8,3.9800805059049434e-8,3.6903135496284025e-8,3.426419308190934e-8,3.185676978761659e-8,2.965693497321876e-8,2.7643592266062655e-8
4.1644743169267306e-5,2.9090016742176538e-5,2.0700678913860272e-5,1.5021896666202787e-5,1.1110269241060413e-5,8.364994652726873e-6,6.402335488088066e-6,4.9742601390128075e-6,3.917915091263661e-6,3.1245367252941043e-6,2.520229590267705e-6,2.0539446274983596e-6,1.6898510248706416e-6,1.402419728649586e-6,1.1732040325915357e-6,9.886983502436108e-7,8.388925144393445e-7,7.162815616149709e-7,6.151781874824754e-7,5.31229164871645e-7,4.6107105366081714e-7,4.0208225186997343e-7,3.5220248698144327e-7,3.0980005690731144e-7,2.7357324529240467e-7,2.4247644596360237e-7,2.1566432614716838e-7,1.9244927971467114e-7,1.7226875703169932e-7,1.5465999525837043e-7,1.392403371729339e-7,1.256918016234963e-7,1.137489114116332e-7,1.0318903369946756e-7,9.382467080971376e-8,8.549727431630386e-8,7.807225579755637e-8,7.143494290365681e-8,6.548728616610861e-8,6.014516506803856e-8,5.533617479748148e-8,5.099780037566344e-8,4.70759043679466e-8,4.352346953738219e-8,4.029954962579363e-8,3.736839072119071e-8,3.469869297803418e-8,3.226298824160146e-8,3.003711372702444e-8,2.7999765575918308e-8
4.0903550363507966e-5,2.8703560405379135e-5,2.0499408934201844e-5,1.4918790053139104e-5,1.105991915971986e-5,8.343230173983417e-6,6.396040782638446e-6,4.976203046535641e-6,3.924062328297734e-6,3.132627745131061e-6,2.5290021083374934e-6,2.0627054191896825e-6,1.6982337615223481e-6,1.4102462441248763e-6,1.180403865109503e-6,9.952616664273869e-7,8.448424314261555e-7,7.216578759698592e-7,6.200278741322334e-7,5.356009194759037e-7,4.650122567359813e-7,4.056373811268803e-7,3.554123893174408e-7,3.127017226543076e-7,2.7619986739945417e-7,2.4485763230132935e-7,2.17826385599496e-7,1.944155350289413e-7,1.7405985729178805e-7,1.5629421305706775e-7,1.407338429976314e-7,1.2705891243421164e-7,1.1500231300504475e-7,1.0433997791958376e-7,9.488314942649864e-8,8.647217172553205e-8,7.89714827727852e-8,7.226555356358973e-8,6.625558017558051e-8,6.085677690993279e-8,5.599615176100431e-8,5.161067071805977e-8,4.764573692978742e-8,4.405392592987175e-8,4.079392996347559e-8,3.782967374492788e-8,3.512957130031104e-8,3.266589934776533e-8,3.0414267280597226e-8,2.835316750210475e-8
4.016755492155517e-5,2.8315690758229403e-5,2.0295045010466387e-5,1.4812562210452262e-5,1.1006895789265066e-5,8.319308194920488e-6,6.3880454101432424e-6,4.976815984703599e-6,3.92916980864929e-6,3.1399029449612603e-6,2.5371308804408235e-6,2.070954843619365e-6,1.706207388440281e-6,1.4177430882769652e-6,1.1873361387629673e-6,1.0016063228707585e-6,8.506124539315951e-7,7.268852399803163e-7,6.247534784346913e-7,5.398687075682919e-7,4.688658676760286e-7,4.0911832764310227e-7,3.5855915370778147e-7,3.155493978576515e-7,2.7878011483889217e-7,2.471988165958448e-7,2.199538008774773e-7,1.9635167144385718e-7,1.7582467736710873e-7,1.5790542052505362e-7,1.4220713483924758e-7,1.2840820973778035e-7,1.1623996920549659e-7,1.054769646925484e-7,9.592922145584178e-8,8.743601203316544e-8,7.986083048182892e-8,7.308731597798635e-8,6.701593097512676e-8,6.156124212559889e-8,5.664968503973573e-8,5.2217719225999664e-8,4.8210299087849055e-8,4.457960203108402e-8,4.128396658999188e-8,3.828700278478789e-8,3.5556844259711646e-8,3.3065517562940044e-8,3.0788408553343386e-8,2.8703809613348477e-8
3.9437381461568844e-5,2.7926891963052006e-5,2.0087915160158337e-5,1.4703427430226055e-5,1.0951338632568788e-5,8.293320404856342e-6,6.378410542581316e-6,4.976140462038454e-6,3.933266188843921e-6,3.146382444623632e-6,2.5446302613492297e-6,2.0787032983225662e-6,1.7137795440147872e-6,1.4249159469374636e-6,1.1940051381575942e-6,1.00773558532134e-6,8.562050977049205e-7,7.319656109164715e-7,6.293565372872712e-7,5.440337464168658e-7,4.726328584083958e-7,4.125258733476165e-7,3.616434137081784e-7,3.183435992922141e-7,2.813144117878526e-7,2.4950034908765415e-7,2.220468627949649e-7,1.9825793171038138e-7,1.7756342090636996e-7,1.5949378932031923e-7,1.4366035804383272e-7,1.297398171295147e-7,1.1746198554152333e-7,1.0660008447132789e-7,9.696296471614048e-8,8.838886242463286e-8,8.074035712600416e-8,7.39002807283097e-8,6.776838265989261e-8,6.225859926950102e-8,5.729680843939128e-8,5.281897562212391e-8,4.8769617043235314e-8,4.5100520995897804e-8,4.1769680017648395e-8,3.874039605438481e-8,3.598052806501053e-8,3.3461857342901115e-8,3.115955046448517e-8,2.9051703478852444e-8
3.871359759863357e-5,2.75376183313052e-5,1.9878331991704417e-5,1.459159191801429e-5,1.089338283155605e-5,8.265356069009592e-6,6.3671959632964815e-6,4.974217168551807e-6,3.936379629992878e-6,3.152086056714919e-6,2.551514411007563e-6,2.085961054762259e-6,1.7209577835336998e-6,1.4317704502287463e-6,1.2004151099743713e-6,1.0136526933434608e-6,8.61622860184197e-7,7.369009330906457e-7,6.338385783181619e-7,5.480972465928824e-7,4.7631419597797575e-7,4.158607965797332e-7,3.6466580021491874e-7,3.2108484174874393e-7,2.8380318093367873e-7,2.517625788921226e-7,2.2410586131158436e-7,2.001345579278608e-7,1.7927629105913023e-7,1.6105949071709456e-7,1.4509365766146154e-7,1.3105385797586254e-7,1.1866846736433121e-7,1.0770942757129445e-7,9.798445691894689e-8,8.933079000239135e-8,8.16101208422462e-8,7.470449834615142e-8,6.85129792865049e-8,6.294888686648022e-8,5.793755574304315e-8,5.34144696119112e-8,4.9323716984191895e-8,4.561670596971411e-8,4.22510907519248e-8,3.9189871762581053e-8,3.6400638921851295e-8,3.3854933141553337e-8,3.152770593234936e-8,2.939686066767307e-8
3.799671728346288e-5,2.7148295598721897e-5,1.9666593200626208e-5,1.4477253991625421e-5,1.0833159248970906e-5,8.235502062670279e-6,6.354460081241806e-6,4.9710859814747116e-6,3.938537799858061e-6,3.1570332870973077e-6,2.5577972944124297e-6,2.092738257986512e-6,1.727749578793856e-6,1.4383121722003535e-6,1.206570262654834e-6,1.0193608600558417e-6,8.668682202820348e-7,7.416931376842069e-7,6.382011197471036e-7,5.520604118590863e-7,4.799108424574364e-7,4.1912387201698007e-7,3.6762694140671916e-7,3.237736379868635e-7,2.8624684343578436e-7,2.5398585396840886e-7,2.2613108550734202e-7,2.019817915231965e-7,1.8096349045864146e-7,1.6260269559166357e-7,1.4650717843446362e-7,1.3235045540460535e-7,1.1985951983960314e-7,1.0880508416335359e-7,9.899377566318376e-8,9.026186178104192e-8,8.247017969896934e-8,7.550001930971767e-8,6.924976487007598e-8,6.3632143409194e-8,5.857196070892591e-8,5.4004230881790606e-8,4.987262508448046e-8,4.6128180087050574e-8,4.2728219290255656e-8,3.9635448112430383e-8,3.6817193031826155e-8,3.424475941012792e-8,3.1892887873664596e-8,2.9739292748104564e-8
3.728720400363582e-5,2.675932216852599e-5,1.9452982059624535e-5,1.4360604279742995e-5,1.0770794551028218e-5,8.203842906203908e-6,6.340259945829968e-6,4.966785971397574e-6,3.939767875187874e-6,3.1612433355849276e-6,2.5634926816091866e-6,2.0990449263651553e-6,1.7341623177664389e-6,1.4445466305024107e-6,1.2124747661119972e-6,1.0248632718873663e-6,8.719436381842365e-7,7.463441425836993e-7,6.424456702529281e-7,5.559244390629376e-7,4.834237548612019e-7,4.223158706057326e-7,3.7052746268867005e-7,3.26410498689643e-7,2.88645818888728e-7,2.561705210893517e-7,2.2812282355797113e-7,2.0379987323058053e-7,1.8262522120514332e-7,1.6412357440853832e-7,1.4790106478593542e-7,1.336297322952832e-7,1.2103524793949167e-7,1.0988714426722177e-7,9.999099842948037e-8,9.11821446825444e-8,8.332059169201309e-8,7.628689404037811e-8,6.997878338126155e-8,6.430840735560006e-8,5.9200057068277436e-8,5.458828909728667e-8,5.041636750177882e-8,4.66349664701584e-8,4.320108612083267e-8,4.007714330013674e-8,3.7230206591569084e-8,3.4631350596391206e-8,3.225510920287043e-8,3.0079011287073066e-8
3.658547384886271e-5,2.6371070321915726e-5,1.9237767901951518e-5,1.4241825920039178e-5,1.070641129077376e-5,8.170460800796413e-6,6.324651262341022e-6,4.961355408792926e-6,3.940096544309017e-6,3.164735096800072e-6,2.568614147802183e-6,2.1048909514026675e-6,1.7402033043142041e-6,1.4504792860946927e-6,1.2181327514661122e-6,1.030163088350379e-6,8.768515551609221e-7,7.50855852225996e-7,6.465737288476741e-7,5.59690518034687e-7,4.86853885063033e-7,4.254375594945411e-7,3.733679866382143e-7,3.2899593241971913e-7,2.9100052528647236e-7,2.583169258122671e-7,2.3008136271098572e-7,2.0558904307180558e-7,1.8426168484960245e-7,1.656222972069816e-7,1.4927546080853852e-7,1.3489181126984558e-7,1.2219575643478736e-7,1.1095569774484657e-7,1.0097620257463155e-7,9.20917055315304e-8,8.416141474066501e-8,7.706517289928577e-8,7.070007874337569e-8,6.497771712648778e-8,5.982187852322191e-8,5.516667390119586e-8,5.095497037610825e-8,4.713708822766309e-8,4.366971172142568e-8,4.051497551402932e-8,3.763969579186479e-8,3.501472114386659e-8,3.2614382831435656e-8,3.041602784953941e-8
3.589189844219797e-5,2.598388739516937e-5,1.9021206597508442e-5,1.412109475646697e-5,1.0640127991987483e-5,8.135435664853995e-6,6.30768840784131e-6,4.954831770895873e-6,3.9395500099596966e-6,3.1675271611909897e-6,2.573175073573177e-6,2.110286097624171e-6,1.7458797579585476e-6,1.456115542990136e-6,1.2235483108045089e-6,1.0352634418309477e-6,8.8159439338978e-7,7.552301574521824e-7,6.505867847570615e-7,5.633598314901445e-7,4.902021797171123e-7,4.2848970197008166e-7,3.7614913295311527e-7,3.3153044557694953e-7,2.9331137898782104e-7,2.6042541245065063e-7,2.3200698926245502e-7,2.073495403371157e-7,1.8587308237788437e-7,1.6709903358788101e-7,1.5063051025357063e-7,1.3613681468352188e-7,1.2334114988726998e-7,1.1201083429397544e-7,1.0194946532616965e-7,9.299061105071191e-8,8.499270668376428e-8,7.783490618405843e-8,7.141369482955822e-8,6.56401111030525e-8,6.043745874468653e-8,5.573941491179514e-8,5.1488459828286965e-8,4.763456845322493e-8,4.413411655822238e-8,4.094896293355476e-8,3.804567681676824e-8,3.539488549106584e-8,3.297072166718586e-8,3.07503539979096e-8
3.520680773948774e-5,2.5598096922894076e-5,1.8803541021167824e-5,1.3998579535437486e-5,1.057205923347442e-5,8.098845170975212e-6,6.289424447569156e-6,4.947251748917745e-6,3.938153992350118e-6,3.1696378162027357e-6,2.5771886452030574e-6,2.1152400025314333e-6,1.7511988136945265e-6,1.4614607480315143e-6,1.2287254969646159e-6,1.0401674373955836e-6,8.861745557910869e-7,7.59468935369963e-7,6.544863173072148e-7,5.669335549380391e-7,4.934695801825286e-7,4.314730573956764e-7,3.788715184013538e-7,3.340145423575205e-7,2.955787946829788e-7,2.6249632404676223e-7,2.3389998853444556e-7,2.0908160356660708e-7,1.874596141953517e-7,1.685539527009567e-7,1.5196635652030404e-7,1.3736486461591235e-7,1.244715326422356e-7,1.1305264344187048e-7,1.029108637770567e-7,9.38789278563866e-8,8.581452527588439e-8,7.859614412552755e-8,7.211967545999703e-8,6.629562762451677e-8,6.104683137035739e-8,5.6306541721081046e-8,5.2016861958410653e-8,4.8127430224225446e-8,4.4594321084686336e-8,4.137912372828345e-8,3.844816584274052e-8,3.577185807073397e-8,3.3324138613643e-8,3.108200129145439e-8
3.453049269966373e-5,2.5213999747079268e-5,1.858500151287648e-5,1.3874442100611958e-5,1.0502315733597284e-5,8.06076478341789e-6,6.2699111517453045e-6,4.93865125556931e-6,3.935933732437102e-6,3.171085047593525e-6,2.5806678550920527e-6,2.1197621766259946e-6,1.7561675218520275e-6,1.466520190700143e-6,1.2336683233394844e-6,1.0448781526138682e-6,8.905944258741505e-7,7.635740492243499e-7,6.582737958174164e-7,5.704128565918503e-7,4.966570224511051e-7,4.34388381152305e-7,3.815357567729426e-7,3.364487247145296e-7,2.9780318536124155e-7,2.645300023450777e-7,2.3576064485315098e-7,2.1078547053214805e-7,1.8902148011188673e-7,1.6998722323230248e-7,1.53283142645599e-7,1.385760828622902e-7,1.255870088211938e-7,1.1408121453915236e-7,1.0386047488048997e-7,9.475672245403523e-8,8.662692818359123e-8,7.934893688454858e-8,7.281806439920137e-8,6.694430498579278e-8,6.165003000267333e-8,5.686808389304011e-8,5.25402028443569e-8,4.861569660047168e-8,4.5050345740434285e-8,4.18054760569328e-8,3.884717903779599e-8,3.6145653309104216e-8,3.36746465693718e-8,3.141098128573703e-8
3.3863207828772954e-5,2.4831875091753082e-5,1.8365806329146133e-5,1.3748837586060269e-5,1.0431004434913336e-5,8.021267795987036e-6,6.249199012767909e-6,4.929065432871206e-6,3.932913995399733e-6,3.1718865408887188e-6,2.583625502273903e-6,2.123862003496571e-6,1.760792848001199e-6,1.4712991029554215e-6,1.238380763704959e-6,1.0493986373965271e-6,8.948563675948054e-7,7.675473482763567e-7,6.61950679498745e-7,5.737988972859841e-7,4.997654370784691e-7,4.372364245820789e-7,3.841424588335797e-7,3.3883349231997235e-7,2.999849622797773e-7,2.665267877665868e-7,2.3758924152768305e-7,2.1246137821983214e-7,1.9055887932731846e-7,1.7139901339226274e-7,1.5458101129376975e-7,1.3977059092511685e-7,1.2668768231473644e-7,1.1509663675379446e-7,1.047983754448184e-7,9.562406123401193e-8,8.742997298177789e-8,8.009333454887474e-8,7.350890535333024e-8,6.75861814351909e-8,6.224708820685241e-8,5.7424070961949286e-8,5.305850854031793e-8,4.909939062292419e-8,4.5502210950130754e-8,4.2228038066405475e-8,3.924273256066361e-8,3.651628562516511e-8,3.402225842733865e-8,3.173730553204942e-8
3.3205173600866536e-5,2.4451981603164095e-5,1.8146162085592234e-5,1.3621914607556842e-5,1.0358228588787621e-5,7.980425370273718e-6,6.227337262753535e-6,4.918528660230294e-6,3.9291190743039075e-6,3.172059682965377e-6,2.586074193019512e-6,2.1275487399680145e-6,1.765081672900546e-6,1.4758026591041064e-6,1.2428667520678377e-6,1.053731913848384e-6,8.989627252236761e-7,7.713906676895106e-7,6.655184173584561e-7,5.770928303962006e-7,5.02795749118294e-7,4.400179349340875e-7,3.866922322801278e-7,3.4116934252812655e-7,3.0212453493346566e-7,2.68487019383922e-7,2.3938606082950824e-7,2.1410956281293146e-7,1.9207201041726104e-7,1.7278949090361547e-7,1.5586010474671434e-7,1.409485100057595e-7,1.2777365677557565e-7,1.1609899906524637e-7,1.057246421285722e-7,9.648101046732507e-8,8.822371715007451e-8,8.082938713009362e-8,7.419224196756664e-8,6.822129517216769e-8,6.283803950895706e-8,5.7974532430705584e-8,5.35718050753558e-8,4.957853531244618e-8,4.594993712240139e-8,4.2646827890842794e-8,3.963484255996113e-8,3.688376942993749e-8,3.436698707427733e-8,3.2060985576856195e-8
3.255657875907052e-5,2.407455835552404e-5,1.7926264190225646e-5,1.3493815451804191e-5,1.0284087839862073e-5,7.938306574178933e-6,6.204373891388268e-6,4.907074562761155e-6,3.924572793943712e-6,3.171621563760278e-6,2.588026341525911e-6,2.1308315163091996e-6,1.769040792485868e-6,1.4800359756982425e-6,1.247130182534294e-6,1.057880976135812e-6,9.029158232248343e-7,7.75105828423961e-7,6.689784481099149e-7,5.802958017641569e-7,5.057488780596272e-7,4.427336553125839e-7,3.8918568169785415e-7,3.434567703402876e-7,3.0422231102580314e-7,2.7041103489730514e-7,2.411513839725263e-7,2.1573025967535488e-7,1.9356107131934006e-7,1.741588229900873e-7,1.5712056489429286e-7,1.421099609964205e-7,1.288450356117408e-7,1.1708839025869066e-7,1.0663935143559973e-7,9.732763630150864e-8,8.900821806933007e-8,8.155714456062195e-8,7.486811782354927e-8,6.884968434511936e-8,6.342291739399331e-8,5.8519497769186827e-8,5.408011845198389e-8,5.005315366857305e-8,4.639354464876352e-8,4.306186365069332e-8,4.002352517338163e-8,3.724811912576355e-8,3.470884539006646e-8,3.238203296124675e-8
3.191758250032047e-5,2.3699825822448732e-5,1.770629726724762e-5,1.336467626339347e-5,1.0208678310268053e-5,7.894978420660326e-6,6.180355664053418e-6,4.894736019833153e-6,3.919298514848475e-6,3.1705889780945588e-6,2.5894941706863455e-6,2.1337193364971993e-6,1.772676917898557e-6,1.4840041114607098e-6,1.2511749091978033e-6,1.0618487903681628e-6,9.067179661445695e-7,7.786946371379245e-7,6.723322000879576e-7,5.834089496259948e-7,5.086257377672345e-7,4.453843246274398e-7,3.916234085194076e-7,3.45696268370832e-7,3.062786964408171e-7,2.7229917061127766e-7,2.4288549109376123e-7,2.1732370333560213e-7,1.9502625931981857e-7,1.7550717636516576e-7,1.5836253322495774e-7,1.432550644722564e-7,1.299019219799446e-7,1.1806489891943483e-7,1.0754257971031342e-7,9.816400475657973e-8,8.97835330181699e-8,8.227665669076412e-8,7.553657643684736e-8,6.947138704921472e-8,6.400175530404439e-8,5.9058996412639345e-8,5.458347464477201e-8,5.0523268668302406e-8,4.6833053902574254e-8,4.347316345179656e-8,4.040879652689363e-8,3.760934910560663e-8,3.504784624711477e-8,3.270045922039563e-8
3.128831654736982e-5,2.332798681433247e-5,1.748643557113987e-5,1.3234627229328196e-5,1.0132092683477731e-5,7.850505906641831e-6,6.155328140193527e-6,4.881545173824366e-6,3.91331913744426e-6,3.168978427608614e-6,2.590489712937603e-6,2.136221078535387e-6,1.7759966755515622e-6,1.4877120672372893e-6,1.2550047460460304e-6,1.0656382944927208e-6,9.103714385099497e-7,7.82158886096301e-7,6.755810911695271e-7,5.86433404544821e-7,5.114272364248815e-7,4.479706775468214e-7,3.94006010985488e-7,3.4788832681457845e-7,3.0829409521599276e-7,2.7415176141223393e-7,2.4458866123468404e-7,2.1889012747118736e-7,1.9646777104059448e-7,1.768347172212256e-7,1.595861508166244e-7,1.443839406837014e-7,1.309444187791012e-7,1.1902861342742947e-7,1.0843440313303973e-7,9.899018172108473e-8,9.054971916962142e-8,8.298797328582695e-8,7.619766125448984e-8,7.008644132426832e-8,6.457458663643887e-8,5.959305776009698e-8,5.5081899598977655e-8,5.098890326490532e-8,4.72684852379966e-8,4.388074538448095e-8,4.079067273395299e-8,3.7967473752360724e-8,3.538400250975613e-8,3.301627588303091e-8
3.0668887111782204e-5,2.295922738197098e-5,1.7266843390880335e-5,1.3103792760952866e-5,1.0054420287696702e-5,7.80495205203177e-6,6.129335691894606e-6,4.867533439064252e-6,3.906657106359761e-6,3.166806122800965e-6,2.591024811180593e-6,2.1383454948229967e-6,1.779006607231579e-6,1.491164785974414e-6,1.2586234668858649e-6,1.0692523982027627e-6,9.138785047368817e-7,7.855003530862326e-7,6.787265286994228e-7,5.893702893470252e-7,5.141542764814706e-7,4.504934444520408e-7,3.963340841071651e-7,3.5003343341542655e-7,3.1026890951618045e-7,2.759691407466976e-7,2.462611723231072e-7,2.2042976489355196e-7,1.9788580242657956e-7,1.7814161121894632e-7,1.6079155832778617e-7,1.4549670954897968e-7,1.3197262864400615e-7,1.199796219519155e-7,1.0931489771547387e-7,9.980623294823046e-8,9.130683358781241e-8,8.369114402329278e-8,7.685141565254002e-8,7.069488515265625e-8,6.514144474195342e-8,6.012171117282614e-8,5.557541922919838e-8,5.1450080386757374e-8,4.769985898898168e-8,4.428462752267699e-8,4.1169169894727514e-8,3.832250743817267e-8,3.5717327033653244e-8,3.332949447090935e-8
3.0059376751681855e-5,2.2593717686829523e-5,1.7047675444151176e-5,1.2972291673145724e-5,9.975747178706383e-6,7.758377938795154e-6,6.1024215226428905e-6,4.852731510947964e-6,3.899334414865966e-6,3.164087985164867e-6,2.591111119770745e-6,2.1401012125738697e-6,1.7817131702359408e-6,1.4943671527214536e-6,1.2620348052861098e-6,1.0726939828582857e-6,9.172414090473701e-7,7.887208013394069e-7,6.817699094210425e-7,5.92220719062304e-7,5.168077545999871e-7,4.529533513945127e-7,3.9860821962981706e-7,3.5213207343622204e-7,3.122035396084579e-7,2.77751640600361e-7,2.479033011556972e-7,2.2194284753342616e-7,1.9928054873344718e-7,1.7942802347702904e-7,1.6197889598885815e-7,1.4659349064681233e-7,1.3298665393916801e-7,1.2091801244619442e-7,1.1018413929623988e-7,1.0061222405209711e-7,9.205493322473712e-8,8.438621849005273e-8,7.749788293371813e-8,7.129675645727146e-8,6.570236292304762e-8,6.064498597279984e-8,5.606405941804989e-8,5.19068229361893e-8,4.8127195468268636e-8,4.468482792304402e-8,4.1544304095333594e-8,3.867446452377183e-8,3.604783266521121e-8,3.364012649830104e-8
2.9459846128087764e-5,2.2231612838417286e-5,1.6829077261439655e-5,1.284023736064824e-5,9.896156222072733e-6,7.710842750032173e-6,6.074627686235736e-6,4.837169375205759e-6,3.891372609440469e-6,3.160839649417236e-6,2.5907601055743847e-6,2.1414967342821615e-6,1.7841227375428516e-6,1.4973239946567756e-6,1.2652424545371394e-6,1.075965901418995e-6,9.204623753957023e-7,7.918219794608976e-7,6.847126194119828e-7,5.949858008672986e-7,5.19388561609153e-7,4.553511200547803e-7,4.0082900599863524e-7,3.5418472962985e-7,3.1409838383794656e-7,2.794995914778527e-7,2.4951532338103687e-7,2.2342960642665358e-7,2.0065220451573447e-7,1.8069411856220035e-7,1.6314830359376286e-7,1.4767440320930384e-7,1.3398659675279123e-7,1.218438726425287e-7,1.1104220353654594e-7,1.0140822050394001e-7,9.279407491709424e-8,8.507324617969407e-8,7.813710632507286e-8,7.189209309951503e-8,6.625737443213158e-8,6.116291144120059e-8,5.65478460148665e-8,5.2359153788358695e-8,4.85505149664009e-8,4.50813646241117e-8,4.191609140708534e-8,3.902335935781306e-8,3.6375532240998434e-8,3.39481834714798e-8
2.8870335663673746e-5,2.1873053699292665e-5,1.6611185559964395e-5,1.270773797141837e-5,9.815727174642302e-6,7.662403809014805e-6,6.045995105817302e-6,4.8208763173118795e-6,3.8827927944466305e-6,3.157076465813868e-6,2.589983049087843e-6,2.142540438232789e-6,1.7862415980134368e-6,1.5000400811365657e-6,1.2682500676269105e-6,1.0790709783891406e-6,9.235436074032711e-7,7.948056213643786e-7,6.875560340243232e-7,5.976666340327716e-7,5.218975824577464e-7,4.576874677035575e-7,4.0299702832568656e-7,3.561918822115104e-7,3.1595383860453156e-7,2.812133223832237e-7,2.5109751348326993e-7,2.2489027170046168e-7,2.020009636153064e-7,1.8194006047949628e-7,1.642999204917292e-7,1.4873956611502062e-7,1.349725588909096e-7,1.2275729004715314e-7,1.1188916591594246e-7,1.0219428762856656e-7,9.352431538318592e-8,8.575227648984316e-8,7.876912897569772e-8,7.248093287733075e-8,6.680651246986793e-8,6.167551681694777e-8,5.702680483442445e-8,5.2807095790138305e-8,4.896983775075921e-8,4.547425564543577e-8,4.228454788575569e-8,3.936920627622791e-8,3.6700438587178563e-8,3.425367688822255e-8
2.8290867107799932e-5,2.151816765827618e-5,1.6394128607388657e-5,1.2574896576907575e-5,9.734536765254357e-6,7.613116618138657e-6,6.016563593013675e-6,4.803880932017768e-6,3.873615636919248e-6,3.152813502545975e-6,2.588791045615918e-6,2.1432405790546243e-6,1.7880759566244874e-6,1.5025201237655855e-6,1.2710612572328067e-6,1.0820120097738356e-6,9.264872883017843e-7,7.976734462135069e-7,6.903015178295207e-7,6.002643098741913e-7,5.243356961714964e-7,4.599631071647274e-7,4.0511286835847004e-7,3.581540088321476e-7,3.17770298340498e-7,2.8289316080113974e-7,2.526501447662873e-7,2.2632507256016164e-7,2.03327019150164e-7,1.8316601266283081e-7,1.6543388557933046e-7,1.4978909788224297e-7,1.3594464187166415e-7,1.2365835193541441e-7,1.1272510172818047e-7,1.0297049060079639e-7,9.424571121988992e-8,8.642335871956605e-8,7.939399395449273e-8,7.306331352327571e-8,6.734981018350405e-8,6.218283129525376e-8,5.7500961655689347e-8,5.325067175902748e-8,4.938518406461012e-8,4.5863518986766535e-8,4.264968957084856e-8,3.9712019601587086e-8,3.702256451894863e-8,3.455661823731527e-8
2.7721445011645065e-5,2.116706937249541e-5,1.6178026575308513e-5,1.2441811339175331e-5,9.65265877460176e-6,7.563034897747705e-6,5.98637186714243e-6,4.786211132995404e-6,3.863861371447635e-6,3.148065548212486e-6,2.587195006506479e-6,2.143605288314319e-6,1.7896319347303874e-6,1.5047687764890033e-6,1.2736795957286958e-6,1.084791763046414e-6,9.292955808845803e-7,8.004271583692643e-7,6.929504245677426e-7,6.027799117056735e-7,5.26703775812509e-7,4.6217874678028604e-7,4.0717710444994136e-7,3.600715845530297e-7,3.1954815548903744e-7,2.845394326787603e-7,2.5417348933846236e-7,2.2773423727629395e-7,2.0463056350359391e-7,1.8437213796582905e-7,1.6655033729273162e-7,1.5082311666239956e-7,1.369029469197249e-7,1.2454714534702276e-7,1.1355008607716014e-7,1.0373689444200156e-7,9.49583188996939e-8,8.708654206681999e-8,8.001174424797353e-8,7.363927270262774e-8,6.788730066523583e-8,6.268488402620732e-8,5.7970342220583095e-8,5.368990448207843e-8,4.979657412617187e-8,4.624917262723238e-8,4.30115324848839e-8,4.0051813642472396e-8,3.734192283998747e-8,3.485701899806686e-8
2.7162058117234226e-5,2.0819861478926367e-5,1.596299188253075e-5,1.2308575674765066e-5,9.570164114180187e-6,7.5122106247942055e-6,5.955457574474277e-6,4.767894162576856e-6,3.85354980514827e-6,3.142847114363529e-6,2.585205660438111e-6,2.1436425751489114e-6,1.7909155703530529e-6,1.5067906357044779e-6,1.2761086152066735e-6,1.087412977126533e-6,9.319706274657981e-7,8.030684473431619e-7,6.95504097101536e-7,6.052145147971573e-7,5.290026884411498e-7,4.6433509037711677e-7,4.091903115299851e-7,3.619450818214187e-7,3.212878004836248e-7,2.8615246240829433e-7,2.556678180979162e-7,2.291179931721737e-7,2.0591178831365166e-7,1.8555859865293585e-7,1.6764941360015245e-7,1.518417402336733e-7,1.378475749608595e-7,1.254237570814242e-7,1.1436419387297798e-7,1.0449356401672296e-7,9.566219476779267e-8,8.774187562596226e-8,8.06224227581218e-8,7.42088480115324e-8,6.841901695060416e-8,6.318170411338202e-8,5.8434972232776557e-8,5.412481671484536e-8,5.020402812769546e-8,4.663123452453636e-8,4.337009263269298e-8,4.038860269285842e-8,3.765852634191234e-8,3.515489063983021e-8
2.6612680664111505e-5,2.0476635276131662e-5,1.574912952817618e-5,1.2175278415277675e-5,9.487120904269392e-6,7.4606940712963546e-6,5.92385730752402e-6,4.748956601577079e-6,3.842700322719084e-6,3.137172438109877e-6,2.5828335547579277e-6,2.143360326935191e-6,1.7919328184987872e-6,1.508590240393694e-6,1.27835180751297e-6,1.0898783623685773e-6,9.345145498471695e-7,8.055989877560261e-7,6.979638673737022e-7,6.075691863347595e-7,5.31233295080304e-7,4.6643283723562847e-7,4.1115306107828814e-7,3.6377497044733754e-7,3.229896217282349e-7,2.877325728102168e-7,2.5713340071830286e-7,2.304765666118642e-7,2.0717088446298056e-7,1.8672555639078548e-7,1.687312519945497e-7,1.5284508599477956e-7,1.387786266166322e-7,1.2628827369328073e-7,1.1516749982806914e-7,1.0524056402936608e-7,9.635739503925296e-8,8.838940838530754e-8,8.122607230028306e-8,7.477207697518371e-8,6.894499201692e-8,6.367332061246908e-8,5.8894877356501427e-8,5.4555431180348134e-8,5.060756623456076e-8,4.7009722614165656e-8,4.372538600072663e-8,4.0722401031505044e-8,3.7972387803742826e-8,3.545024462152997e-8
2.607327361734456e-5,2.0137471376922884e-5,1.553653741466783e-5,1.2042003964589337e-5,9.403594550895727e-6,7.4085338425607045e-6,5.8916066243505615e-6,4.729424379187498e-6,3.831331891567683e-6,3.1310554847940763e-6,2.580089056866452e-6,2.1427663099941877e-6,1.7926895515006067e-6,1.5101720722725732e-6,1.2804126242974957e-6,1.0921906005601252e-6,9.36929449292181e-7,8.080204393023059e-7,7.003310563692454e-7,6.098449853841922e-7,5.333964506820065e-7,4.68472682060159e-7,4.130659210985548e-7,3.6556171758139927e-7,3.2465400557838544e-7,2.8928008511713205e-7,2.585705056351002e-7,2.31810182988548e-7,2.0840804206894042e-7,1.8787317223982668e-7,1.6979598948650047e-7,1.5383327095891316e-7,1.3969620219924894e-7,1.271407814880669e-7,1.159600784534358e-7,1.0597795902096782e-7,9.704397579623683e-8,8.902918922473938e-8,8.182273560110462e-8,7.53289970460444e-8,6.946525878172172e-8,6.41597625299394e-8,5.935008321538416e-8,5.4981770568056904e-8,5.1007208584389525e-8,4.738465480861473e-8,4.407742855637313e-8,4.1053222921357635e-8,3.828351999137537e-8,3.5743092391198356e-8
2.5543785820480555e-5,1.9802440332700503e-5,1.5325306660680058e-5,1.1908832452669678e-5,9.319647821729869e-6,7.355776915136714e-6,5.8587400678458455e-6,4.7093227829283284e-6,3.8194630670066e-6,3.124509950718681e-6,2.5769823556470863e-6,2.141868170328824e-6,1.7931915593851364e-6,1.5115405559594087e-6,1.2822944770764767e-6,1.0943523449300045e-6,9.392174065073526e-7,8.103344467196397e-7,7.026069740813277e-7,6.120429628571765e-7,5.354930040962998e-7,4.7045531495111317e-7,4.149294560941112e-7,3.6730578769366317e-7,3.2628133632298696e-7,2.9079531895826684e-7,2.5997940003241264e-7,2.3311906671329779e-7,2.0962345047406964e-7,1.8900160664620627e-7,1.7084376259729182e-7,1.54806411747861e-7,1.406004017065304e-7,1.279813665177749e-7,1.1674200405497096e-7,1.0670581336604275e-7,9.772199298528943e-8,8.966126691337402e-8,8.241245529651793e-8,7.587964560209807e-8,6.997985010126154e-8,6.464105882172836e-8,5.980061539130222e-8,5.540385753289404e-8,5.1402975286172565e-8,4.775604899662129e-8,4.442623624728847e-8,4.138108260895894e-8,3.859193565706279e-8,3.60334453855173e-8
2.502415507699211e-5,1.9471603230243393e-5,1.5115521904145293e-5,1.1775839885966312e-5,9.235340920877187e-6,7.3024686744746294e-6,5.825291184994486e-6,4.688676468648174e-6,3.8071119975081306e-6,3.1175492659272873e-6,2.5735234629372616e-6,2.140673434393143e-6,1.793444550262885e-6,1.5127000591602146e-6,1.2840007373077937e-6,1.0963662201657e-6,9.413804816304395e-7,8.125426397636045e-7,7.047929194810358e-7,6.141641614807885e-7,5.375237980423496e-7,4.723814213788043e-7,4.167442270447707e-7,3.6900764255350386e-7,3.2787199616699125e-7,2.9227859234459285e-7,2.6136034983024936e-7,2.3440344120423438e-7,2.1081729823684041e-7,1.901110194338974e-7,1.7187470735221646e-7,1.5576462458627722e-7,1.4149132481702192e-7,1.2881011457672874e-7,1.17513350729869e-7,1.0742419126949985e-7,9.839150241468509e-8,9.028569010727081e-8,8.299527392976233e-8,7.642405994514006e-8,7.048879876902072e-8,6.511723839194506e-8,6.024649942325992e-8,5.5821714694252705e-8,5.1794886419413e-8,4.8123923042415764e-8,4.4771825000736666e-8,4.170599432386897e-8,3.889764753890499e-8,3.632131502936776e-8
2.4514309163664067e-5,1.9145012261734248e-5,1.4907261595428661e-5,1.1643098294330151e-5,9.150731562524318e-6,7.248652952258086e-6,5.791292546086107e-6,4.66750947056047e-6,3.7942964300127366e-6,3.110186597034295e-6,2.569722215038744e-6,2.1391895098914566e-6,1.7934541507407826e-6,1.5136548928705392e-6,1.2855347364784453e-6,1.098234822439747e-6,9.434207142253144e-7,8.1464663318743e-7,7.068901804909406e-7,6.162096157696041e-7,5.394896690816847e-7,4.742516821589525e-7,4.1851079138499206e-7,3.7066774121048497e-7,3.294263652147941e-7,2.937302216545494e-7,2.627136196722952e-7,2.3566352887606402e-7,2.119897731227287e-7,1.9120156979707716e-7,1.728889592740552e-7,1.5670802529611715e-7,1.4236907088523057e-7,1.296271111975026e-7,1.182741923631234e-7,1.0813315676363196e-7,9.905255975183562e-8,9.090250734719669e-8,8.357123394945061e-8,7.696227729910022e-8,7.099213751425639e-8,6.558833009160668e-8,6.068776080628654e-8,5.623536463503521e-8,5.2182962033283074e-8,4.848829478498257e-8,4.5114210722942485e-8,4.202797227809507e-8,3.920066836034579e-8,3.660671273538658e-8
2.4014166779279878e-5,1.882271126881841e-5,1.470059828079743e-5,1.1510675874464263e-5,9.065875043407481e-6,7.1943720633872136e-6,5.75677576386396e-6,4.6458452113059045e-6,3.7810337152841515e-6,3.102434850099505e-6,2.5655882742647123e-6,2.1374236866057508e-6,1.7932259063559959e-6,1.5144093115931012e-6,1.2868997662037287e-6,1.0999607194448121e-6,9.453401232832858e-7,8.166480267265588e-7,7.089000339622776e-7,6.181803520006484e-7,5.413914475935643e-7,4.7606677342977774e-7,4.2022970298329104e-7,3.722865399761813e-7,3.309448214544197e-7,2.9515052162036235e-7,2.6403947291413963e-7,2.368995511299967e-7,2.1314106209558563e-7,1.9227341629274088e-7,1.738866533767657e-7,1.5763672929123292e-7,1.432337389369923e-7,1.304324416469467e-7,1.1902460262411338e-7,1.0883277370517613e-7,9.97052205207554e-8,9.151176705643661e-8,8.414037770767488e-8,7.7494334808402e-8,7.148989900057272e-8,6.605436271739947e-8,6.112442499035291e-8,5.6644829900707126e-8,5.2567222145797526e-8,4.884918203733438e-8,4.5453409298452706e-8,4.234703066553017e-8,3.9501010829678494e-8,3.6889649903528436e-8
2.3523638431865586e-5,1.8504736261500878e-5,1.4495598876323367e-5,1.137863712988652e-5,8.980824314073447e-6,7.139666842587037e-6,5.721771512594175e-6,4.623706512031364e-6,3.767340813305222e-6,3.0943066735436534e-6,2.5611311305210163e-6,2.1353831372499108e-6,1.7927652820300149e-6,1.51496751357053e-6,1.2880990783376877e-6,1.1015464504371517e-6,9.471407072307176e-7,8.185484050878925e-7,7.108237456556469e-7,6.200773881909793e-7,5.432299577523695e-7,4.778273666306897e-7,4.2190151212284807e-7,3.7386449240695743e-7,3.3242774074242144e-7,2.965398053149441e-7,2.653381716119808e-7,2.3811172834402346e-7,2.1427135130928876e-7,1.933267168335504e-7,1.7486792415935262e-7,1.5855085157211572e-7,1.4408542766496716e-7,1.31226190922316e-7,1.1976465496327028e-7,1.0952310577244576e-7,1.0034954009958584e-7,9.211351753865302e-8,8.470274745815243e-8,7.802026953635356e-8,7.198211582452556e-8,6.651536501045835e-8,6.155651737931047e-8,5.705013299836797e-8,5.294768674299948e-8,4.920660258579931e-8,4.578943658951003e-8,4.2663183661401625e-8,3.979868763955878e-8,3.7170137920636784e-8
2.3042627267649715e-5,1.8191115912690283e-5,1.4292324932369702e-5,1.1247043007404071e-5,8.89563004890693e-6,7.084576680620531e-6,5.686309547040476e-6,4.601115602475902e-6,3.753234298708858e-6,3.0858144611012065e-6,2.55636010291954e-6,2.1330749183491684e-6,1.7920776625420338e-6,1.5153336410326407e-6,1.2891358850943628e-6,1.102994526288157e-6,9.488244439426451e-7,8.203493379435839e-7,7.126625702251726e-7,6.21901734077906e-7,5.450060175070158e-7,4.795341284824859e-7,4.2352676548332044e-7,3.7540204928767124e-7,3.3387549678951924e-7,2.978983841393706e-7,2.666099765117673e-7,2.393002798635569e-7,2.1538082609969932e-7,1.9436162868092135e-7,1.7583290559992555e-7,1.5945050672080002e-7,1.449242354242505e-7,1.3200844374749887e-7,1.2049442260883398e-7,1.1020421646252836e-7,1.0098557371817626e-7,9.270780697579376e-8,8.525838535441377e-8,7.85401184635724e-8,7.24688205142512e-8,6.697136565517564e-8,6.19840633298478e-8,5.745129639584105e-8,5.332437577816312e-8,4.956057418931916e-8,4.612230843543609e-8,4.2976445421727626e-8,4.0093711466525656e-8,3.7448188160020054e-8
2.2571029844787328e-5,1.7881872029197357e-5,1.4090832888823308e-5,1.1115951030103164e-5,8.810340714902134e-6,7.029139560085489e-6,5.650418721331219e-6,4.578094131054766e-6,3.738730366238128e-6,3.07697035480708e-6,2.551284341421111e-6,2.1305059711434145e-6,1.7911683530206396e-6,1.5155117804575635e-6,1.290013359179473e-6,1.1043074295436667e-6,9.503932907622807e-7,8.220523799292311e-7,7.144177512059904e-7,6.2365439110175e-7,5.467204385622777e-7,4.81187720969071e-7,4.2510600612380227e-7,3.768996586162703e-7,3.352884611469468e-7,2.99226567810903e-7,2.6785514703878817e-7,2.404654239924222e-7,2.164696709768853e-7,1.9537830843832885e-7,1.767817311499469e-7,1.6033580889590704e-7,1.4575026022811593e-7,1.3277928456934698e-7,1.2121397856368403e-7,1.1087616908855422e-7,1.0161337645572191e-7,9.329468342604469e-8,8.580733344802544e-8,7.905391848644489e-8,7.295004552812407e-8,6.742239327802912e-8,6.240708815046914e-8,5.7848342520777984e-8,5.3697309171008246e-8,4.991111457876095e-8,4.645204065202601e-8,4.328683008278353e-8,4.038609497053001e-8,3.772381198103463e-8
2.2108736854793533e-5,1.7577019999995662e-5,1.3891174321242714e-5,1.0985415426865704e-5,8.72500263915881e-6,6.97339209077682e-6,5.614127007704801e-6,4.554663174933263e-6,3.7238448362306113e-6,3.0677862480136493e-6,2.545912828506205e-6,2.127683122512915e-6,1.7900425794529695e-6,1.5155059628460597e-6,1.2907346339320392e-6,1.105487614490806e-6,9.518491845261232e-7,8.236590706463369e-7,7.160905210049495e-7,6.253363523910405e-7,5.483740263620234e-7,4.827888013206123e-7,4.2663977346691806e-7,3.7835776558928437e-7,3.366670031934773e-7,3.0052466435156973e-7,2.6907394128769984e-7,2.4160737798419613e-7,2.1753806961763063e-7,1.963769120448398e-7,1.7771453372865385e-7,1.6120687182784268e-7,1.4656359974387115e-7,1.335387975541025e-7,1.219233956022594e-7,1.1153902677702993e-7,1.0223300323845485e-7,9.387419482183122e-8,8.634963368685508e-8,7.956170641561438e-8,7.342582325344206e-8,6.786847644643523e-8,6.28256171004914e-8,5.824129375978046e-8,5.4066506806930085e-8,5.025824145624049e-8,4.6778649030952194e-8,4.359435176057595e-8,4.067585079447118e-8,3.799702072867447e-8
2.165563379451772e-5,1.7276569222545684e-5,1.3693396178099747e-5,1.0855487258428096e-5,8.639660075087316e-6,6.91736954459749e-6,5.577461515121855e-6,4.530843250082087e-6,3.70859316012132e-6,3.0582737884349974e-6,2.5402543808709537e-6,2.124613085925157e-6,1.7887054892104058e-6,1.5153201640086277e-6,1.2913028034756597e-6,1.1065375072320533e-6,9.53194041594556e-7,8.251709346688934e-7,7.17682100894476e-7,6.269486027501532e-7,5.499675800742859e-7,4.843380219981289e-7,4.281286032840251e-7,3.797768125881644e-7,3.380114901231397e-7,3.0179298007727123e-7,2.7026661601296707e-7,2.427263580338837e-7,2.185862048582136e-7,1.9735759476886967e-7,1.786314457176609e-7,1.6206380881413398e-7,1.4736435128883426e-7,1.3428706658392164e-7,1.2262274626755002e-7,1.1219285246523914e-7,1.0284450883739262e-7,9.444638896786303e-8,8.688532791337296e-8,8.006351897450477e-8,7.389618600513724e-8,6.830964366762324e-8,6.323967538905903e-8,5.863017245753782e-8,5.443198853624303e-8,5.060197249445623e-8,4.710214933917877e-8,4.38990245503271e-8,4.0962991563739504e-8,3.826782573316747e-8
2.1211601591383538e-5,1.6980523507977e-5,1.3497541009301046e-5,1.0726214540004164e-5,8.554355267308696e-6,6.861105890002549e-6,5.540448507732626e-6,4.506654321306797e-6,3.692990425959803e-6,3.048444381215184e-6,2.5343176511467876e-6,2.1213024624014667e-6,1.787162151589904e-6,1.5149583048645736e-6,1.2917209228789116e-6,1.1074595057662778e-6,9.544297578877288e-7,8.265894815539684e-7,7.191937010094637e-7,6.284921186492239e-7,5.515018925781194e-7,4.858360306794592e-7,4.295730276814846e-7,3.8115723916647935e-7,3.393222869335916e-7,3.0303181958741837e-7,2.7143342661973227e-7,2.4382257926992357e-7,2.1961425868744964e-7,1.9832051120213877e-7,1.7953259895573244e-7,1.629067327149119e-7,1.4815261182642647e-7,1.3502417525349537e-7,1.2331210286817445e-7,1.1283770889870617e-7,1.0344794786614028e-7,9.501131353922468e-8,8.741445786299139e-8,8.055939279787329e-8,7.43611660245157e-8,6.874592338753366e-8,6.364928817418073e-8,5.901500091598154e-8,5.479377417343763e-8,5.094232533603661e-8,4.7422557318385684e-8,4.420086252596594e-8,4.1247529885768424e-8,3.853623830957764e-8
2.0776517184508065e-5,1.6688881465914213e-5,1.330364718617913e-5,1.0597642360498828e-5,8.469128515240496e-6,6.804633825962568e-6,5.5031134231885216e-6,4.4821158122439845e-6,3.6770513639366145e-6,3.0383091920176107e-6,2.528111129641551e-6,2.1177577415021726e-6,1.785417558370307e-6,1.514424251752705e-6,1.2919920083246596e-6,1.1082559800764672e-6,9.555582089264972e-7,8.279162058561887e-7,7.206265203471429e-7,6.299678682163816e-7,5.52977750452207e-7,4.872834702465778e-7,4.309735750879839e-7,3.824994820379219e-7,3.405997564151348e-7,3.042414857550711e-7,2.72574627155082e-7,2.448962557465235e-7,2.2062241224000188e-7,1.9926581525385958e-7,1.8041812473373252e-7,1.637357559485297e-7,1.4892847796237346e-7,1.3575020686676017e-7,1.2399153747552568e-7,1.1347365862872535e-7,1.0404337477874324e-7,9.556901607950956e-8,8.793706516244002e-8,8.104936443039492e-8,7.482079547801979e-8,6.917734398973686e-8,6.405448056178107e-8,5.939580139345591e-8,5.5151883496450426e-8,5.1279317592898265e-8,4.7739888684403495e-8,4.44998797396293e-8,4.152947834959202e-8,3.8802269757414104e-8
2.0350254064204733e-5,1.640163686972073e-5,1.3111749113150059e-5,1.0469812998343317e-5,8.38401823535946e-6,6.747984815433218e-6,5.465480890788216e-6,4.457246615317628e-6,3.6607903519144076e-6,3.0278791501325063e-6,2.52164314610039e-6,2.113985302329037e-6,1.7834766243825553e-6,1.5137218167529858e-6,1.2921190372877377e-6,1.1089292722239527e-6,9.56581249878297e-7,8.291525871459129e-7,7.219817467697894e-7,6.313768112321278e-7,5.543959339651656e-7,4.886809787742439e-7,4.323307702428911e-7,3.8380397506512175e-7,3.418442591403709e-7,3.0542227971758694e-7,2.736904702997125e-7,2.459476004363131e-7,2.21610845789937e-7,2.001936601451135e-7,1.8128815378973758e-7,1.6455099048731904e-7,1.4969204594102803e-7,1.3646524443370325e-7,1.246611219210034e-7,1.1410076400995225e-7,1.0463084386759216e-7,9.611954399899954e-8,8.845319132817926e-8,8.153347032527756e-8,7.527510645601896e-8,6.960393379437488e-8,6.445527760477441e-8,5.977259610390145e-8,5.5506336245950266e-8,5.161296684561499e-8,4.8054159126657157e-8,4.479609022117031e-8,4.180884952541085e-8,3.906593136024613e-8
1.993268277226705e-5,1.6118779002923078e-5,1.2921877431237207e-5,1.0342766033987128e-5,8.299061022136544e-6,6.691189118321069e-6,5.427574749448789e-6,4.432065101648583e-6,3.644221420959877e-6,3.0171649515998185e-6,2.514921871484506e-6,2.109991414543927e-6,1.7813441880932935e-6,1.5128547580186677e-6,1.2921049487208045e-6,1.1094816964487858e-6,9.575007156077793e-7,8.303000900311133e-7,7.232605570102292e-7,6.327198991259136e-7,5.55757217067491e-7,4.900291895199052e-7,4.336451341856054e-7,3.850711492492501e-7,3.4305615345447635e-7,3.0657450086775666e-7,2.747812073599949e-7,2.469768252233052e-7,2.2257973874454403e-7,2.011041984034404e-7,1.821428163043156e-7,1.653525478534813e-7,1.5044341164179276e-7,1.3716937066725856e-7,1.2532092779330863e-7,1.147190871980557e-7,1.0521040926138336e-7,9.666294457288292e-8,8.896287776484848e-8,8.20117468429072e-8,7.572413097162508e-8,7.002572105712315e-8,6.485170430215439e-8,6.014540721605788e-8,5.585715212463246e-8,5.1943290642799067e-8,4.836538430761918e-8,4.508950797767574e-8,4.20856559641646e-8,3.932723438532435e-8
1.9523671365322625e-5,1.584029298756285e-5,1.2734059213664029e-5,1.0216538459085811e-5,8.214291707641167e-6,6.6342758239340175e-6,5.389418065493436e-6,4.406589130911846e-6,3.627358260872053e-6,3.006177062344919e-6,2.507955319766091e-6,2.1057822394023867e-6,1.7790250122009373e-6,1.5118267801183921e-6,1.2919526432478985e-6,1.1099155392761455e-6,9.58318420731988e-7,8.313601641826863e-7,7.24464116680036e-7,6.339980749747317e-7,5.570623673851304e-7,4.913287309148733e-7,4.3491718424588375e-7,3.863014327203786e-7,3.4423579546607047e-7,3.07698446845425e-7,2.75847088260411e-7,2.47984140896169e-7,2.2352926963838992e-7,2.019975818576245e-7,1.829822418959649e-7,1.6614053911511096e-7,1.511826705756575e-7,1.3786266798028683e-7,1.259710264358237e-7,1.1532869014743404e-7,1.0578212492312517e-7,9.719926493952004e-8,8.946616576374956e-8,8.24842302495229e-8,7.616790095953252e-8,7.044273396817532e-8,6.524378559810133e-8,6.051425685267946e-8,5.620435079653124e-8,5.2270306500492574e-8,4.867357986227342e-8,4.5380146992991494e-8,4.235991019711184e-8,3.958619008320764e-8
1.9123085843443563e-5,1.5566160095210424e-5,1.2548318153721209e-5,1.0091164782426787e-5,8.129743419813766e-6,6.57727288290878e-6,5.351033150247522e-6,4.3808360611350915e-6,3.610214225703296e-6,2.9949257213244644e-6,2.5007513497377977e-6,2.101363830801179e-6,1.7765237842435676e-6,1.510641534387781e-6,1.291664983365456e-6,1.1102330596284194e-6,9.5903615967999e-7,8.323342443632235e-7,7.255935802803357e-7,6.35212273503775e-7,5.583121462145921e-7,4.925802265567033e-7,4.36147434035119e-7,3.874952507286014e-7,3.4538353903868597e-7,3.0879441352956364e-7,2.768883615363734e-7,2.48969757141803e-7,2.2445961612762497e-7,2.0287396163267563e-7,1.838065596167182e-7,1.669150748823458e-7,1.519099178818397e-7,1.3854521848265253e-7,1.266114889440561e-7,1.159296346089852e-7,1.0634604464819512e-7,9.772855209874696e-8,8.996309650136468e-8,8.295095671591945e-8,7.660644827488306e-8,7.085500065124682e-8,6.563154638111022e-8,6.087916708976615e-8,5.6547951886341376e-8,5.259403190157161e-8,4.89787613975876e-8,4.5668021227255776e-8,4.263162473541622e-8,3.9842809687397105e-8
1.8730790546095883e-5,1.5296358041355628e-5,1.2364674745115776e-5,9.966677132638627e-6,8.045447639408348e-6,6.520207138607443e-6,5.312441577435886e-6,4.354822758433625e-6,3.5928023392692784e-6,2.9834209436800547e-6,2.493317666835149e-6,2.096742136338692e-6,1.773845117217855e-6,1.5093026192899984e-6,1.2912447936504012e-6,1.110436488942879e-6,9.596557067567404e-7,8.33223750459002e-7,7.266500912151485e-7,6.36363421089021e-7,5.59507308519601e-7,4.93784295202765e-7,4.3733639343854836e-7,3.886530256358682e-7,3.464997357828148e-7,3.0986269503082525e-7,2.7790527432740326e-7,2.4993388253919467e-7,2.2537095498451887e-7,2.037334881450031e-7,1.8461589794789264e-7,1.6767626530365033e-7,1.5262524832453308e-7,1.3921710397837443e-7,1.2724238616315664e-7,1.1652198212794327e-7,1.0690222206244925e-7,9.825085291022066e-8,9.045371103791124e-8,8.341196231618267e-8,7.703980469215592e-8,7.12625491626012e-8,6.601501148313175e-8,6.124015995581064e-8,5.6887974978755165e-8,5.2914484295158314e-8,4.928094449199453e-8,4.595314461644102e-8,4.290081206974097e-8,4.0097104413974606e-8
1.8346648517410763e-5,1.5030861263876938e-5,1.218314645500945e-5,9.843105357732415e-6,7.961434255607704e-6,6.463104357976244e-6,5.273664200374283e-6,4.328565606676284e-6,3.5751353006443215e-6,2.971672523897342e-6,2.485661824970147e-6,2.0919229983871064e-6,1.7709935502084416e-6,1.5078135807848498e-6,1.290694860975003e-6,1.1105280312945546e-6,9.601788162110499e-7,8.340300875152044e-7,7.27634781807183e-7,6.374524357617366e-7,5.606486029292121e-7,4.949415507649691e-7,4.384845686083631e-7,3.8977517690855127e-7,3.4758473504851923e-7,3.109035836845348e-7,2.788980723706755e-7,2.5087672455358104e-7,2.2626346209223257e-7,2.0457631109777932e-7,1.8541038479600502e-7,1.6842422006221537e-7,1.5332875628975194e-7,1.398784059628732e-7,1.2786378868550706e-7,1.1710579404176572e-7,1.0745071062037632e-7,9.876621409180593e-8,9.093805031592607e-8,8.386728302644913e-8,7.746800190408066e-8,7.166540749009454e-8,6.639420567873466e-8,6.159725743105786e-8,5.7224439617809084e-8,5.3231681096046565e-8,4.9580144694884274e-8,4.623553107190286e-8,4.316748466984882e-8,4.0349085461248705e-8
1.7970521842663786e-5,1.4769641186268942e-5,1.2003747889955002e-5,9.720477121525679e-6,7.877731620317085e-6,6.4059892618615935e-6,5.234721168949222e-6,4.302080517077544e-6,3.5572254896389877e-6,2.959690038968323e-6,2.4777912283750867e-6,2.0869121551754536e-6,1.7679735490270398e-6,1.5061779127059988e-6,1.2900179347282274e-6,1.1105098635242682e-6,9.606072223075108e-7,8.347546457741734e-7,7.285487733159985e-7,6.384802272148202e-7,5.617367717373764e-7,4.960526023056132e-7,4.395924619577072e-7,3.9086212111069536e-7,3.4863888391858897e-7,3.119173700441202e-7,2.798669999949069e-7,2.5179848953087683e-7,2.2713731243981934e-7,2.0540257947648267e-7,1.8619014748882433e-7,1.6915904837249298e-7,1.540205357822834e-7,1.4052920562029089e-7,1.284757668483755e-7,1.1768113147808262e-7,1.0799156360329948e-7,9.927468221799976e-8,9.141615515888796e-8,8.431695472369635e-8,7.789107152057311e-8,7.206360355224238e-8,6.676915368428206e-8,6.1950481446782e-8,5.755736530624604e-8,5.354563968413688e-8,4.98763775261039e-8,4.651519447993729e-8,4.3431654984208335e-8,4.059876400940483e-8
1.760227195775293e-5,1.4512666466293922e-5,1.1826490954938374e-5,9.598817997001618e-6,7.794366601142364e-6,6.34888555477845e-6,5.195631946379863e-6,4.275382937711503e-6,3.5390849722564352e-6,2.947482851554625e-6,2.469713133454448e-6,2.0817152418825592e-6,1.7647895068606108e-6,1.5043990571457958e-6,1.2892167270432286e-6,1.1103841353715001e-6,9.609426394022282e-7,8.353988007166155e-7,7.293931759584906e-7,6.394476968109401e-7,5.627725509039081e-7,4.97118054034326e-7,4.406605721555335e-7,3.9191427189795503e-7,3.496625272022448e-7,3.1290434287497474e-7,2.8081230011459844e-7,2.526993826923951e-7,2.2799268011744432e-7,2.0621244154462898e-7,1.86955312771585e-7,1.698808589768387e-7,1.5470068042273681e-7,1.4116958382090284e-7,1.2907839073164302e-7,1.182480553527015e-7,1.0852483411762669e-7,9.977630371839762e-8,9.188806626986844e-8,8.476101318455974e-8,7.830904506769766e-8,7.245716519730363e-8,6.713988015712681e-8,6.229985388457434e-8,5.788677150488674e-8,5.385637740388123e-8,5.016965847546604e-8,4.679214870134613e-8,4.369333543960959e-8,4.0846151220162834e-8
1.7241759933375924e-5,1.4259903230700569e-5,1.165138500573453e-5,9.478151556659412e-6,7.71136463306124e-6,6.29181595412765e-6,5.156415325757508e-6,4.248487862943255e-6,3.5207255061247434e-6,2.9350601131499254e-6,2.461434650644123e-6,2.0763377917389197e-6,1.761445744928002e-6,1.5024804048473392e-6,1.2882939130307228e-6,1.1101529696119016e-6,9.611867620222245e-7,8.359639131057021e-7,7.301690889315716e-7,6.403557375924103e-7,5.637566700567844e-7,4.981385053060776e-7,4.416893941223051e-7,3.9293204001218833e-7,3.50656007429367e-7,3.1386478914874543e-7,2.817342142246058e-7,2.53579608129821e-7,2.288297383118283e-7,2.0700604483967471e-7,1.8770600680333462e-7,1.7058976014228353e-7,1.5536928344468813e-7,1.4179962111860085e-7,1.2967173015559206e-7,1.1880662636766465e-7,1.0905057509314843e-7,1.002711248761957e-7,9.23538242302194e-8,8.519949408417652e-8,7.87219539866505e-8,7.284612020238644e-8,6.750640969482282e-8,6.264539657564852e-8,5.821267763201561e-8,5.4163911563740226e-8,5.0460003002267826e-8,4.7066407571008746e-8,4.395253844078288e-8,4.1091258236438616e-8
1.6888846735516305e-5,1.4011315296636342e-5,1.1478436994782009e-5,9.3584994599114e-6,7.628749768797533e-6,6.234802218859395e-6,5.1170894463575315e-6,4.22140984277384e-6,3.5021585459023687e-6,2.922430767239258e-6,2.4529627462763367e-6,2.0707852371366225e-6,1.757946513144518e-6,1.5004252956033672e-6,1.2872521310180001e-6,1.1098184621993365e-6,9.613412649483364e-7,8.364513290339051e-7,7.308776004370474e-7,6.412052342927384e-7,5.646898524958004e-7,4.991145506202276e-7,4.4267941902649535e-7,3.9391583327670406e-7,3.5161966484523853e-7,3.147989940380169e-7,2.8263298239504314e-7,2.544393688004711e-7,2.296486593019013e-7,2.077835361691017e-7,1.8844235515343174e-7,1.7128585965741417e-7,1.560264376919235e-7,1.4241939774846053e-7,1.3025585467876318e-7,1.193569050093647e-7,1.0956883928137482e-7,1.0075919182673305e-7,9.281346949828717e-8,8.563243299505753e-8,7.912982963276389e-8,7.323049627257209e-8,6.786876683435046e-8,6.298713130015747e-8,5.853510306277707e-8,5.446825943564743e-8,5.07474265348171e-8,4.7337984897462746e-8,4.420927637002602e-8,4.13340961820131e-8
1.6543393463767258e-5,1.3766864380359935e-5,1.1307651610781844e-5,9.23988153758559e-6,7.546544727909008e-6,6.177865177581171e-6,5.077671809719828e-6,4.1941629920951125e-6,3.4833952486537414e-6,2.909603552453564e-6,2.4443042444489255e-6,2.0650629107466264e-6,1.754295990793713e-6,1.4982370186615356e-6,1.2860939827931564e-6,1.1093826824121391e-6,9.614078033015404e-7,8.368623799724803e-7,7.315197877085467e-7,6.419970633498405e-7,5.655728151974829e-7,5.00046779620582e-7,4.436311342819214e-7,3.948660565921444e-7,3.525538374057912e-7,3.1570724091142027e-7,2.835088432665099e-7,2.5527886652279584e-7,2.3044961445467421e-7,2.0854506160666165e-7,1.891644827981757e-7,1.719692648293755e-7,1.5667223561577558e-7,1.4302899362438642e-7,1.30830833595876e-7,1.1989895154671028e-7,1.1007967925392661e-7,1.012405505560711e-7,9.326704240816464e-8,8.605986538598544e-8,7.953270327453652e-8,7.361032104005818e-8,6.822697605136326e-8,6.332507978652508e-8,5.885406712858416e-8,5.476943825448705e-8,5.10319444699685e-8,4.7606894462491375e-8,4.446356158683875e-8,4.1574676161204607e-8
