2.2846308178614555e-22,1.6516735895644178e-22,4.0462425077159033e-23,3.9080067307240014e-23,1.1420714634419184e-23,8.375461782450523e-25,3.5453411040276e-24,0.0,9.107298248878238e-24,4.878909776184771e-25,1.0408340855860844e-24,0.0,3.5778671692021653e-25,5.600581847245435e-25,1.3010426069826055e-25,2.744386749103933e-26,1.0931807217264002e-24,3.6947577159232583e-25,1.006275141338109e-24,3.7201687043408875e-25,9.709538674376045e-25,1.8753309452210213e-25,8.183608819897424e-25,2.6025934337335636e-24,1.3034566508822803e-24,4.801406261511002e-25,1.742939695565174e-24,8.746462213347906e-25,8.596537381683896e-25,1.1346006328471356e-25,3.2271955290388847e-25,8.18043244634522e-25,5.030740431980104e-25,2.5893797197563966e-25,2.123088082292904e-25,6.355288203249016e-25,8.614325073576236e-26,4.7296202192312e-25,4.00254831313179e-25,1.4998518276150305e-24,4.617176595483192e-25,1.711430069927314e-25,1.7976686118696423e-24,6.725653359435959e-25,1.078124711088955e-24,1.6223963192590465e-24,1.8528422204714193e-24,1.3324569414138994e-24,1.0245392892632798e-24,4.21282424228767e-25
7.317063621670173e-22,7.978643787320828e-23,6.781684588896831e-23,3.5778671692021653e-25,3.756760527662273e-23,3.252606517456514e-25,2.715926442076189e-24,1.0408340855860844e-24,2.7809785724253192e-24,4.553649124439119e-25,5.895349312889931e-25,2.602085213965211e-25,2.4109945810646407e-24,4.878909776184771e-25,7.155734338404331e-25,1.626303258728257e-25,6.098637220230964e-26,5.773376568485312e-25,1.6466320494623602e-25,6.057979638762757e-25,2.857211537678206e-24,2.7647155398380365e-25,5.204170427930422e-25,4.553649124439119e-25,5.204170427930422e-25,4.02001836766891e-25,1.6913553890773873e-24,1.6156306435928527e-24,2.0786188525620534e-24,1.3757509129304347e-24,1.9734173605130692e-24,2.8810978667907777e-24,3.1712913545201008e-24,1.546766864981078e-24,1.7968109910105477e-24,2.3342533960434013e-24,2.6706948826928093e-24,2.4209048665475163e-24,2.3451801210629816e-24,2.118514104377731e-24,1.643074511083892e-24,2.3408602530319846e-24,1.8133281334820065e-24,1.861100791707149e-24,2.0008612280041087e-24,1.1513718852027706e-24,1.7475136734803474e-24,1.6301149069909012e-24,1.2824925854377363e-24,2.1747994437227792e-24
9.315465065995455e-23,6.505213034913027e-23,4.482091781055076e-23,4.423544863740858e-24,1.2294852635985622e-23,7.8875708048320455e-25,4.68375338513738e-24,1.3884564071392493e-24,2.8511129004579754e-24,1.4514756584149693e-24,1.0469327228063154e-25,1.3010426069826055e-24,2.8460307027744494e-25,2.602085213965211e-25,3.9031278209478162e-25,1.9515639104739081e-25,4.269046054161675e-25,1.1765287637362233e-25,1.3010426069826055e-24,1.3660947373317357e-24,4.347820118256324e-25,1.3010426069826055e-25,2.7919052974449e-24,2.060958215611801e-24,2.969146941657862e-24,1.6235080500023178e-24,8.580020239212436e-25,1.4554143616197017e-24,2.5919208185981596e-25,3.0983618177615055e-24,1.5742107324721175e-24,1.0305426352769446e-24,8.331627827430113e-25,2.9286164151317437e-25,3.066471027297381e-25,1.0651651069959642e-24,1.7223567949468946e-24,9.097769128221627e-25,2.2910547157334318e-24,1.979452470262256e-24,1.4992483166401119e-24,3.403103096359922e-24,1.9563602345377357e-24,1.1746547033404232e-24,1.711430069927314e-24,2.2431550025662012e-24,2.0875126985082233e-24,1.791220573558669e-24,1.2845254645111467e-24,1.3243254251202582e-24
4.881511861398736e-22,2.2547068379008555e-22,1.1201976846120234e-22,9.445569326693716e-23,5.2822329843493785e-23,1.9678269430611906e-24,4.106415728288849e-24,6.830473686658679e-25,3.122502256758253e-24,2.602085213965211e-25,5.2895513490136555e-24,8.958898076519284e-24,4.313769393776701e-24,6.375108774214767e-24,9.269928574751064e-25,1.3010426069826055e-25,6.505213034913028e-25,1.6466320494623602e-25,0.0,6.179952383167376e-25,4.553649124439119e-25,4.553649124439119e-25,1.886511780124778e-24,2.8424731643959814e-24,1.5551524911588956e-25,2.4562261404480206e-24,4.694426000272784e-24,8.436448154652833e-25,2.481891238749826e-24,5.364767874729837e-24,4.758461691085209e-24,3.2355811552167024e-24,5.3673089735716006e-24,4.517057301117733e-24,4.296235811768537e-24,4.3806002933150654e-24,3.928030589597093e-24,1.889179933908629e-24,1.5447339859076677e-24,1.024825162882978e-24,3.343323746107449e-24,2.6445215646226515e-24,3.0932796200779798e-24,2.7603956718070397e-24,2.3566150658509147e-24,2.3173550887456777e-24,2.895391547775694e-24,2.7490877819611947e-24,2.9784854799013407e-24,3.1638586404079444e-24
2.4121329933457506e-22,1.9255430583342562e-23,3.7339922820400775e-23,5.984795992119985e-24,8.944667923005413e-23,2.71023438067064e-23,9.952975943416932e-24,1.7173762412170393e-23,5.204170427930422e-25,1.7564075194265173e-24,1.849919956803392e-24,8.153877963448798e-24,4.899238566918874e-25,2.6488414326536485e-24,1.8214596497756476e-24,5.047638739277827e-24,0.0,7.155734338404331e-25,3.5067164016328037e-25,9.757819552369541e-26,1.3010426069826055e-25,4.228388472693468e-25,6.093555022547438e-25,6.783717467970242e-24,8.301769916039398e-24,6.284137435679655e-24,8.058332646998512e-24,7.554686856561106e-24,9.280092970118116e-24,9.071468755209381e-24,9.483634987343324e-24,8.366059716736e-24,6.653613207271981e-24,7.017498561412429e-24,7.558244394939574e-24,7.290158467133588e-24,6.87977100418888e-24,4.664186924055806e-24,5.5910527265888236e-24,6.844576785230463e-24,4.2288966924618205e-24,4.998976696458068e-24,4.755158262590917e-24,3.88711889824471e-24,4.662026990040307e-24,4.413888688142159e-24,4.210854890685304e-24,3.6454603983930585e-24,2.955107370557122e-24,3.57481785059205e-24
2.685351940812098e-22,9.029235692459282e-23,1.379105163401562e-23,1.987749157980612e-23,5.167172028794354e-23,3.48232185275188e-24,1.8499199568033921e-25,7.149229125369417e-23,2.7809785724253192e-24,4.950060543754132e-25,5.681897010181847e-25,4.705098615408188e-24,6.443210223174013e-24,2.678318179218098e-25,3.027973379844673e-24,5.6463216263971665e-25,9.254681981700487e-25,1.170938346284345e-24,1.677125235563515e-24,6.505213034913028e-25,8.718510126088515e-25,3.252606517456514e-25,1.4724397238595132e-24,1.4649434822763126e-24,3.33913093301854e-24,3.9252353808711535e-24,1.454779086909261e-25,3.851416459517942e-24,2.8197303297622033e-24,8.488540680908971e-25,4.082275289292101e-24,3.526854609953775e-24,2.4267493938835707e-25,6.101813593783167e-25,2.150913114610208e-24,4.0346932134800906e-24,9.97508350334027e-25,2.46480234903897e-24,1.5451786782049763e-24,2.1214363680457582e-24,2.7599827432452534e-24,1.4972789650377456e-24,3.34910474597246e-24,2.670726646428331e-24,1.9444488337169723e-24,3.635073656877352e-24,4.28597612519492e-24,2.128964373364481e-24,1.2040679224338287e-24,1.5386353486874367e-24
6.224187831804785e-22,1.7303866672868653e-22,4.917941054394249e-23,1.6097149654892287e-22,1.0408340855860844e-24,2.0686577451023428e-23,1.3823577699190183e-24,4.277177570455315e-24,3.773023560249556e-24,1.7234748784372702e-23,1.170938346284345e-24,1.0859640010157935e-23,7.59483621826096e-24,2.667137344314341e-24,1.4311468676808661e-24,3.642919299551295e-24,2.6834003769016237e-24,1.0713272716872392e-24,3.9031278209478162e-25,4.0657581468206423e-26,1.5856456772600504e-25,6.505213034913027e-26,1.3793084513089028e-24,1.4541184012104028e-23,9.410197230816376e-24,7.785926851161529e-24,1.0353453120878765e-23,1.217847030903288e-23,1.1554884653264265e-23,5.47759266330411e-24,8.382068639439107e-24,8.662097731801379e-24,7.58111428451544e-24,7.969902407305164e-24,5.773884788253664e-24,6.408397169041861e-24,5.827756083699038e-24,5.364767874729837e-24,6.52147606750031e-24,5.129970341750945e-24,4.382124952620124e-24,5.174947791250149e-24,4.435996248065497e-24,5.047892849162003e-24,4.661518770271954e-24,4.635853671970149e-24,4.600659453011733e-24,4.0878657067439795e-24,4.1666397708386296e-24,4.2408398570181064e-24
7.389922007661199e-23,5.932754287840681e-23,2.6541269182445153e-23,6.7914424084492e-23,1.5831655647904898e-22,3.056636974779759e-23,1.0367683274392637e-23,2.7267007011652636e-23,2.602085213965211e-24,7.318364664277156e-24,1.538482882756931e-23,1.697454026297618e-24,1.3833742094557235e-24,1.4311468676808661e-24,1.1231656880592024e-24,9.615518017230818e-25,5.529431079676073e-25,8.131516293641285e-26,1.9515639104739081e-25,1.3010426069826055e-25,3.252606517456514e-25,9.757819552369541e-26,2.9807089413878833e-25,2.1332524776599557e-24,8.721432389756543e-24,3.8207962184746985e-24,2.4799854146185037e-24,7.685807556796072e-24,2.4837970628811478e-24,8.111060447965094e-24,5.381412072143385e-24,5.343676754343205e-24,4.875479292748391e-24,3.286276077109872e-24,4.106860420586157e-24,7.377445212348143e-25,2.4369137892506223e-24,9.21402440023228e-25,3.1799310905820948e-24,9.45098186722667e-25,2.9861723038976734e-24,1.876855604526079e-24,4.837299282650903e-24,4.5887162884554475e-24,4.384062540486968e-24,4.205518583117602e-24,3.2150935458049887e-24,2.7407021557833773e-24,3.422288392615232e-24,1.7842643154793433e-24
0.0,8.847089727481717e-24,1.1631320906424492e-22,4.919892618304723e-22,2.9110828331235796e-24,7.999785729684295e-23,1.2937242423183283e-23,1.3530843112619098e-23,4.0942184538483865e-24,1.3010426069826055e-24,1.01237377855834e-24,4.553649124439119e-25,5.692061405548899e-26,1.2197274440461926e-24,3.1550283219328182e-24,5.204170427930422e-25,9.086969458144135e-25,9.351243737687477e-25,4.065758146820642e-25,6.394421125412165e-24,7.054090384733814e-25,6.916871047278618e-25,3.4137121840242815e-24,2.05829006182795e-24,1.823492528849058e-24,3.807582504497531e-24,8.617374392186351e-24,7.255345413001436e-24,6.712312590516704e-24,3.740751604959167e-24,9.526071338000765e-24,1.1406738590789488e-23,1.0453572415244224e-23,9.306774507956626e-24,8.443563231409768e-24,4.445652423664196e-24,4.381362622967594e-24,5.5845729245423284e-24,7.262714599642549e-24,3.251717132861897e-24,7.882615662090608e-24,5.942613751346721e-24,7.338947564895436e-24,5.312040073763257e-24,5.4349022027624935e-24,6.483867804642219e-24,5.4681905975895874e-24,5.865681983912349e-24,4.873636996088113e-24,5.0245147398177845e-24
4.0644571042136595e-22,1.6861512186494568e-22,5.2562121322097263e-23,5.462915276394087e-22,6.501147276766207e-23,4.7943420067309014e-23,5.4155898515650955e-24,7.59483621826096e-24,5.204170427930422e-25,3.033055577528199e-24,6.8345394448055e-24,6.1230317691118875e-24,1.790966463674493e-24,1.5612511283791265e-24,1.3010426069826055e-25,2.602085213965211e-25,4.0860869375547454e-25,0.0,5.204170427930422e-25,9.757819552369541e-26,2.2768245622195596e-25,1.9515639104739081e-25,2.861277295825027e-24,1.4511707265539577e-23,1.522931357845342e-23,6.889427179787578e-24,1.6310805245507712e-23,1.3967912113402316e-23,8.72359232377204e-24,1.625058120295793e-23,1.4825532972497295e-23,1.5414051464249582e-23,1.3444699861883336e-23,1.4415907839205115e-23,1.0787981022820221e-23,8.605431227630066e-24,9.617042676535876e-24,9.564441930511385e-24,8.965759043392045e-24,8.011830538194251e-24,5.226405042795847e-24,9.233972026140119e-24,8.430222462490514e-24,6.858552828860159e-24,6.70710333789109e-24,6.0401919468704166e-24,4.949425269043691e-24,3.062786433976825e-24,2.9548532606729457e-24,3.447953490917037e-24
2.7321894746634715e-24,1.935951399190117e-22,1.6731407925796307e-22,1.0733601507606495e-23,2.5370330836160806e-23,7.643625316022807e-24,1.2229800505636492e-23,5.8546917314217245e-24,2.602085213965211e-24,2.211772431870429e-24,1.8458541986565717e-24,2.1239520558991034e-23,5.781508084778953e-24,2.5606144808676405e-23,1.056690542358685e-23,1.7519351854650147e-23,4.4987613894570405e-23,3.710410884788518e-23,7.611099250848242e-24,2.5494336459638837e-23,2.1629833341085816e-23,4.309703635629881e-25,5.854691731421725e-25,5.549759870410177e-25,8.944667923005412e-25,8.395790573184625e-25,3.0737131589964056e-24,2.293087594806842e-24,6.061028957372872e-24,4.3666242496853695e-24,1.0723437112239444e-24,2.8541622190680907e-24,3.577867169202165e-24,4.93989614838708e-24,7.695971952163123e-24,5.931941136211317e-24,6.69477900850854e-24,4.9210920169580344e-24,4.608536859421198e-24,4.848924809851968e-24,6.229249700697576e-24,5.5512845297152345e-24,6.328860775294682e-24,4.8824673145632385e-24,3.824607866737343e-24,4.9071159733283385e-24,3.955220347203956e-24,4.688073253168377e-24,6.015035068336964e-24,5.679610021224261e-24
1.1761425167122754e-22,2.3522850334245507e-22,1.9496123465634343e-22,1.0330278299441888e-22,2.2898349882893858e-23,5.17814957579077e-23,4.1763467684141635e-23,1.0083080204115192e-23,2.982640176507623e-23,2.8622937353617322e-24,1.1611805267319754e-23,2.211772431870429e-24,5.204170427930422e-25,3.252606517456514e-26,7.8062556418956325e-25,5.204170427930422e-25,1.5612511283791265e-24,8.456776945386936e-25,1.805196617188365e-24,2.7647155398380367e-24,1.9515639104739081e-25,5.204170427930422e-25,8.814563662307152e-24,2.6297323693635914e-23,2.9777612667314383e-23,2.5398791143188552e-23,2.752111689582893e-23,2.3498049209549903e-23,2.0542243036811294e-23,2.0969147642227462e-23,2.04446648412876e-23,1.7149367863289467e-23,1.632605183855829e-23,1.4354159137350279e-23,1.3348900435548873e-23,1.3140530330524316e-23,1.2943341060403515e-23,1.2911831434765654e-23,1.1034467610471222e-23,1.1534555862530162e-23,9.62364953352446e-24,1.0075456907589903e-23,7.985149000355742e-24,9.162185983860317e-24,8.677344324851955e-24,7.199949458251005e-24,5.565514683229107e-24,4.019510147900557e-24,2.5172125126503302e-24,2.1060627200530925e-24
2.602085213965211e-22,1.124100812432971e-22,2.5604518505417674e-22,6.114900252818246e-23,2.5955800009302978e-23,4.325966668217163e-23,6.505213034913027e-26,1.5612511283791267e-23,4.2381462922458376e-23,2.602085213965211e-24,2.602085213965211e-25,0.0,3.122502256758253e-24,3.252606517456514e-25,1.3693473438491922e-23,7.15573433840433e-24,2.354887118638516e-23,2.526462112434347e-23,3.0493186101154815e-24,2.5915142427834772e-23,2.8899408907601127e-23,2.8216361538935254e-23,7.887570804832045e-24,1.9454652732536772e-23,1.6946079955948438e-23,1.805196617188365e-24,2.260561529632277e-24,1.5612511283791265e-24,1.626303258728257e-25,1.7889335846010826e-25,2.0166160408230384e-24,2.602085213965211e-25,9.757819552369541e-26,1.9515639104739081e-25,6.505213034913027e-26,6.505213034913027e-26,1.3213713977167088e-26,6.505213034913027e-26,3.252606517456514e-26,2.236166980751353e-25,4.8789097761847703e-26,1.7279472123987728e-26,1.057097118173367e-25,1.0062751413381089e-25,8.131516293641285e-26,7.521652571618188e-26,1.2197274440461926e-26,8.131516293641285e-26,9.15303802802997e-25,1.1993986533120894e-24
7.806255641895632e-23,1.0928757898653886e-23,1.2997415643756228e-22,1.1709383462843449e-23,2.6281060661048632e-23,8.391724815037805e-23,1.6978606021123e-23,8.847089727481717e-24,6.505213034913027e-26,4.1633363423443376e-24,5.204170427930422e-25,3.9031278209478162e-25,5.204170427930422e-25,2.797241605012602e-24,7.8062556418956325e-25,1.6913553890773873e-24,6.017322057294551e-25,1.273395451584225e-23,1.9808373691310168e-23,1.6563898690147295e-23,1.5677563414140396e-23,1.5531196120854852e-23,1.0908429107919783e-23,2.8069994245649716e-23,2.4114011568793228e-23,2.3581397251559725e-23,2.3520410879357416e-23,2.1670490922554022e-23,2.1568846968883507e-23,1.7864941297129903e-23,1.9731124286520577e-23,1.683427160691087e-23,1.336821278674627e-23,1.60129884612531e-23,1.4905069366244475e-23,1.2111893519378693e-23,1.2807138162485022e-23,1.1660594365081602e-23,1.2181011407874645e-23,1.2155600419457015e-23,1.1766304076898938e-23,1.0397160020957088e-23,1.1165588310706188e-23,8.954832318372464e-24,8.814563662307152e-24,8.564519536277682e-24,7.560277274012984e-24,9.198777807181703e-25,8.131516293641285e-26,2.4394548880923852e-26
4.7149784077049625e-22,1.0408340855860844e-24,2.8284666275801845e-22,4.6577325329977274e-23,1.8904149079457259e-22,1.830566948024526e-22,9.653736143810932e-23,5.204170427930422e-25,6.5052130349130275e-24,1.398620802506301e-24,7.8062556418956325e-25,1.0408340855860844e-24,0.0,0.0,2.602085213965211e-25,1.0245710529988018e-24,5.854691731421725e-25,9.757819552369542e-25,9.107298248878238e-25,2.4394548880923852e-26,1.310800426534975e-23,3.272935308190617e-23,3.184301780589927e-23,5.078131925378982e-23,2.8094388794530636e-23,2.4988149570359667e-23,2.025154132931362e-23,1.918631269484661e-23,7.78999260930835e-24,9.904186845655084e-24,7.639559557875987e-24,7.566375911233215e-24,6.505213034913027e-26,5.531463958749483e-24,1.0083080204115192e-24,8.151845084375387e-25,1.2359904766334752e-24,3.6185247506703713e-25,3.8218126580114037e-25,1.380324890845608e-24,7.115076756936124e-26,4.8789097761847703e-26,8.131516293641284e-27,1.1790698625779863e-25,4.065758146820642e-27,3.659182332138578e-26,1.4230153513872247e-26,1.626303258728257e-26,1.626303258728257e-26,1.7889335846010826e-25
3.8510861166685125e-23,8.118505867571458e-23,9.627715291671281e-23,1.7095699855751436e-22,7.637120102987894e-23,7.233796894823286e-23,1.3010426069826055e-23,1.8474805019152998e-23,1.3660947373317357e-24,6.960577947356939e-24,7.936359902593894e-23,8.50881864966624e-23,6.053100728986572e-23,4.4333026832932284e-23,5.2253123702938896e-23,6.238499300481594e-23,6.594659714143081e-23,6.272651668914886e-23,9.804982346872661e-23,4.4723339615027064e-23,3.5307043746990455e-23,3.355876774385758e-23,4.901678021806966e-23,4.77238691273807e-23,4.3503612170980874e-23,3.933214431234289e-23,4.3332850328814404e-23,3.599822263194997e-23,3.3099337073266845e-23,3.440851119654309e-23,3.1245351358316634e-23,2.6106233060735342e-23,2.8029336664181504e-23,2.3650515140055676e-23,2.3028454143592119e-23,2.17253786575361e-23,2.254869468226728e-23,2.132693435914768e-23,2.109315326570549e-23,2.0223081022285874e-23,1.6681805676405096e-23,1.4610301900599977e-23,1.2516436454987346e-23,1.4772932226472804e-23,1.3815446182896543e-23,1.3319423688984422e-23,1.2663820187809595e-23,3.741513934611696e-24,3.527045192366907e-24,3.631738464647539e-24
7.077671781985373e-23,1.1865508575681362e-22,2.3002433291452466e-22,1.457167719820518e-23,3.8250652645288603e-23,1.9021242914085691e-22,1.3010426069826055e-23,5.334274688628682e-24,2.602085213965211e-25,2.361392331673429e-23,1.3010426069826055e-24,4.74880551548651e-23,2.650874311727059e-23,4.1698415553792503e-23,2.852535915809363e-23,4.293440603042598e-23,3.19080699362484e-23,4.1015368185126636e-23,2.3142295371703096e-23,3.4087316302944265e-23,3.6884557907956864e-23,2.709421229041276e-23,1.2652639352905839e-23,3.185114932219291e-23,3.1249417116463454e-23,2.4435206462392058e-23,1.5929640419243275e-23,1.531164518092654e-23,1.0115606269289758e-23,1.0457129953622692e-23,6.3588457416274845e-24,4.228388472693468e-24,3.000529512353634e-24,3.9031278209478162e-25,2.602085213965211e-25,4.4723339615027066e-26,4.269046054161675e-25,9.757819552369541e-26,1.7889335846010826e-25,4.269046054161674e-26,2.4394548880923852e-26,2.114194236346734e-25,4.8789097761847703e-26,1.626303258728257e-26,8.131516293641284e-27,3.252606517456514e-26,1.4230153513872247e-26,5.285485590866835e-26,4.065758146820642e-27,8.944667923005413e-26
1.5092094240998224e-22,1.6809470482215263e-22,9.99200722162641e-23,2.2898349882893858e-23,1.0434361708000496e-22,1.9008232488015867e-22,2.0166160408230386e-22,1.0408340855860844e-24,1.5176662010452092e-22,2.0816681711721688e-24,4.68375338513738e-24,1.8214596497756476e-24,2.0816681711721688e-24,4.3389770942869896e-23,2.5988326074477544e-23,5.2822329843493785e-23,3.8706017557732515e-23,4.8219891621292815e-23,7.51026844880709e-23,5.319637959300128e-23,1.3660947373317357e-24,2.7321894746634715e-24,6.33445119274656e-23,5.0887028965607156e-23,5.474136768879313e-23,4.6195144064176135e-23,4.714653147053217e-23,4.191796649372082e-23,3.775463015137648e-23,3.7079714299004254e-23,3.8909305465073544e-23,3.296923281256859e-23,2.8281413669284386e-23,2.6561597973179253e-23,2.732189474663472e-23,2.5915142427834772e-23,2.3321188730163203e-23,2.4597836788264885e-23,2.393511821033312e-23,2.0113305552321716e-23,2.0930522939832666e-23,1.7326228342676167e-23,1.722255150993224e-23,1.6870863430232256e-23,1.6413465638714932e-23,1.6443958824816088e-23,1.5427519288110928e-23,6.675974877079494e-24,5.230597855884756e-24,5.933974015284727e-24
9.783840404509194e-23,1.3218592886943272e-22,3.278627369596166e-23,1.7173762412170393e-23,1.9021242914085691e-22,2.1545265571631946e-22,2.9559688030644797e-22,0.0,2.0816681711721688e-24,9.107298248878238e-25,7.8062556418956325e-25,2.602085213965211e-25,5.7245874707234644e-24,6.765421556309549e-24,3.773023560249556e-24,4.186104587966533e-23,2.5630539357557328e-23,3.3631951390500354e-23,2.4719809532669503e-24,2.3874131838130812e-23,2.367897544708342e-23,9.627715291671281e-24,3.252606517456514e-25,1.5287250632045615e-24,6.505213034913027e-26,3.9031278209478162e-25,1.170938346284345e-24,1.1384122811097798e-25,1.626303258728257e-26,2.602085213965211e-25,1.3010426069826055e-25,2.9273458657108624e-25,4.8789097761847703e-26,6.505213034913027e-26,1.7076184216646697e-25,1.9515639104739081e-25,1.626303258728257e-26,4.4723339615027066e-26,2.5614276324970045e-25,1.626303258728257e-26,1.1384122811097798e-25,6.505213034913027e-26,1.2197274440461926e-26,7.155734338404331e-25,2.9273458657108624e-25,1.488067481736355e-24,1.5612511283791265e-24,1.2420891138537063e-24,2.0735366548785277e-24,3.724234462487708e-24
1.2490009027033012e-23,9.471590178833368e-23,1.9775847626135603e-23,1.480586486746205e-22,3.3462815851592613e-22,3.049643870767227e-22,6.245004513516506e-24,2.542237254044011e-22,3.903127820947817e-24,1.4422057298402181e-22,5.568462357885551e-23,7.084176995020287e-23,4.007211229506425e-23,1.8019440106709087e-23,9.855397747893237e-24,5.139118297581292e-24,1.170938346284345e-24,3.9031278209478162e-25,3.5128150388530345e-24,1.4636729328554311e-24,1.3010426069826055e-25,0.0,2.0686577451023428e-23,4.2023676205538157e-23,4.290187996525142e-23,3.9909481969191424e-23,3.6681270000615834e-23,3.3631951390500354e-23,3.1981253582891173e-23,2.9761349634727103e-23,2.750891962138847e-23,2.4280707652812874e-23,2.1678622438847665e-23,2.3687106963377062e-23,2.102403537720954e-23,1.993034643571479e-23,2.031252770151593e-23,1.805196617188365e-23,1.59540349681242e-23,1.4587940230792464e-23,1.4827819961454883e-23,1.374632829440059e-23,1.3030754860560158e-23,1.2467647357225499e-23,1.1404451601831901e-23,1.2935209544109873e-23,1.1609772388246344e-23,1.7401444868392347e-24,5.915678103624034e-25,3.659182332138578e-25
9.783840404509194e-23,3.9551695252271205e-23,9.627715291671281e-23,2.4199392489876462e-23,2.3262641812848984e-22,7.598088824778416e-23,2.469378868052985e-22,3.122502256758253e-24,1.5612511283791265e-24,9.107298248878238e-24,2.602085213965211e-24,3.9031278209478162e-25,3.057450126409123e-24,3.9031278209478162e-25,5.3993268189778125e-24,1.3010426069826055e-25,2.8622937353617322e-24,1.4701781458903442e-23,4.228388472693468e-25,2.3256136599814074e-23,1.1758172560605298e-23,7.8062556418956325e-25,5.854691731421725e-25,3.252606517456514e-26,4.228388472693468e-25,9.107298248878238e-25,1.9515639104739081e-25,1.2359904766334752e-24,1.4474099002681485e-24,8.700722434196174e-24,1.0684812409844647e-23,9.099166732584597e-24,9.229270993282857e-24,1.2124090793819156e-23,1.0424603888448126e-23,1.0205052948519812e-23,9.700898938314052e-24,1.291284787430236e-23,1.0030225348206524e-23,9.428493142477069e-24,8.92840489041813e-24,1.2380233557068856e-23,1.0001765041178779e-23,9.985502008591498e-24,9.412230109889787e-24,8.843023969334897e-24,8.038003856264409e-24,7.714776083592169e-24,8.292113740440699e-24,1.0833212582203601e-23
4.996003610813205e-23,2.914335439641036e-23,1.9671764217576996e-22,2.700964452095889e-22,3.439956652862009e-22,7.353492814665686e-22,5.534635250104004e-22,5.755812493291047e-22,2.724383219021576e-22,2.71137279295175e-22,2.0959796398489773e-22,1.405126015541214e-22,1.286731138305797e-22,9.998512434661323e-23,6.225488874411767e-23,5.17814957579077e-23,1.170938346284345e-24,1.7011132086297567e-23,1.0408340855860844e-24,4.74880551548651e-24,1.1058862159352146e-24,3.9031278209478162e-25,6.505213034913027e-26,4.451192019139239e-23,3.646171906068752e-23,3.348558409721481e-23,3.6299088734814695e-23,3.046066003598025e-23,2.998090057465541e-23,3.081844675290047e-23,2.4435206462392058e-23,2.1792463666958643e-23,2.3524476637504236e-23,2.4784861663018634e-23,2.013363434305582e-23,1.849106805174028e-23,1.7417707900979632e-23,1.767385066422933e-23,1.6669608401964633e-23,1.4880674817363552e-23,1.5283184873898794e-23,1.3510514321884995e-23,1.2819335436925485e-23,1.2774612097310458e-23,1.3506448563738172e-23,9.948910185270112e-24,9.900121087508264e-24,1.7889335846010825e-24,3.3339216803929264e-25,2.6305455209929555e-24
1.0408340855860844e-23,1.3530843112619098e-23,1.342675970406049e-22,4.740999259844614e-22,4.740999259844614e-22,3.736594367254043e-22,2.7191790485936454e-22,2.604687299179176e-22,9.107298248878238e-25,3.6559297256211217e-23,4.1633363423443376e-24,4.1373154902046856e-23,5.7245874707234644e-24,0.0,6.505213034913028e-25,1.9515639104739081e-25,9.43255890062389e-25,2.602085213965211e-25,2.602085213965211e-25,1.9515639104739081e-25,5.529431079676073e-25,9.107298248878238e-25,1.3969944992475726e-23,2.5679328455319177e-23,2.914335439641036e-23,3.01353993842346e-23,3.063955339444036e-23,2.759836630061852e-23,2.3565134218972442e-23,3.1420178958629924e-23,2.693158196453993e-23,2.4353891299455646e-23,2.2190907965347065e-23,1.817393891628827e-23,2.1052495684237284e-23,1.9808373691310168e-23,2.1873778829895055e-23,2.2166513416466142e-23,1.931235119739805e-23,1.658829323902822e-23,1.8434147437684792e-23,1.886511780124778e-23,1.7629127324614304e-23,1.3136464572377494e-23,1.614105984287795e-23,1.4230153513872248e-23,1.3457659465976326e-23,1.3587763726674587e-23,1.2794940888044561e-23,1.3585730847601177e-23
1.457167719820518e-23,1.0304257447302235e-22,3.2265856653168615e-23,6.765421556309549e-23,8.461981115814866e-22,5.5424415057459e-22,2.537033083616081e-22,6.170845084918498e-22,2.0816681711721688e-24,4.631711680858075e-23,3.6481234699792256e-22,1.9008232488015867e-22,2.0556473190325168e-22,1.6477704617434698e-22,9.86190296092815e-23,8.964183562110152e-23,8.651933336434326e-23,1.2620113287731273e-23,5.594483210025204e-24,1.3010426069826055e-25,7.968885967768459e-24,5.854691731421725e-25,2.602085213965211e-25,5.306627533230303e-23,4.9488408163100857e-23,4.5373860918518364e-23,3.968179951296947e-23,3.1794228708137423e-23,3.423368359622981e-23,3.4672785476086434e-23,3.0476923068567536e-23,2.4671020434907657e-23,2.537846235245445e-23,2.5053201700708796e-23,1.8832591736073214e-23,1.7368918803217783e-23,2.1198862977522828e-23,1.8458541986565715e-23,1.6263032587282568e-23,1.8031637381149547e-23,1.7116841798114904e-23,1.4396849597891894e-23,1.2803072404338202e-23,1.2672968143639942e-23,1.3047017893147441e-23,9.778148343103645e-24,1.0327025692924431e-23,5.5416283541165355e-24,3.642919299551295e-24,4.8016603713951784e-24
6.03683769639929e-23,2.8102520310824276e-23,9.471590178833368e-23,1.3791051634015618e-22,6.135716934529967e-22,3.5804692544161304e-22,1.0408340855860844e-23,6.544244313122505e-22,1.0408340855860844e-24,2.248201624865942e-22,2.8948198005362974e-22,1.3348697147641533e-22,1.3179561608733793e-22,1.8474805019152998e-23,7.637120102987894e-23,2.0036056147532124e-23,1.8214596497756476e-24,2.602085213965211e-24,6.505213034913027e-26,3.9031278209478162e-25,1.3010426069826055e-24,1.6263032587282569e-24,4.7813315806610754e-24,5.594483210025204e-24,1.6815975695250177e-23,2.2898349882893858e-23,1.94993760721518e-23,1.5401091860156592e-23,2.455717920679668e-23,1.8247122562931042e-23,2.5093859282177005e-23,1.4579808714498824e-23,1.6685871434551916e-23,1.9214773001874354e-23,1.8190201948875553e-23,1.7832415231955337e-23,1.6051613163647895e-23,1.5230330017990125e-23,1.4522888100443335e-23,1.7019263602591207e-23,1.5974363758858304e-23,1.4014668332090752e-23,1.5104291515438684e-23,1.227858960339834e-23,1.355523766150002e-23,1.127028158298682e-23,1.0428669646594947e-23,1.2510337817767116e-23,1.4852214510335806e-23,1.5470209748652543e-23
1.60288449180257e-22,1.3530843112619098e-23,4.735795089416684e-23,4.204969705767781e-22,1.2521234049600595e-21,6.78103406759334e-22,5.219782939214213e-22,6.986598799496592e-22,3.0314292742694707e-22,2.5500435096859067e-23,3.1810491740724705e-22,2.2638141361497337e-22,1.9392040057075735e-22,1.0109101056254845e-22,6.218983661376854e-23,5.464378949326944e-23,9.36750677027476e-24,1.3921155894713877e-23,7.038640503775895e-23,2.34187669256869e-24,4.033232081646077e-24,8.456776945386936e-25,3.903127820947817e-24,5.8546917314217245e-24,2.070284048361071e-23,1.6750923564901045e-23,1.310800426534975e-23,1.910906329005702e-23,1.1530490104383341e-23,1.5027042110649092e-23,1.9954740984595712e-23,1.5921508902949635e-23,1.9629480332850062e-23,1.9044011159707887e-23,1.4287074127927737e-23,1.9011485094533324e-23,1.4604203263379747e-23,1.5018910594355452e-23,1.2075301696057307e-23,1.2750217548429533e-23,1.2140353826406437e-23,1.1701251946549807e-23,1.2424956896683883e-23,1.1249952792252716e-23,9.843200473452775e-24,1.0802719396102447e-23,6.675974877079494e-24,6.188083899461017e-24,5.781508084778953e-24,4.634964287375532e-24
2.685351940812098e-22,3.33066907387547e-23,1.540434446667405e-22,3.2474023470285833e-22,8.930356454328604e-22,6.981394629068661e-22,6.90072998743574e-22,6.541642227908541e-22,2.602085213965211e-24,4.251807239619155e-22,2.9468615048156014e-22,2.754307198982176e-22,1.7173762412170392e-22,1.7499023063916044e-22,9.549652735252325e-23,7.88431819831459e-23,2.673642557349254e-23,3.421742056364252e-23,4.267419750902946e-23,9.107298248878238e-24,6.960577947356939e-24,2.602085213965211e-24,1.8344700758454737e-23,2.107689023311821e-23,6.114900252818246e-24,1.728760364028137e-23,1.9905951886833863e-23,1.785680978083626e-23,2.210146128611701e-23,2.08979968746581e-23,1.8458541986565715e-23,1.8572383214676693e-23,1.601908709847333e-23,1.9605085783969136e-23,1.5970298000711484e-23,1.405939167170578e-23,1.7336392738043217e-23,1.291284787430236e-23,1.4986384529180886e-23,1.3782920117721977e-23,1.3067346683881544e-23,1.234364173374747e-23,1.2107827761231873e-23,1.0412406614007664e-23,1.013186930187704e-23,9.611452259083998e-24,9.737490761635438e-24,8.700722434196174e-24,8.050201130704872e-24,8.456776945386936e-24
3.9551695252271205e-23,3.747002708109904e-23,1.3530843112619098e-23,2.4980018054066024e-23,6.338679581219254e-22,7.782836874969946e-22,5.714179129867603e-22,3.4451608232899394e-22,1.3660947373317359e-22,4.241398898763294e-23,1.490994827602066e-22,6.492202608843201e-23,4.1633363423443376e-24,3.642919299551295e-24,3.2526065174565138e-24,3.9031278209478162e-25,1.3010426069826055e-25,1.5612511283791265e-24,3.3827107781547745e-24,4.553649124439119e-25,6.505213034913027e-26,1.9515639104739081e-25,9.757819552369541e-26,3.252606517456514e-25,2.4719809532669503e-24,8.456776945386936e-25,1.658829323902822e-23,1.614919135917159e-23,1.1254018550399538e-23,1.5287250632045614e-23,1.1010073061590299e-23,1.2213537473049209e-23,8.619407271259761e-24,1.5466143990505723e-23,1.3709736471079205e-23,1.1066993675645788e-23,1.323810852604801e-23,1.3628421308142793e-23,1.3262503074928934e-23,1.2181011407874645e-23,1.1758172560605298e-23,1.1636199816200679e-23,1.070107544243193e-23,1.2213537473049209e-23,1.0497787535090898e-23,9.001588537060902e-24,5.9400726525049585e-24,9.29838888177881e-24,1.06360233120828e-23,9.965173217857395e-24
1.665334536937735e-23,1.0408340855860844e-24,1.4883927423881007e-22,3.283831540024096e-22,6.968384202998835e-22,1.0090886459757089e-21,7.793245215825807e-22,7.527832524001355e-22,7.02563007770607e-23,4.357191690784746e-22,3.6351130439093997e-22,2.918238567461984e-22,1.7629127324614305e-22,1.585970937911796e-22,9.536642309182498e-23,6.9410623082522e-23,4.286935390007685e-23,6.114900252818246e-23,2.602085213965211e-25,2.9923979960599926e-24,2.4069288229178203e-24,1.0408340855860844e-24,2.787483785460232e-23,3.490046793230839e-23,5.278980377831922e-23,4.218630653141098e-23,4.064131843561914e-23,3.451015515021361e-23,3.348558409721481e-23,3.72260815922898e-23,2.870425251655373e-23,2.48173877281932e-23,2.3776553642607114e-23,2.1694885471434948e-23,1.8076360720764576e-23,2.3906657903305375e-23,2.0881733842070818e-23,2.1426545433744784e-23,1.881632870348593e-23,1.5059568175823658e-23,1.5848325256306863e-23,1.5563722186029418e-23,1.397807650876937e-23,1.4539151133030615e-23,1.5035173626942735e-23,1.4238285030165888e-23,1.064008907022962e-23,7.602967734554601e-24,3.35831622927385e-24,3.919390853535099e-24
2.664535259100376e-22,1.0408340855860844e-23,2.5708601913976285e-22,8.919948113472743e-22,6.245004513516506e-22,8.201772594418345e-22,1.998401444325282e-22,2.209170346656464e-22,1.2490009027033012e-23,7.28583859910259e-24,2.0816681711721688e-24,1.0408340855860844e-24,1.3010426069826055e-24,3.773023560249556e-24,2.0816681711721688e-24,4.969982758673553e-23,5.139118297581292e-23,3.2265856653168615e-23,4.3780083724964675e-23,5.776629175002768e-23,4.059252933785729e-23,1.0018028073766062e-23,3.5778671692021653e-25,9.757819552369541e-26,6.505213034913028e-25,2.602085213965211e-25,7.8062556418956325e-25,2.9273458657108624e-25,4.553649124439119e-25,9.757819552369542e-25,3.252606517456514e-26,1.7889335846010826e-25,1.4961989980299963e-24,1.5612511283791265e-24,3.2526065174565138e-24,8.912141857830847e-24,7.903833837419328e-24,7.041893110293352e-24,1.0879968800892038e-23,1.057097118173367e-23,1.1132045805994918e-23,1.0920626382360244e-23,1.1693120430256167e-23,9.798477133837748e-24,9.765951068663182e-24,9.408164351742966e-24,8.802366387866691e-24,1.0871837284598397e-23,9.916384120095546e-24,1.1595542234732471e-23
9.159339953157543e-23,2.0816681711721688e-24,4.5796699765787716e-23,8.056055822436293e-22,1.380145997487148e-21,1.207367539279858e-21,6.094083571106524e-22,4.793040964123919e-22,3.0158167629856796e-22,3.2474023470285833e-22,1.7668158602823782e-22,8.170547571850763e-23,1.2854300956988143e-22,9.237402509576499e-24,3.5388358909926867e-23,2.0816681711721688e-24,2.9923979960599926e-24,0.0,2.602085213965211e-25,5.204170427930422e-25,9.107298248878238e-25,3.9031278209478162e-25,7.806255641895634e-24,5.695314012066355e-23,5.83192348579953e-23,5.285485590866835e-23,4.781331580661075e-23,4.651227319962815e-23,4.3129562421473374e-23,3.930774976346197e-23,3.6559297256211217e-23,2.7012897127476344e-23,3.171291354520101e-23,2.824888760410982e-23,2.426444462022559e-23,2.6378638856572326e-23,2.1044364167943644e-23,2.2068935220942444e-23,2.2939007464362064e-23,2.0613393804380656e-23,2.0353185282984134e-23,1.7710442487550716e-23,1.8214596497756476e-23,1.7190025444757676e-23,1.2872190292834153e-23,1.5563722186029418e-23,1.710871028182126e-23,2.0816681711721688e-24,9.757819552369541e-26,6.993104012531505e-25
1.2490009027033012e-23,1.3114509478384663e-22,1.665334536937735e-23,1.3161347012236037e-21,1.355165979433082e-21,1.1017228795928704e-21,5.594483210025203e-22,6.03683769639929e-23,2.919539610068967e-22,6.03683769639929e-23,1.3010426069826055e-24,4.163336342344338e-23,1.5612511283791265e-24,1.5612511283791265e-24,1.0408340855860844e-24,7.8062556418956325e-25,6.505213034913028e-25,1.6913553890773873e-24,0.0,2.7321894746634715e-24,1.2685165418080403e-24,4.937456693498988e-23,4.586175189613684e-24,7.783487396273437e-23,6.947567521287113e-23,5.03828749554014e-23,3.857591329703425e-23,2.9793875699901663e-23,3.0607027329265794e-23,1.7612864292027022e-23,1.2294852635985622e-23,1.658829323902822e-24,7.334627696864438e-24,8.29414661951411e-25,3.252606517456514e-25,1.3010426069826055e-25,1.3010426069826055e-24,8.782037597132586e-25,2.9273458657108624e-25,0.0,9.757819552369541e-26,1.2197274440461927e-25,1.2197274440461927e-25,0.0,1.626303258728257e-26,8.944667923005413e-26,7.318364664277156e-26,1.626303258728257e-25,8.131516293641284e-27,6.765421556309549e-24
1.7486012637846217e-22,4.80865347540771e-22,9.586081928247838e-22,7.618905506490138e-22,1.3244613739082923e-21,1.2609704946875412e-21,7.863501516602868e-22,3.81986109410093e-22,4.033232081646077e-22,1.1761425167122754e-22,5.7245874707234644e-24,5.67254576644416e-23,2.602085213965211e-24,8.326672684688675e-24,1.4311468676808661e-24,7.8062556418956325e-25,1.0408340855860844e-24,3.9031278209478162e-25,5.204170427930422e-25,6.505213034913027e-26,1.6913553890773873e-24,1.5612511283791265e-24,3.903127820947816e-23,3.102986617653514e-23,3.343679499945296e-23,2.153225514556212e-23,4.052747720750816e-23,3.506309825818122e-23,3.2835062793723504e-23,3.37783186837859e-23,3.4152368433293397e-23,2.7647155398380365e-23,3.098107707877329e-23,2.564680239014461e-23,2.704542319265091e-23,2.0654051385848862e-23,2.0182423440817668e-23,2.343502995827418e-23,1.9523770621032724e-23,2.317482143687766e-23,1.666147688567099e-23,1.906027419229517e-23,1.513275182246643e-23,1.7173762412170393e-23,1.4693649942609802e-23,1.4791228138133497e-23,1.5669431897846756e-23,1.9515639104739081e-25,6.505213034913027e-26,1.626303258728257e-26
8.326672684688675e-24,1.7798262863522043e-22,3.018418848199645e-22,1.516495262698925e-21,1.3020834410681916e-21,6.135716934529967e-22,5.526828994462108e-22,1.0408340855860844e-24,1.6705387073656654e-22,9.36750677027476e-24,6.765421556309549e-24,4.1633363423443376e-24,2.602085213965211e-24,1.5612511283791265e-24,2.602085213965211e-25,3.9031278209478162e-25,2.602085213965211e-25,1.8214596497756476e-24,2.602085213965211e-25,1.3010426069826055e-25,3.9031278209478162e-25,3.642919299551295e-24,5.633514488234682e-23,1.1891529427821015e-22,1.1576026595627733e-22,8.21933666961261e-23,7.897328624384416e-23,6.508465641430484e-23,5.701819225101268e-23,4.560154337474032e-23,3.8348230840812295e-23,3.460773334573731e-23,3.359942532532579e-23,2.0995575070181795e-23,1.1937065919065406e-23,1.671839749972648e-23,1.1319070680748668e-23,1.1091388224526713e-23,5.602614726318845e-24,1.6913553890773873e-24,3.252606517456514e-25,1.544988095791844e-24,2.4394548880923855e-25,1.4636729328554311e-24,8.131516293641285e-26,3.252606517456514e-26,0.0,6.505213034913027e-26,8.131516293641284e-27,9.391901319155683e-25
4.1633363423443376e-24,9.36750677027476e-24,4.267419750902946e-23,8.38912272982384e-22,9.164544123585474e-22,1.2297454721199586e-21,4.662936703425658e-22,7.855695260960972e-22,1.0408340855860844e-24,3.6689401516909473e-22,1.1110903863631451e-22,1.1995612836379623e-22,9.06826697066876e-23,8.586881206085197e-24,8.066464163292154e-24,1.3010426069826055e-24,2.602085213965211e-25,5.204170427930422e-25,1.170938346284345e-24,1.3010426069826055e-25,2.602085213965211e-25,2.2768245622195596e-24,1.0385572610238648e-22,8.720238073300913e-23,7.536289300946743e-23,8.167294965333307e-23,6.739400704169896e-23,5.991301205154899e-23,5.984795992119985e-23,5.627009275199768e-23,5.513168047088791e-23,5.0805713802670744e-23,4.449565715880511e-23,3.6299088734814695e-23,4.273924963937859e-23,3.452641818280089e-23,3.29326409892472e-23,2.730563171404743e-23,3.1046129209122425e-23,2.8590411288442753e-23,2.3508213604916953e-23,2.4166866424701896e-23,2.1816858215839566e-23,2.6232271563286783e-23,2.49556235051851e-23,1.9727058528373757e-23,2.12720466241656e-23,3.9031278209478162e-25,1.2197274440461927e-25,1.626303258728257e-26
3.3931191190106353e-22,8.326672684688675e-24,2.393918396847994e-23,7.077671781985374e-22,1.2250617187348214e-21,8.9980106698917e-22,8.311060173404884e-22,1.652324110867909e-22,5.248405876567831e-22,1.5612511283791265e-24,1.0408340855860844e-24,0.0,0.0,5.204170427930422e-25,1.0408340855860844e-24,5.204170427930422e-25,4.553649124439119e-25,3.9031278209478162e-25,1.4961989980299963e-24,9.43255890062389e-24,3.7079714299004254e-23,3.343679499945296e-23,9.689514815502954e-23,9.829376895753585e-23,7.52978408791183e-23,7.962380754733545e-23,6.843484112728505e-23,3.912885640500186e-23,4.3324718812520764e-23,4.3162088486647934e-23,2.4654757402320374e-23,2.1662359406260382e-23,2.1792463666958644e-24,1.6978606021123e-23,9.725293487194976e-24,4.7813315806610754e-24,4.1633363423443376e-24,2.374402757743255e-24,1.1872013788716276e-24,1.3010426069826055e-25,4.228388472693468e-25,7.8062556418956325e-25,0.0,2.602085213965211e-25,2.520770051028798e-25,1.9515639104739081e-25,6.505213034913027e-26,9.757819552369541e-26,1.3823577699190182e-25,2.602085213965211e-25
8.118505867571458e-23,1.124100812432971e-22,2.9767854847762014e-22,1.1147333056626964e-21,7.389922007661199e-22,7.40033034851706e-22,2.602085213965211e-24,4.616099169574284e-22,2.34187669256869e-24,1.3270634591222577e-22,2.0816681711721688e-24,7.806255641895634e-24,2.602085213965211e-24,5.204170427930422e-25,7.8062556418956325e-25,5.204170427930422e-25,5.204170427930422e-25,1.0408340855860844e-24,3.6299088734814695e-23,2.0816681711721688e-24,1.8214596497756476e-24,1.0798653637955625e-23,8.544597321358262e-23,9.965986369486758e-23,1.2285094816433253e-22,1.0453877347105235e-22,1.0948273537758625e-22,9.374011983309672e-23,8.92840489041813e-23,8.385219602002893e-23,7.520026268359459e-23,6.815836957330125e-23,7.010993348377516e-23,6.365350954662398e-23,5.342406204922323e-23,5.62538297194104e-23,5.186281092084411e-23,4.92607257068789e-23,4.667490352550097e-23,4.410534437671033e-23,4.265793447644218e-23,4.0307926267579844e-23,3.887677939989898e-23,3.8982489111716316e-23,3.1412047442336284e-23,3.0696474008495845e-23,2.8208230022641614e-23,6.846736719245961e-24,2.114194236346734e-25,4.228388472693468e-25
1.9567680809018387e-22,2.0816681711721688e-24,4.225786387479503e-22,1.134509153288832e-22,6.432354648922002e-22,9.341485918135107e-22,9.679756995950586e-22,2.581268532253489e-22,5.300447580847135e-22,0.0,6.245004513516506e-24,1.5612511283791265e-24,2.0816681711721688e-24,3.9031278209478162e-25,2.0816681711721688e-24,2.602085213965211e-25,6.505213034913028e-25,6.505213034913028e-25,3.903127820947817e-24,1.3010426069826055e-24,0.0,1.5612511283791265e-24,8.554355140910631e-23,5.470884162361856e-23,5.305001229971573e-23,5.360295540768335e-23,4.0364846881635336e-23,1.678344963007561e-23,2.4524653141622113e-23,2.488243985854233e-23,1.8214596497756476e-23,6.505213034913027e-26,1.3010426069826055e-25,1.626303258728257e-26,2.9273458657108624e-25,6.505213034913027e-26,2.9273458657108624e-25,2.602085213965211e-25,5.529431079676073e-25,9.757819552369541e-26,1.1384122811097798e-25,1.626303258728257e-26,6.505213034913027e-26,9.757819552369541e-26,3.252606517456514e-26,1.3010426069826055e-25,3.089976191583688e-25,4.8789097761847703e-26,3.8218126580114037e-25,1.3823577699190182e-25
4.1633363423443376e-24,2.414735078559716e-22,3.6116942769837127e-22,1.506086921843064e-21,1.2229800505636492e-21,5.703770789011742e-22,4.912736883966319e-22,6.619704784327497e-22,5.204170427930422e-24,3.117298086330323e-22,3.3462815851592613e-22,1.9879931034694213e-22,1.570358426628005e-22,1.5612511283791267e-23,6.89552581700781e-24,1.8214596497756476e-23,2.602085213965211e-24,4.423544863740858e-24,3.122502256758253e-24,2.602085213965211e-25,4.423544863740858e-24,5.659535340374334e-24,9.595189226496716e-23,1.007657499108028e-22,8.411240454142544e-23,8.245357521752262e-23,6.313309250383094e-23,6.349087922075114e-23,7.298849025172417e-23,6.9410623082522e-23,6.014069450777094e-23,5.766871355450399e-23,5.553825628556998e-23,4.5926804026485973e-23,5.127734174770194e-23,3.665687545173491e-23,4.042989901198447e-23,3.831570477563773e-23,2.971256053696525e-23,3.921017156793827e-23,3.285132582631079e-23,3.037934487304384e-23,3.054197519891666e-23,2.9411694434100524e-23,2.7907363919776887e-23,2.4727941048963145e-23,2.292274443177478e-23,2.2686930459259184e-24,3.3827107781547745e-24,1.4636729328554312e-25
4.996003610813205e-23,4.1633363423443376e-24,1.4363510381087964e-22,1.0449974219284288e-21,1.3343492977213601e-21,9.50281520140095e-22,1.1256620635613503e-21,7.873909857458729e-22,7.041242588989861e-22,4.574465806150841e-22,3.6715422369049126e-22,1.6835491334354915e-22,1.2958384365546751e-22,2.34187669256869e-24,7.676151381197372e-23,1.3010426069826055e-24,0.0,1.5612511283791265e-24,7.8062556418956325e-25,3.9031278209478162e-25,1.170938346284345e-24,1.3010426069826055e-25,3.812054838459034e-23,5.431852884152378e-23,9.172350379227369e-24,2.1987620058006032e-23,5.984795992119985e-24,4.553649124439119e-25,6.505213034913027e-26,5.204170427930422e-25,4.553649124439119e-25,3.252606517456514e-26,1.9515639104739081e-25,2.602085213965211e-25,0.0,9.757819552369541e-26,5.854691731421725e-25,3.252606517456514e-25,3.252606517456514e-26,1.2034644114589102e-24,4.8789097761847703e-26,0.0,1.9190378452993432e-24,5.147249813874933e-24,2.9923979960599926e-24,2.5858221813779285e-24,7.155734338404331e-25,1.544988095791844e-25,8.29414661951411e-25,5.976664475826344e-24
3.9759862069388426e-22,5.412337245047639e-23,5.4643789493269435e-22,1.5976803213746396e-21,1.77566295000986e-21,1.0387524174149121e-21,1.145958328230279e-21,9.36750677027476e-22,7.660538869913581e-22,4.355890648177763e-22,5.727189555937429e-22,3.931750758301434e-22,2.3236620960709336e-22,2.384811098599116e-22,1.6926564316843698e-22,1.5560469579511962e-22,8.404735241107631e-23,1.0135121908394497e-22,6.329572282970376e-23,1.0148132334464323e-23,4.68375338513738e-24,4.3324718812520764e-23,6.440160904563897e-24,4.5796699765787716e-23,4.10478942503012e-23,2.667137344314341e-23,4.96347754563864e-23,4.566659550508945e-23,3.662434938656034e-23,4.17959937493162e-23,4.153578522791968e-23,3.0932287981011447e-23,3.7339922820400775e-23,3.600635414824361e-23,2.8769304646902863e-23,3.158280928450275e-23,2.589074787895385e-23,3.2347171816105026e-23,3.478662670419741e-23,2.675268860607982e-23,2.3012191111004836e-23,2.3890394870718092e-23,2.3565134218972442e-23,2.792362695236417e-23,2.254869468226728e-23,2.2865823817719292e-23,2.1637964857379456e-23,4.878909776184771e-25,2.602085213965211e-25,6.505213034913027e-26
6.245004513516507e-23,1.665334536937735e-23,1.0200174038743627e-22,8.472389456670727e-22,1.6830287163926985e-21,1.3837889167866993e-21,1.823020900904027e-21,1.282307593442056e-21,3.9759862069388426e-22,6.630113125183358e-22,3.5830713396300956e-22,4.178948853628129e-22,2.737393645091402e-22,1.7876325419941e-22,1.2919353087337272e-22,1.0304257447302235e-22,4.423544863740858e-24,2.9923979960599926e-24,6.557254739192332e-23,2.602085213965211e-24,9.36750677027476e-24,1.0148132334464323e-23,2.2768245622195597e-23,1.6132928326584307e-23,2.4069288229178203e-24,3.5128150388530345e-24,1.4311468676808661e-24,3.9031278209478162e-25,6.505213034913027e-26,2.602085213965211e-25,3.252606517456514e-26,6.505213034913027e-26,6.505213034913027e-26,6.505213034913027e-26,5.854691731421725e-25,6.179952383167376e-25,2.2768245622195596e-25,1.626303258728257e-26,4.8789097761847703e-26,4.391018798566293e-25,1.9515639104739081e-25,8.131516293641285e-26,1.1384122811097798e-25,3.252606517456514e-25,6.505213034913027e-26,2.2768245622195596e-25,3.065581642702764e-24,3.0737131589964056e-24,2.569559148790646e-24,1.1302807648161385e-24
7.910339050454241e-23,2.414735078559716e-22,1.3031242751537776e-21,1.9203388879063257e-21,1.5071277559286501e-21,1.1652137588136215e-21,1.2006021177235483e-21,1.2349496425478892e-21,7.509617927503599e-22,1.1449174941446929e-23,6.7888403232352355e-22,4.894522287468562e-22,4.298644773470528e-22,2.942958376994654e-22,1.7173762412170392e-22,2.3340704369267943e-22,1.1397133237167625e-22,1.7043658151472133e-23,5.997806418189812e-23,3.9031278209478162e-25,4.423544863740858e-24,1.9515639104739081e-25,8.625912484294675e-23,1.0109101056254845e-22,8.703975040713631e-23,9.523631883112672e-23,8.020927672047763e-23,6.947567521287113e-23,4.8301206784229227e-23,5.984795992119985e-23,5.718082257688551e-23,5.402579425495269e-23,4.797594613248358e-23,5.03828749554014e-23,4.256035628091848e-23,4.1194261543586746e-23,2.532154173839896e-23,3.6965873070893276e-23,3.3209112543231e-23,2.740320990957113e-23,3.5388358909926867e-23,3.1680387480026446e-23,2.2882086850306575e-23,2.906203923347395e-23,2.284142926883837e-23,2.349195057232967e-23,2.6606321312794285e-23,1.8458541986565715e-23,1.310800426534975e-23,1.2181011407874645e-23
1.2490009027033014e-22,2.0400348077487254e-22,7.379513666805338e-22,1.3978401769421113e-21,1.3041651092393637e-21,1.2516029879172666e-21,9.61730695081542e-22,9.096889908022377e-22,2.7061686225238196e-23,3.8693007131662687e-22,1.5560469579511962e-22,1.813653394133752e-22,9.731798700229889e-23,5.802650027142421e-23,7.806255641895634e-24,5.7245874707234644e-24,2.602085213965211e-24,6.505213034913028e-25,3.122502256758253e-24,3.122502256758253e-24,3.903127820947817e-24,1.5612511283791265e-24,2.602085213965211e-25,5.204170427930422e-25,3.9031278209478162e-25,2.8622937353617322e-24,2.4524653141622113e-23,1.9580691235088213e-23,2.48173877281932e-23,2.62160085306995e-23,3.236343484869231e-23,1.619798045693344e-23,2.693158196453993e-23,3.506309825818122e-23,2.6817740736428955e-23,2.815130940858613e-23,2.6362375823985043e-23,3.101360314394786e-23,2.3874131838130812e-23,2.2166513416466142e-23,2.5289015673224394e-23,2.7907363919776887e-23,2.6703899508317977e-23,2.424818158763831e-23,2.2264091611989837e-23,2.197135702541875e-23,2.0328790734103211e-23,2.1190731461229188e-23,2.1890041862482338e-23,2.785857482201504e-23
1.665334536937735e-23,4.1633363423443376e-24,1.3843093338294923e-22,1.2052858711086857e-21,1.6871920527350428e-21,7.941564073021824e-22,1.4696577288475511e-21,1.2745013378001604e-21,8.576472865229336e-22,6.099287741534454e-22,5.05324948552044e-22,3.442558738075974e-22,2.1389140458794034e-22,1.493596912816031e-22,1.4493614641786225e-22,8.118505867571458e-23,2.367897544708342e-23,2.0816681711721688e-24,5.568462357885551e-23,3.773023560249556e-24,7.8062556418956325e-25,2.602085213965211e-25,2.602085213965211e-25,0.0,4.553649124439119e-25,6.505213034913028e-25,5.204170427930422e-25,0.0,3.252606517456514e-26,2.5370330836160807e-24,3.057450126409123e-24,3.252606517456514e-25,5.204170427930422e-25,4.878909776184771e-25,8.749511531958022e-24,9.107298248878238e-25,8.782037597132588e-24,3.252606517456514e-26,1.4376520807157791e-23,1.5287250632045614e-23,1.2262326570811056e-23,1.0099343236702475e-23,1.5010779078061812e-23,1.304295213500062e-23,6.570265165262158e-24,3.057450126409123e-24,4.3259666682171635e-24,1.9515639104739084e-24,2.602085213965211e-25,8.55435514091063e-24
2.7061686225238196e-23,9.159339953157543e-23,4.704570066849101e-22,1.4165751904826609e-21,1.5133727604421666e-21,1.3988810110276974e-21,1.169897512198759e-21,1.1751016826266893e-21,3.5700609135602693e-22,7.89472653917045e-22,6.122706508460141e-22,3.986394547794703e-22,3.307250306949783e-22,2.4980018054066027e-22,1.7225804116449697e-22,9.653736143810932e-23,5.204170427930422e-25,1.1188966420050407e-23,7.546047120499112e-24,9.107298248878238e-25,2.602085213965211e-25,1.3010426069826055e-25,4.553649124439119e-25,9.107298248878238e-25,1.170938346284345e-24,2.5370330836160807e-24,7.936359902593893e-24,1.7694179454963433e-23,1.639313684798083e-23,1.9353008778866257e-23,2.728936868146015e-23,1.310800426534975e-23,9.887923813067801e-24,1.7499023063916044e-23,1.5840193740013223e-23,2.2573089231148204e-23,2.2898349882893858e-23,1.34332649170954e-23,1.993847795200843e-23,1.6295558652457134e-23,1.683223872783746e-23,2.16460963736731e-23,2.063778835326158e-23,1.608413922882246e-23,1.444157293750692e-23,1.689729085818659e-23,1.4840017235895343e-23,1.779175765048713e-23,1.6132928326584307e-23,1.5669431897846756e-23
6.245004513516507e-23,3.809452753245069e-22,8.326672684688675e-23,7.223388553967425e-22,1.5591694602079545e-21,1.0897532876086304e-21,1.4530043834781738e-21,1.2760625889285395e-21,1.0590486820838408e-21,6.078471059822733e-22,5.963979310408264e-22,3.8302694349567905e-22,3.3358732443034003e-22,2.8206603719382887e-22,1.5352302762394744e-22,8.769027171062761e-23,2.2638141361497336e-23,2.2377932840100815e-23,5.204170427930422e-25,0.0,1.5612511283791265e-24,1.6913553890773873e-24,4.2023676205538157e-23,3.278627369596166e-23,6.114900252818246e-24,4.098284211995207e-24,1.3010426069826055e-25,1.9515639104739081e-25,2.602085213965211e-25,6.505213034913027e-26,3.252606517456514e-25,2.602085213965211e-25,1.3010426069826055e-25,9.757819552369541e-26,3.252606517456514e-26,3.252606517456514e-25,6.505213034913027e-26,3.252606517456514e-26,7.968885967768458e-25,3.5778671692021653e-25,3.398973810742057e-24,3.3827107781547745e-24,6.45642393715118e-24,5.3180116560414e-24,8.131516293641284e-25,3.8380756905986864e-24,2.3256136599814073e-24,1.0327025692924431e-24,4.838252194716564e-24,1.2514403575913936e-23
7.910339050454241e-23,6.453171330633723e-23,2.6229018956769326e-22,2.1233015345956122e-22,8.6389229103645e-22,1.2708584185006091e-21,1.3572476476042541e-21,9.98680305119848e-22,7.176551020116052e-22,6.7914424084492e-22,3.2994440513078874e-22,3.9499653547991903e-22,2.4095309081317853e-22,2.8492833092919063e-22,1.8474805019152998e-22,9.86190296092815e-23,1.134509153288832e-22,1.0954778750793537e-22,3.6949610038305996e-23,7.702172233337025e-23,1.0408340855860844e-23,2.34187669256869e-24,1.3010426069826055e-25,7.8062556418956325e-25,2.0816681711721688e-24,1.9515639104739081e-25,1.3660947373317357e-24,1.7694179454963433e-23,1.0018028073766062e-23,9.562663161322151e-24,6.3100566438656364e-24,1.5222198501696485e-23,1.6555767173853655e-23,2.6411164921746892e-23,1.5417354892743875e-23,2.0881733842070818e-23,1.1058862159352147e-23,1.317305639569888e-23,2.69641080297145e-23,1.6994869053710284e-23,2.1759937601784077e-23,9.562663161322151e-24,2.0101108277881256e-23,2.044263196221419e-23,2.177620063437136e-23,2.109315326570549e-23,1.8881380833835063e-23,1.3254371558635294e-23,6.602791230436723e-24,9.204876444401935e-24
8.743006318923109e-23,3.934352843515399e-22,8.951173136040326e-23,2.248201624865942e-22,1.4020035132844557e-21,1.3624518180321845e-21,1.245878400446543e-21,1.3124917819240524e-21,8.795048023202413e-22,9.383119281558551e-22,4.525026187085502e-22,2.46677678283902e-22,3.486794186713383e-23,2.2846308178614555e-22,1.3400738851920836e-22,5.230191280070074e-23,7.8062556418956325e-25,2.211772431870429e-24,3.903127820947817e-24,1.3010426069826055e-24,2.0816681711721688e-24,2.602085213965211e-25,2.0816681711721688e-24,5.204170427930422e-25,9.107298248878238e-25,9.107298248878238e-25,2.0166160408230384e-24,7.8062556418956325e-25,2.602085213965211e-25,8.456776945386936e-25,4.098284211995207e-24,2.602085213965211e-25,3.9031278209478162e-25,6.505213034913028e-25,2.602085213965211e-25,1.9515639104739081e-25,2.602085213965211e-25,9.757819552369542e-25,1.9515639104739081e-25,1.3010426069826055e-25,7.8062556418956325e-25,6.505213034913027e-26,2.2768245622195596e-25,9.757819552369541e-26,3.707971429900426e-24,1.1546753136970624e-24,3.1875543871073834e-24,8.131516293641285e-26,5.513168047088791e-24,6.293793611278354e-24
1.8318679906315086e-22,2.081668171172169e-23,7.056855100273653e-22,1.1740608485411032e-21,1.3655743202889426e-21,1.7173762412170394e-21,1.0798653637955626e-21,8.597289546941056e-22,5.901529265273098e-22,4.756611771128406e-22,3.3488836703732266e-22,1.8656950984130562e-22,2.0764640007442383e-22,2.0296264668928645e-22,3.642919299551295e-23,4.3715031594615543e-23,5.490399801466595e-23,5.204170427930422e-25,7.8062556418956325e-25,2.602085213965211e-25,6.5052130349130275e-24,5.204170427930422e-24,1.6432168126190307e-22,1.2470493387928273e-22,1.32836450172924e-22,1.2925858300372187e-22,1.2112706671008056e-22,1.0655538951187538e-22,9.686262208985498e-23,8.554355140910631e-23,8.212831456577698e-23,6.915041456112548e-23,6.44666611759881e-23,6.879262784420527e-23,7.019124864671157e-23,5.337527295146139e-23,5.591230603507748e-23,5.441610703704748e-23,5.321264262558857e-23,4.628459074340619e-23,4.5243756657820107e-23,4.373129462720283e-23,3.976311467590588e-23,3.7974181091304796e-23,3.298143008700905e-23,2.3337451762750486e-23,2.2003883090593315e-23,1.0733601507606496e-24,2.2768245622195596e-25,1.3010426069826055e-25
